customer_id;reference_date;region;plan_type;contract_type;internet_tech;tenure_months;has_autopay;monthly_charges;total_charges;avg_data_gb;n_support_calls;n_complaints;late_payment;churned
53411;16/04/2024;Southeast;postpaid;annual;fiber;27;1;145,93;4153,71;10.01;0;0;0;0
69734;2024-11-18;Northeast;postpaid;monthly;FIBRE;26;1;110,79;3136,16;7.19;0;0;0;0
64474;2024-09-03;Northeast;prepaid;monthly;fiber;71;0;58,14;3987,54;13.09;1;1;0;0
50584;07/04/2024;North;postpaid;monthly;cable;53;0;56,23;3189,23;7.15;0;0;0;0
58368;02/01/2024;North;prepaid;monthly;fiber;61;0;75,18;4235,27;12.64;0;0;0;0
19021;2024-04-29;Center-West;postpaid;annual;fiber;56;1;75,45;4162,66;16.9;0;0;0;0
88199;2024-04-02;Southeast;postpaid;monthly;fiber;34;1;50,5;1853,19;20.84;1;0;1;0
48839;2024-08-25;Northeast;prepaid;monthly;cable;57;1;155,2;8993,45;18.73;2;2;0;0
23017;22/05/2024;South;prepaid;annual;fiber;46;0;72,39;3022,74;15.33;1;1;0;0
41194;12/01/2024;Southeast;postpaid;monthly;fiber;53;1;150,34;7756,11;11.98;1;1;0;0
60978;2024-08-26;North;prepaid;monthly;fiber;22;1;176,02;4042,31;8.31;0;1;0;0
72718;2024-02-12;Center-West;postpaid;annual;fiber;17;1;79,79;1308,88;13.08;0;0;0;0
75710;13/02/2024;Northeast;postpaid;annual;cable;13;0;175,53;;23.88;1;1;0;1
82522;2024-07-21;Northeast;postpaid;monthly;dsl;21;1;58,68;1306,61;9.12;1;0;0;0
57595;2024-04-25;Northeast;prepaid;annual;fiber;70;0;127,12;8447,62;26.96;0;0;0;1
87116;2024-02-20;Northeast;postpaid;annual;cable;67;0;178,68;11262,29;13.4;1;0;0;0
89855;2024-08-25;North;postpaid;annual;fiber;11;0;151,26;1728,48;21.43;3;1;0;0
28941;08/11/2024;Southeast;prepaid;monthly;cable;40;1;64,46;2677,65;7.52;3;0;1;0
31697;27/02/2024;Center-West;prepaid;annual;fiber;67;0;68,6;4138,01;6.96;1;0;1;0
51242;2024-11-14;North;prepaid;annual;fiber;54;1;69,36;3791,94;4.46;1;1;1;0
56682;2024-01-26;North;prepaid;monthly;cable;44;1;171,45;6884,95;23.73;1;1;0;1
78357;2024-07-06;South;postpaid;annual;cable;43;1;66,81;3108,25;13.36;2;1;0;0
65264;2024-09-19;Southeast;postpaid;annual;dsl;24;0;106,44;2676,31;16.77;0;1;0;0
89234;2024-02-03;Center-West;postpaid;monthly;dsl;66;1;82,48;5699,19;11.45;0;0;0;0
18511;2024-12-06;Northeast;prepaid;annual;cable;6;1;84,19;529,41;12.05;0;0;0;0
38198;2024-04-12;Northeast;prepaid;monthly;dsl;62;0;91,23;5300,38;3.99;1;1;0;0
35601;2024-10-08;North;prepaid;annual;fiber;62;1;81,76;4669,75;13.5;1;0;0;0
10242;2024-08-01;Center-West;postpaid;annual;fiber;19;1;119,99;2256,44;;2;0;1;0
58925;12/05/2024;North;postpaid;monthly;dsl;37;0;93,82;3609,79;2.34;2;1;0;0
13847;2024-01-21;North;prepaid;monthly;dsl;63;0;96,15;6654,62;8.37;0;0;0;0
77243;2024-11-13;North;postpaid;monthly;cable;34;1;105,9;3441,1;6.47;2;0;1;0
63816;2024-05-09;South;prepaid;annual;FIBRE;22;1;83,43;1985,43;15.17;0;0;0;0
71093;2024-07-02;Southeast;prepaid;monthly; fiber ;5;1;143,18;655,32;14.69;2;0;0;0
45201;2024-03-06;North;prepaid;annual;fiber;32;1;105,52;3242,17;16.71;0;0;0;0
58111;29/05/2024;Center-West;postpaid;monthly;cable;20;1;106,38;2089,63;0.69;1;1;0;0
90228;2024-07-29;Southeast;postpaid;monthly;fiber;61;1;61,48;3640,59;11.56;0;0;0;0
17545;2024-12-23;Center-West;postpaid;annual;cable;62;0;34,63;2290,21;2.85;1;0;0;1
33601;2024-11-14;Center-West;prepaid;monthly;fiber;24;1;151,39;3587,33;13.02;0;0;0;0
19651;2024-12-11;South;prepaid;monthly;fiber;15;1;158,32;2502,34;4.15;0;0;0;0
38022;2024-11-24;Northeast;postpaid;monthly;cable;21;1;66,19;1496,66;14.53;0;0;0;0
59472;02/04/2024;Southeast;prepaid;monthly;fiber;29;1;84,0;2439,01;4.25;0;1;0;0
67480;05/02/2024;Northeast;postpaid;monthly;cable;48;0;83,7;3924,49;5.57;0;3;0;1
92720;2024-06-14;Northeast;postpaid;monthly;FIBRE;11;0;132,63;1313,72;20.18;1;0;0;0
60458;2024-02-04;South;prepaid;annual;dsl;71;0;58,09;;10.15;0;1;0;0
60974;2024-09-04;Southeast;postpaid;monthly;dsl;50;1;176,81;9657,94;10.37;2;0;0;0
98482;2024-09-21;Center-West;postpaid;monthly;cable;10;1;39,28;372,24;5.45;0;1;1;0
15209;2024-09-28;North;postpaid;monthly;fiber;23;0;176,07;4402,89;18.98;0;1;1;0
76869;2024-01-03;Center-West;postpaid;monthly; fiber ;50;1;40,32;2209,95;13.47;2;0;0;0
95856;2024-01-03;Northeast;postpaid;annual;dsl;36;1;77,63;2885,6;;0;0;0;0
24443;30/06/2024;Northeast;prepaid;monthly;cable;38;0;67,6;2639,03;4.89;0;0;0;1
35969;2024-06-01;Northeast;postpaid;monthly;cable;3;1;68,95;220,91;11.52;1;1;0;1
62910;2024-08-28;Southeast;prepaid;monthly;cable;30;1;179,2;5885,37;37.96;1;0;1;0
82141;2024-09-17;South;postpaid;annual;dsl;44;1;98,75;4452,68;6.89;1;1;0;0
80383;2024-05-21;North;postpaid;annual;dsl;54;1;47,93;;19.84;1;0;0;0
18539;2024-10-22;North;postpaid;annual;cable;32;1;177,34;5970,12;2.01;1;1;0;0
78316;2024-06-04;Southeast;postpaid;annual;cable;40;1;66,4;2549,25;16.46;0;1;0;0
76695;06/09/2024;North;postpaid;annual;cable;16;0;40,88;655,29;13.82;0;0;0;0
19507;2024-06-09;Southeast;prepaid;annual;cable;57;1;33,63;1964,39;9.52;1;0;0;0
76863;30/01/2024;Northeast;prepaid;monthly;cable;50;1;99,48;4844,21;13.39;2;0;1;0
53997;2024-04-18;Northeast;prepaid;annual;fiber;53;1;167,75;8212,67;13.58;1;0;0;0
25473;2024-12-19;Center-West;postpaid;annual;fiber;48;1;32,54;1575,08;13.52;0;0;0;0
47951;2024-06-02;Northeast;prepaid;annual;cable;70;1;138,78;9670,04;8.48;3;0;0;0
19455;2024-07-31;South;prepaid;monthly;dsl;63;0;69,06;4765,62;7.86;1;0;1;0
52016;2024-10-20;Center-West;postpaid;annual;fiber;58;1;62,86;3338,54;6.34;1;2;0;0
88041;2024-07-18;North;prepaid;monthly;dsl;24;0;135,57;3493,5;3.65;0;1;0;0
18237;2024-11-01;South;prepaid;annual;dsl;5;0;142,18;710,09;10.29;0;0;0;0
82431;2024-02-19;Center-West;prepaid;monthly;cable;1;1;113,85;107,25;18.34;0;0;0;0
41774;2024-08-06;South;prepaid;monthly;cable;56;1;60,34;3240,26;7.63;0;1;0;0
77155;2024-05-24;Southeast;postpaid;annual;fiber;64;1;30,95;1786,13;4.89;6;0;0;0
29499;2024-04-20;North;prepaid;monthly;fiber;47;0;140,59;6662,7;6.45;0;0;0;1
90268;20/05/2024;Northeast;prepaid;monthly;fiber;52;0;119,94;6765,07;11.33;1;0;0;0
95314;28/05/2024;Southeast;postpaid;monthly;cable;7;0;93,38;686,6;11.32;1;0;1;0
60287;2024-06-01;North;postpaid;annual;fiber;41;0;62,04;2437,17;6.0;0;0;0;0
84113;2024-09-13;Southeast;postpaid;annual;dsl;43;0;144,29;6023,01;10.42;0;1;0;0
24174;2024-11-18;Northeast;postpaid;annual;dsl;12;0;40,63;467,75;9.39;1;0;0;0
74921;2024-06-22;North;postpaid;monthly;dsl;54;0;126,41;6315,55;14.48;0;1;0;0
81643;24/07/2024;South;prepaid;annual;dsl;24;1;133,26;2979,82;22.61;1;0;0;0
59963;2024-02-14;South;postpaid;annual;dsl;15;1;63,49;993,59;7.46;1;0;0;0
83007;02/06/2024;North;postpaid;monthly;dsl;50;0;102,5;5209,59;6.74;1;0;0;1
51030;2024-08-30;Northeast;prepaid;monthly;fiber;31;0;108,03;3207,23;11.23;2;2;0;1
67732;2024-10-17;Center-West;prepaid;monthly;fiber;39;1;118,69;4409,25;12.59;2;0;0;0
98065;2024-02-04;North;prepaid;monthly;dsl;39;1;165,18;6730,55;14.93;1;0;0;0
17677;14/07/2024;Southeast;postpaid;monthly; fiber ;45;1;111,96;4630,36;3.22;0;0;0;0
77974;26/12/2024;Center-West;postpaid;monthly;dsl;30;1;40,1;1134,86;29.92;0;1;1;0
78007;2024-06-03;Northeast;postpaid;monthly; fiber ;58;1;81,75;4602,04;8.78;0;0;1;0
60015;2024-04-27;Northeast;prepaid;monthly;cable;63;1;124,25;8415,15;7.0;1;0;0;0
44633;2024-09-14;Southeast;prepaid;monthly;fiber;35;1;79,97;2976,95;4.89;1;0;1;1
78831;2024-02-27;South;postpaid;annual;dsl;12;1;145,19;1596,85;7.71;0;1;0;0
66493;11/08/2024;Northeast;postpaid;monthly;fiber;20;1;58,49;1182,89;3.59;2;0;0;0
40649;2024-08-05;Center-West;postpaid;monthly;dsl;55;0;51,45;3020,18;19.74;1;0;0;0
27901;2024-05-20;North;postpaid;annual;fiber;19;0;64,65;1239,32;9.52;1;0;1;0
58467;2024-10-02;Center-West;postpaid;monthly;dsl;56;1;161,41;8971,37;6.78;0;0;0;0
26734;2024-04-08;Center-West;postpaid;monthly; fiber ;48;0;132,14;6840,34;17.62;0;0;0;0
62550;19/09/2024;South;postpaid;monthly;dsl;32;1;108,01;3618,25;9.13;0;0;0;0
31490;2024-07-15;Center-West;postpaid;monthly;dsl;9;0;75,05;676,66;6.75;2;1;0;1
19646;07/04/2024;South;prepaid;monthly;cable;39;0;167,79;6119,13;24.99;2;1;0;1
95095;2024-12-23;South;prepaid;monthly;dsl;50;1;163,32;7640,17;7.9;0;0;0;0
14095;16/07/2024;Northeast;prepaid;monthly;dsl;11;1;89,91;936,94;2.37;0;0;0;0
12578;2024-09-16;Northeast;prepaid;monthly;cable;59;0;142,91;8577,25;10.39;1;1;0;0
34324;09/09/2024;Southeast;prepaid;annual;fiber;14;1;167,03;2360,46;9.6;0;0;0;0
41631;2024-11-29;Center-West;postpaid;monthly;dsl;30;0;77,0;2371,51;6.89;0;0;1;0
10689;2024-10-24;Southeast;prepaid;monthly;fiber;38;0;79,31;2831,34;6.23;0;0;0;0
54642;2024-03-08;Center-West;postpaid;monthly;dsl;53;1;111,87;5951,29;10.92;0;0;0;0
51351;2024-06-25;Southeast;postpaid;annual;fiber;16;0;91,25;1492,2;8.0;2;0;0;0
90918;2024-09-06;Northeast;postpaid;annual;fiber;24;0;144,22;3708,85;8.76;0;0;0;0
85230;2024-01-03;Northeast;postpaid;annual;dsl;58;0;110,54;6123,51;12.28;0;0;0;0
69926;2024-04-11;Northeast;prepaid;monthly;fiber;24;1;61,78;1416,92;8.47;0;1;0;0
60679;2024-06-03;Northeast;postpaid;monthly;FIBRE;44;1;83,46;4034,17;7.17;3;0;0;0
29077;2024-03-07;North;prepaid;annual;fiber;29;1;130,69;3458,26;15.07;2;1;0;0
45846;12/08/2024;Northeast;postpaid;monthly;cable;5;0;38,02;189,65;7.99;3;0;1;1
28141;2024-04-19;South;prepaid;annual;fiber;37;1;81,33;3267,11;6.89;0;0;0;0
37265;2024-02-21;Northeast;prepaid;monthly;fiber;26;1;32,41;851,01;4.2;1;0;1;0
81739;25/06/2024;North;postpaid;monthly;cable;19;1;153,13;2956,13;5.85;1;0;1;0
57003;03/12/2024;North;postpaid;monthly;cable;61;1;47,58;2767,87;4.7;0;1;1;1
80191;2024-02-25;North;postpaid;monthly;fiber;55;1;41,58;2394,15;;1;0;0;0
68978;06/03/2024;North;postpaid;annual;dsl;20;1;147,99;3233,17;6.28;0;0;1;0
33384;2024-02-11;Southeast;prepaid;monthly;fiber;38;1;43,43;1639,02;12.49;2;0;0;0
84344;25/02/2024;Southeast;postpaid;monthly;cable;52;0;132,64;7401,71;10.15;0;0;0;0
92830;05/06/2024;South;prepaid;annual;fiber;4;1;86,98;315,54;8.37;1;0;0;0
50216;2024-01-01;Southeast;prepaid;annual;fiber;7;1;153,25;1146,01;13.35;2;1;1;0
34279;2024-02-16;North;prepaid;annual;fiber;39;1;57,43;2444,83;7.25;0;0;1;0
59519;2024-04-01;Northeast;prepaid;annual;dsl;67;1;42,66;3058,37;11.99;0;1;0;0
48714;2024-01-01;Northeast;prepaid;annual;fiber;66;1;64,26;3891,31;14.74;0;0;0;0
25899;2024-11-01;North;postpaid;monthly;dsl;32;0;169,82;5582,37;2.42;3;1;0;0
23210;20/04/2024;Center-West;prepaid;annual;fiber;50;0;154,37;7061,64;10.08;2;0;0;0
97117;2024-09-19;North;prepaid;annual;dsl;35;1;72,87;2329,96;12.94;1;1;0;0
12748;2024-09-03;Southeast;postpaid;monthly;cable;65;0;60,92;3625,06;12.44;1;0;0;0
22573;2024-02-24;Northeast;prepaid;annual;FIBRE;41;0;53,53;2037,99;10.41;1;0;0;0
17425;22/02/2024;North;postpaid;monthly;fiber;64;0;63,18;4072,65;7.49;2;0;0;0
24567;2024-12-06;Northeast;postpaid;annual;fiber;26;1;60,76;1657,68;8.99;3;0;0;0
36896;28/06/2024;North;prepaid;monthly;dsl;67;1;163,23;10199,13;3.1;0;0;0;0
45929;2024-08-21;North;postpaid;annual;fiber;52;0;33,0;1546,68;20.46;0;0;0;0
41527;2024-09-11;Southeast;prepaid;monthly;dsl;55;0;162,02;8780,04;2.88;0;0;0;0
32932;2024-07-03;North;prepaid;monthly;dsl;2;0;36,21;71,34;6.49;2;0;0;0
60440;2024-08-25;Northeast;postpaid;monthly;dsl;58;1;154,03;8823,21;;1;0;0;0
95175;2024-02-15;South;postpaid;annual;dsl;12;1;93,86;1139,22;4.05;0;1;0;1
92388;2024-11-27;Northeast;postpaid;monthly;fiber;67;0;41,58;3048,67;8.63;2;0;0;0
87641;20/11/2024;Southeast;prepaid;annual;fiber;14;1;149,85;2006,75;15.19;0;0;0;0
38957;2024-10-05;South;postpaid;monthly;dsl;59;0;68,47;4096,42;13.82;1;0;0;0
93779;2024-08-07;North;prepaid;monthly;fiber;46;1;161,7;7948,67;10.02;2;0;0;0
36770;2024-06-05;Center-West;prepaid;monthly;dsl;28;1;142,84;3947,5;11.14;1;0;0;1
39597;2024-02-20;South;prepaid;annual;cable;64;0;177,27;10244,53;;1;0;1;0
13443;2024-05-10;South;postpaid;monthly;fiber;28;0;154,78;4205,38;4.93;1;0;0;0
26149;2024-06-25;North;prepaid;annual;fiber;5;1;66,14;344,16;6.93;1;0;1;1
94009;2024-10-10;Center-West;postpaid;monthly; fiber ;6;1;91,38;513,93;8.22;0;0;0;0
70656;2024-01-14;Center-West;postpaid;annual;fiber;61;1;134,49;8477,07;15.58;2;0;0;0
33155;2024-06-07;Southeast;postpaid;monthly;cable;28;0;77,41;1973,29;25.74;0;0;0;0
11809;2024-01-28;South;postpaid;monthly;cable;59;1;111,98;6832,99;8.9;1;0;0;0
63502;2024-08-16;Center-West;postpaid;monthly;fiber;2;1;65,65;131,3;8.68;1;0;0;0
40377;2024-03-08;Southeast;prepaid;monthly;cable;6;1;129,44;808,11;9.97;1;0;0;0
64632;2024-07-01;Center-West;prepaid;monthly; fiber ;71;0;81,32;5228,45;6.16;0;1;0;0
52054;2024-06-04;South;postpaid;monthly;cable;11;1;38,28;459,15;21.9;1;0;0;0
58106;12/07/2024;Center-West;prepaid;monthly;cable;49;1;175,17;8721,01;5.7;1;0;0;0
71383;2024-10-25;South;prepaid;annual;fiber;25;1;156,59;4046,77;5.86;1;0;0;1
87125;07/03/2024;North;prepaid;monthly;dsl;36;1;75,56;2891,74;7.18;0;0;0;0
87352;2024-09-02;Northeast;prepaid;annual;dsl;9;1;49,44;404,85;;0;1;0;1
49714;2024-05-15;Southeast;prepaid;monthly;fiber;19;0;140,28;2484,05;12.87;0;0;0;0
68602;2024-09-06;North;prepaid;monthly;fiber;54;1;63,1;3174,13;9.9;1;0;0;0
50426;2024-04-20;North;postpaid;monthly;dsl;39;0;120,82;4389,12;8.37;0;1;0;0
82545;2024-01-28;Northeast;prepaid;monthly;fiber;36;1;146,86;4850,52;9.51;0;1;0;0
73809;2024-04-29;Center-West;postpaid;monthly;fiber;68;1;70,86;5223,25;5.0;1;1;0;0
47504;13/03/2024;Northeast;postpaid;annual;fiber;30;1;72,7;2114,89;2.2;0;0;0;0
49477;10/07/2024;North;prepaid;annual;dsl;58;0;39,24;2100,07;16.41;1;2;0;0
11482;2024-06-10;North;postpaid;monthly;fiber;52;1;77,98;4227,13;4.36;1;0;0;0
58841;2024-11-15;North;postpaid;monthly;dsl;33;1;119,62;3842,18;21.38;1;0;1;0
77365;2024-12-08;Center-West;postpaid;monthly;fiber;21;1;53,37;1054,77;13.11;2;1;0;1
77339;03/03/2024;South;prepaid;annual;fiber;26;1;172,96;4882,54;8.9;1;0;0;0
11328;2024-08-16;Southeast;prepaid;monthly;dsl;62;1;138,36;9174,57;;0;0;0;0
24903;2024-02-20;South;prepaid;monthly;fiber;22;0;60,59;1357,46;10.69;2;1;0;1
66841;2024-03-17;Southeast;postpaid;monthly;dsl;47;1;109,59;5148,19;9.61;0;0;0;0
14624;2024-03-29;Southeast;postpaid;monthly;fiber;9;0;88,72;734,98;10.09;0;0;0;1
74517;03/01/2024;Southeast;postpaid;annual;dsl;25;1;87,35;2175,48;16.54;1;1;0;0
35459;2024-06-15;Northeast;postpaid;monthly;fiber;67;0;114,0;7504,88;12.64;1;0;0;0
59332;2024-01-24;Northeast;postpaid;monthly;cable;39;0;46,22;1803,91;9.22;1;1;0;0
81424;2024-05-13;Northeast;postpaid;annual;fiber;59;1;62,3;3605,84;14.94;0;0;0;0
69236;2024-03-05;North;prepaid;annual;cable;19;1;52,45;1002,9;22.82;2;0;0;0
51353;27/12/2024;Northeast;postpaid;monthly;fiber;55;1;56,1;3128,82;9.12;1;0;0;0
77372;17/08/2024;Southeast;prepaid;monthly;fiber;70;1;128,28;8233,45;6.51;0;0;0;0
63412;2024-01-25;Center-West;prepaid;annual;dsl;66;0;179,42;11154,03;15.56;0;1;0;0
68720;2024-02-22;North;postpaid;monthly;fiber;31;1;127,67;3923,98;;0;0;0;0
93973;12/11/2024;Center-West;postpaid;monthly;fiber;49;0;177,71;9409,93;18.28;1;0;0;0
61808;2024-01-16;Southeast;prepaid;monthly;cable;64;1;116,55;8114,67;4.97;0;0;0;0
19729;25/07/2024;North;postpaid;monthly;dsl;58;0;72,5;;7.6;1;0;1;1
88053;2024-07-28;Northeast;prepaid;annual;dsl;70;0;160,85;11423,61;26.87;0;0;0;0
92166;15/09/2024;North;prepaid;annual;cable;3;1;40,08;121,02;7.4;0;1;0;0
63746;2024-03-05;North;prepaid;annual;fiber;39;0;45,36;1695,1;18.61;1;0;0;0
30868;2024-12-27;Southeast;postpaid;annual;fiber;57;1;172,14;9725,62;6.36;4;0;0;0
62322;22/03/2024;South;postpaid;annual;cable;52;1;127,53;6724,27;14.91;2;0;0;0
16125;2024-02-05;South;prepaid;annual;fiber;11;0;169,34;1999,17;5.6;0;0;0;0
36628;18/12/2024;South;prepaid;annual;fiber;41;1;49,93;1983,53;15.78;1;0;0;0
25314;2024-10-12;Northeast;prepaid;monthly;fiber;12;0;145,24;1641,35;8.5;2;1;1;1
24241;2024-10-24;Northeast;prepaid;monthly;fiber;7;1;65,22;424,45;7.55;0;1;0;0
45149;2024-11-24;Northeast;postpaid;monthly;fiber;8;0;81,5;628,12;8.63;0;0;0;1
28195;31/10/2024;South;postpaid;monthly;fiber;68;1;164,85;11222,17;10.17;1;0;0;0
72095;22/12/2024;Center-West;postpaid;monthly;dsl;20;1;91,69;2011,59;11.27;0;0;0;1
41728;2024-01-12;Southeast;prepaid;monthly;dsl;33;1;130,58;4046,79;4.64;1;0;0;0
85142;2024-04-06;South;postpaid;monthly;cable;19;0;163,09;2819,12;11.99;0;0;0;0
46261;2024-12-20;Southeast;prepaid;monthly;fiber;64;0;160,63;9809,51;3.91;0;0;0;1
49979;2024-06-30;South;prepaid;monthly;FIBRE;64;0;31,34;2049,91;17.1;0;0;1;1
70035;24/06/2024;Center-West;postpaid;monthly;dsl;47;1;53,73;2754,77;12.5;1;0;0;0
52258;2024-06-19;South;postpaid;monthly;fiber;59;1;167,79;10248,03;12.48;0;2;0;0
77307;01/02/2024;Center-West;postpaid;annual;fiber;8;0;114,36;967,3;15.68;0;0;0;0
64234;18/07/2024;North;postpaid;monthly;dsl;71;1;102,03;7415,25;12.74;2;0;0;0
51530;2024-04-24;Northeast;postpaid;monthly;dsl;30;1;39,79;1304,33;23.38;1;2;0;0
98922;2024-04-22;North;postpaid;monthly;FIBRE;29;1;33,76;996,17;5.66;2;0;0;0
64841;07/02/2024;South;prepaid;annual;dsl;14;0;173,01;2508,37;4.51;0;0;0;0
49324;2024-10-09;Northeast;prepaid;annual;dsl;63;1;101,08;6984,04;23.83;0;0;0;0
97406;2024-04-29;Center-West;prepaid;monthly;cable;13;1;147,96;1945,71;12.77;1;0;0;0
92744;2024-07-06;South;prepaid;monthly;fiber;61;0;63,0;3640,76;13.58;0;0;1;0
52107;2024-02-16;Northeast;prepaid;annual;dsl;51;1;65,56;3644,15;5.32;2;0;0;0
55656;2024-02-03;South;prepaid;annual;dsl;55;1;114,04;6336,36;13.17;1;0;1;0
48813;01/04/2024;Northeast;postpaid;monthly; fiber ;3;1;161,4;514,01;;6;0;0;1
55206;2024-03-05;Northeast;postpaid;monthly;dsl;53;0;73,29;3808,68;14.78;1;1;0;0
36761;2024-01-25;North;postpaid;monthly;dsl;69;0;79,32;5977,31;10.49;0;1;0;0
80418;2024-08-19;Northeast;prepaid;monthly;FIBRE;28;0;112,59;;9.49;1;0;1;0
42604;03/04/2024;South;postpaid;annual;fiber;32;0;36,0;;10.56;1;0;1;0
32665;2024-07-31;Southeast;prepaid;annual;fiber;8;1;86,81;731,37;6.97;0;0;0;0
37836;04/05/2024;Southeast;prepaid;annual;dsl;35;0;113,44;4223,89;7.94;0;0;0;0
85398;2024-10-01;North;prepaid;annual;FIBRE;48;0;30,72;1579,11;19.11;0;0;1;0
72989;2024-11-29;Center-West;prepaid;monthly;dsl;22;1;125,7;2796,05;13.35;0;1;0;0
96420;2024-12-14;Southeast;prepaid;annual;fiber;53;1;37,64;2075,85;9.14;1;0;0;0
36862;10/03/2024;North;postpaid;monthly;dsl;7;1;137,99;;13.29;1;0;1;1
97837;25/08/2024;Northeast;postpaid;monthly;dsl;48;0;150,25;7316,42;12.17;2;0;0;0
23557;2024-10-29;South;postpaid;annual;dsl;42;1;155,82;5901,29;8.07;0;1;0;0
45707;31/08/2024;Northeast;prepaid;monthly;dsl;17;1;131,01;2009,61;6.98;2;0;0;0
29320;2024-10-25;South;postpaid;annual;fiber;25;0;114,24;3010,32;7.92;1;0;0;0
33831;11/03/2024;Center-West;postpaid;annual;fiber;18;1;76,13;1245,92;17.52;0;1;0;0
47636;2024-07-23;North;prepaid;annual;dsl;45;1;93,69;4370,09;9.1;0;0;1;1
94135;2024-01-07;North;postpaid;annual;FIBRE;46;1;43,06;2135,64;18.84;1;0;0;0
93316;2024-06-08;Southeast;postpaid;monthly;dsl;40;0;136,07;5508,97;7.51;1;0;0;1
96690;2024-02-10;North;prepaid;monthly;dsl;14;0;33,7;446,6;6.48;0;0;0;0
95915;2024-05-26;Center-West;prepaid;annual;cable;16;0;92,02;1598,54;9.4;0;0;0;0
46613;2024-09-07;Southeast;postpaid;monthly;fiber;58;1;105,93;6151,11;11.72;1;0;0;0
62087;2024-11-28;Northeast;prepaid;annual;dsl;33;1;127,51;3937,52;10.57;1;0;0;0
78132;2024-03-11;North;prepaid;monthly;fiber;31;0;81,48;2481,72;12.58;0;0;0;1
68931;14/12/2024;Northeast;prepaid;monthly;cable;22;0;96,42;2234,52;12.79;0;0;0;0
40184;2024-02-05;Northeast;postpaid;monthly;dsl;67;1;118,11;8032,75;14.42;1;2;0;0
16855;2024-09-12;North;prepaid;annual;dsl;18;1;168,48;3069,76;5.43;1;0;1;0
54804;2024-11-29;South;prepaid;annual;dsl;55;1;130,8;6534,19;7.12;1;0;0;0
94856;2024-11-11;Northeast;prepaid;annual;fiber;55;0;68,17;3689,24;10.94;1;1;0;0
62733;15/05/2024;Southeast;postpaid;monthly;dsl;18;1;157,09;2933,43;8.09;0;0;1;0
10296;2024-10-13;North;postpaid;monthly;cable;1;1;38,26;35,74;9.46;0;0;0;0
76687;2024-09-02;Southeast;postpaid;monthly;FIBRE;18;1;70,84;1397,95;10.14;1;0;0;0
86301;17/09/2024;Northeast;prepaid;monthly;cable;20;0;46,22;836,93;8.84;2;0;0;0
80461;2024-10-04;Northeast;prepaid;monthly;cable;53;1;97,06;4899,98;8.01;1;0;0;0
46129;2024-03-29;Southeast;postpaid;monthly;cable;38;0;125,54;4327,08;6.15;3;0;0;0
74129;2024-05-19;Northeast;prepaid;monthly;cable;31;1;109,65;3233,18;9.01;1;0;0;0
82172;2024-05-31;North;postpaid;monthly;fiber;34;0;151,69;4962,15;7.8;1;1;0;1
82860;2024-08-17;Northeast;postpaid;annual;dsl;68;0;115,12;7797,05;15.24;0;1;0;0
76036;2024-03-31;Southeast;postpaid;annual;fiber;67;1;64,9;4664,42;13.59;1;1;0;0
61023;2024-02-18;Southeast;postpaid;monthly;dsl;2;1;110,46;212,1;5.37;1;0;0;0
31955;2024-10-01;North;postpaid;monthly;fiber;60;0;140,32;7917,55;21.82;1;1;0;0
32089;2024-05-13;Southeast;prepaid;annual;cable;26;0;105,44;2579,14;7.96;0;0;0;0
66054;2024-04-19;South;postpaid;annual;fiber;54;0;96,3;4768,48;4.43;0;1;0;0
13970;29/12/2024;Northeast;prepaid;annual;FIBRE;70;1;109,36;7117,06;7.4;2;0;0;0
52823;2024-09-13;Southeast;postpaid;monthly; fiber ;37;0;112,21;3983,16;4.0;0;2;1;1
56490;2024-09-13;Northeast;prepaid;monthly;dsl;45;0;76,58;3260,41;4.36;1;1;0;0
57340;2024-04-30;Southeast;prepaid;annual;fiber;31;1;158,13;4488,22;35.06;2;0;0;0
52024;2024-02-17;Southeast;postpaid;monthly;fiber;6;1;61,15;400,58;14.87;0;0;0;0
15387;2024-01-23;North;prepaid;monthly;fiber;3;0;34,92;95,91;5.07;0;0;0;0
92986;2024-10-09;Northeast;prepaid;annual;fiber;26;1;141,22;;3.4;2;0;0;0
30049;21/11/2024;Southeast;postpaid;monthly;cable;59;1;156,35;8792,79;9.42;2;0;0;0
56459;2024-11-04;South;prepaid;annual; fiber ;25;0;126,41;3193,7;3.07;0;1;0;0
17580;31/05/2024;Center-West;postpaid;annual;fiber;31;0;100,34;2800,37;9.18;2;1;0;0
12651;2024-05-18;Center-West;prepaid;monthly;fiber;38;0;176,28;6038,49;12.2;0;0;0;0
33126;2024-03-24;North;prepaid;annual;fiber;23;0;85,61;1904,83;;0;0;0;0
63459;2024-11-14;North;prepaid;monthly;fiber;35;1;90,88;3310,56;5.03;1;0;0;0
48434;2024-07-14;South;postpaid;annual;fiber;44;0;118,67;5714,86;11.25;0;0;0;0
75688;2024-02-12;Northeast;postpaid;annual;fiber;61;1;94,56;5712,8;17.16;0;0;0;0
79486;18/02/2024;North;prepaid;annual;fiber;54;0;113,29;6337,97;8.12;2;1;0;0
81581;21/01/2024;South;postpaid;monthly;fiber;59;1;174,98;10461,94;4.88;1;0;0;0
32349;2024-01-05;Southeast;postpaid;annual;dsl;38;1;65,62;2712,7;7.89;2;0;0;0
46901;2024-09-14;Southeast;postpaid;annual;fiber;50;1;52,28;2646,11;5.42;1;1;0;0
94267;2024-01-09;Center-West;postpaid;annual;dsl;11;1;93,53;982,43;40.7;2;0;1;0
46927;2024-09-25;North;postpaid;annual;dsl;11;1;105,6;1209,27;15.59;1;2;1;0
68955;27/12/2024;North;postpaid;monthly;cable;66;1;136,98;9691,4;13.81;1;2;0;0
28087;30/10/2024;North;postpaid;annual;fiber;43;0;173,28;7970,24;3.42;0;1;1;0
42446;2024-10-17;Northeast;postpaid;monthly;dsl;9;1;133,3;1272,11;4.12;0;1;0;1
94325;2024-10-13;Southeast;prepaid;monthly;cable;29;0;178,08;4743,06;8.42;0;0;0;1
74887;2024-11-04;Southeast;prepaid;annual;cable;69;0;66,95;4587,28;7.64;0;1;1;0
13810;25/01/2024;South;postpaid;annual;cable;2;1;61,33;120,92;6.72;2;1;0;0
23842;2024-06-28;North;prepaid;annual;fiber;32;1;75,98;2666,95;18.39;0;0;0;1
56912;2024-04-29;Northeast;prepaid;monthly;cable;60;0;148,07;;30.8;3;2;0;0
38531;2024-07-12;North;prepaid;monthly;cable;68;1;57,98;3910,37;6.73;2;1;0;0
95618;18/05/2024;North;prepaid;monthly;fiber;27;1;59,43;1678,68;2.39;1;0;0;0
20215;2024-03-08;Center-West;postpaid;monthly;fiber;65;0;91,76;5444,87;6.94;3;2;0;1
75188;10/08/2024;Southeast;postpaid;annual;cable;51;0;77,63;4270,52;17.9;1;0;0;1
36162;2024-06-30;North;prepaid;monthly;fiber;29;0;126,97;3834,3;15.59;2;0;0;0
32366;2024-03-18;North;prepaid;monthly;dsl;56;0;163,53;8492,03;10.09;5;0;0;0
96288;2024-07-30;North;prepaid;monthly;fiber;57;0;50,8;3002,89;13.73;0;1;0;0
50179;2024-02-24;Center-West;prepaid;monthly;dsl;20;1;112,01;2301,41;8.06;0;0;0;0
79693;2024-10-27;South;postpaid;annual; fiber ;7;1;43,26;279,87;6.56;2;0;0;0
42507;2024-08-08;Center-West;postpaid;annual;dsl;56;0;63,22;3869,3;5.77;1;0;1;0
26422;2024-11-07;South;postpaid;monthly;dsl;6;0;76,37;458,89;9.79;1;1;0;0
59833;21/06/2024;North;postpaid;monthly;cable;56;0;116,87;6591,04;7.05;1;1;0;0
74766;26/10/2024;North;postpaid;monthly;fiber;26;1;113,23;3052,23;5.14;2;0;0;0
92975;29/03/2024;Center-West;postpaid;monthly;fiber;50;0;126,46;;10.88;0;1;1;0
15727;13/12/2024;North;postpaid;annual; fiber ;44;0;152,84;6851,22;7.56;2;0;0;0
94133;23/12/2024;South;postpaid;annual;fiber;3;1;58,08;168,18;;2;0;0;0
92060;2024-11-26;Southeast;prepaid;monthly;cable;1;1;141,51;152,26;12.1;1;0;1;0
42546;29/09/2024;South;postpaid;annual; fiber ;45;0;130,05;6315,67;25.78;0;1;0;0
73786;2024-04-11;Center-West;prepaid;monthly;fiber;37;0;41,96;1632,17;12.84;0;0;0;0
52271;2024-08-16;Southeast;prepaid;monthly;cable;4;1;81,7;305,21;9.32;1;0;0;0
18234;2024-03-12;Center-West;postpaid;monthly;fiber;70;1;34,15;2376,75;16.64;1;0;0;0
25589;15/05/2024;North;postpaid;monthly;fiber;17;0;43,53;808,48;24.08;0;0;1;0
36560;2024-05-17;Southeast;prepaid;monthly;dsl;61;1;72,57;4304,31;3.02;3;0;0;0
65431;2024-02-23;South;prepaid;annual;fiber;9;1;66,47;577,24;16.75;2;1;1;0
62085;31/01/2024;North;prepaid;annual;cable;17;1;165,03;2647,58;9.78;0;0;0;0
98948;2024-03-21;South;postpaid;monthly;dsl;38;0;164,07;5700,98;12.96;0;0;0;0
23616;2024-10-30;Southeast;prepaid;annual;fiber;38;1;116,68;4057,75;25.18;1;0;0;0
96165;19/07/2024;Northeast;postpaid;monthly;dsl;43;1;140,26;5638,95;10.26;0;0;0;0
15124;2024-06-18;Northeast;postpaid;monthly;cable;13;1;179,94;2297,86;4.91;0;0;0;1
64380;07/12/2024;Southeast;postpaid;monthly;fiber;19;0;91,53;;;1;0;0;0
50313;2024-02-13;South;postpaid;monthly;dsl;19;0;108,36;2071,17;24.74;1;0;0;0
58143;21/02/2024;South;prepaid;monthly;fiber;32;0;127,67;4025,35;12.05;2;1;0;1
26131;2024-06-15;Northeast;prepaid;annual;dsl;66;1;168,08;;10.28;1;0;0;0
88587;2024-09-10;Northeast;postpaid;annual;dsl;33;0;149,55;5258,48;23.13;0;0;0;0
84234;2024-07-20;Northeast;prepaid;monthly;fiber;71;0;39,66;2755,1;6.31;2;1;1;0
95307;10/11/2024;Center-West;prepaid;annual;fiber;18;1;136,94;2469,42;6.33;0;0;0;0
55386;2024-05-11;Northeast;prepaid;monthly;fiber;18;0;67,79;1314,33;27.53;0;0;0;0
77707;2024-09-10;South;prepaid;annual;dsl;8;1;68,24;511,78;5.7;1;0;0;0
66577;2024-04-24;Southeast;prepaid;monthly;dsl;16;1;112,09;1740,68;4.33;1;0;0;0
61205;2024-04-04;Northeast;postpaid;monthly;fiber;23;0;134,45;3153,89;27.28;2;1;0;1
48898;10/06/2024;Center-West;postpaid;annual;fiber;28;1;53,88;1492,5;;2;2;0;0
55607;2024-08-01;Center-West;postpaid;monthly;cable;51;0;77,18;3981,73;9.76;2;0;0;0
63698;2024-04-01;South;postpaid;monthly;fiber;32;1;137,42;3993,2;34.94;1;0;0;0
17174;2024-12-15;South;prepaid;monthly;fiber;49;0;52,8;2581,98;7.39;0;1;0;1
71794;17/05/2024;Southeast;postpaid;monthly;FIBRE;7;0;157,46;1203,08;14.41;0;1;0;1
23934;28/06/2024;Southeast;postpaid;monthly;dsl;68;1;98,41;7281,91;13.45;2;1;0;0
12333;2024-09-14;North;prepaid;annual;fiber;11;0;117,9;1347,51;23.46;0;0;0;0
55855;25/04/2024;North;postpaid;annual;cable;3;1;42,06;137,14;6.23;0;0;0;0
81588;25/11/2024;South;prepaid;monthly;dsl;31;1;173,18;;27.28;1;0;0;1
21769;2024-10-04;South;prepaid;monthly;FIBRE;47;1;166,13;7321,59;32.82;1;0;0;0
72297;2024-01-20;Center-West;prepaid;annual;dsl;17;0;58,51;1031,82;21.08;0;0;0;0
56998;2024-05-25;North;prepaid;annual;fiber;12;0;129,47;1705,94;6.73;0;0;0;0
91087;2024-12-20;Center-West;prepaid;annual;fiber;60;0;148,97;9215,19;11.78;1;2;0;0
72122;2024-10-04;Center-West;postpaid;monthly;dsl;59;1;48,3;3023,92;13.41;2;1;0;0
92613;03/06/2024;South;postpaid;monthly;fiber;54;0;116,62;6542,77;13.13;1;1;0;1
71483;15/12/2024;South;prepaid;monthly;cable;16;0;157,57;2287,79;3.63;3;0;0;0
44752;2024-11-04;Center-West;postpaid;monthly;dsl;39;0;106,01;3736,24;15.53;0;0;0;0
18996;2024-07-05;Northeast;prepaid;monthly;fiber;49;0;168,57;8666,26;12.34;0;0;1;0
48337;2024-08-28;South;postpaid;monthly;cable;31;1;37,17;1107,57;;0;0;0;0
91358;2024-09-16;Northeast;prepaid;annual;dsl;13;0;167,88;2174,03;10.0;1;0;0;0
62112;2024-10-27;North;prepaid;monthly;fiber;60;0;176,58;10232,91;35.69;0;1;0;0
48304;2024-02-28;Center-West;postpaid;annual;dsl;67;1;53,39;3361,28;21.27;2;1;0;0
92534;26/02/2024;South;postpaid;monthly;cable;12;0;94,64;1091,41;3.25;2;1;0;1
81258;2024-05-16;Center-West;postpaid;monthly;fiber;50;1;123,11;6078,78;9.52;3;1;0;0
42014;2024-02-15;Center-West;postpaid;annual;fiber;64;0;163,99;10059,7;19.08;0;0;0;0
68612;2024-03-17;Southeast;postpaid;annual;FIBRE;39;1;53,93;2299,18;21.56;1;0;0;0
96692;2024-01-18;Southeast;prepaid;monthly;FIBRE;4;0;80,1;348,87;12.93;1;0;0;1
35336;06/12/2024;North;prepaid;annual;FIBRE;50;1;149,69;6899,24;5.14;3;0;0;0
54875;2024-03-20;Southeast;prepaid;monthly;dsl;66;0;91,5;5720,73;4.79;0;0;0;0
67010;05/04/2024;South;prepaid;monthly;cable;19;1;120,74;2120,33;15.34;0;1;0;0
19117;2024-08-23;North;prepaid;annual;dsl;10;1;114,0;1161,22;8.3;1;1;0;0
53640;2024-05-04;Center-West;postpaid;annual;fiber;18;1;175,98;3196,17;5.74;2;0;1;0
54896;02/07/2024;Center-West;prepaid;monthly;fiber;58;1;51,23;2750,28;1.67;1;0;0;0
15683;2024-01-06;Southeast;postpaid;annual; fiber ;40;0;172,27;7096,76;3.94;0;1;0;0
18765;2024-08-30;Center-West;postpaid;annual;fiber;2;1;114,62;222,49;12.14;0;0;0;0
25533;2024-12-10;Southeast;postpaid;annual;dsl;42;1;165,62;6913,65;9.07;2;1;0;1
27230;20/12/2024;Northeast;postpaid;monthly;fiber;58;0;47,69;2890,75;22.84;1;1;0;0
33705;2024-12-01;Center-West;prepaid;monthly;cable;14;0;126,23;1600,33;4.48;0;0;0;0
55710;28/02/2024;Center-West;prepaid;monthly;fiber;42;1;156,02;7059,28;6.73;3;0;0;0
93113;2024-03-27;South;postpaid;annual;dsl;17;1;148,03;2321,79;7.55;1;0;0;0
84359;2024-03-21;Center-West;postpaid;monthly;cable;2;0;31,49;63,5;11.43;0;1;0;0
15594;2024-10-19;Southeast;prepaid;annual;dsl;29;1;97,83;3088,38;7.58;2;0;0;0
94104;2024-03-23;North;prepaid;monthly;cable;55;1;47,3;2837,5;6.2;0;0;0;0
55834;14/09/2024;North;postpaid;annual;cable;48;1;52,92;2666,94;13.11;0;0;0;0
78304;2024-09-21;South;postpaid;annual;dsl;8;0;135,94;1117,42;11.07;1;0;0;0
87737;09/12/2024;Southeast;prepaid;annual;fiber;14;1;173,49;2431,89;16.68;1;0;0;0
81602;2024-01-12;Northeast;prepaid;annual;fiber;39;0;125,11;4546,52;8.95;1;0;0;0
99610;15/02/2024;South;postpaid;annual;cable;23;1;45,36;1041,13;20.35;0;0;0;0
30800;02/05/2024;Northeast;prepaid;monthly;fiber;24;0;66,6;1545,3;5.8;0;0;0;1
88052;2024-09-25;North;postpaid;annual;cable;31;1;86,83;2911,42;15.3;0;0;0;0
45774;2024-07-19;South;prepaid;annual;fiber;54;0;48,8;2378,95;17.62;2;2;0;0
99992;2024-04-27;Center-West;postpaid;monthly;dsl;41;1;157,2;6578,55;1.91;1;1;0;0
97142;2024-01-05;Southeast;prepaid;monthly;fiber;61;1;59,18;3854,07;15.5;1;1;1;1
84632;2024-01-08;Northeast;prepaid;annual;cable;8;1;49,43;359,5;9.73;0;0;1;0
21011;06/12/2024;Northeast;postpaid;monthly;fiber;33;1;138,85;4652,47;11.58;0;1;0;0
10037;30/12/2024;South;postpaid;monthly; fiber ;40;1;49,02;1977,34;22.54;1;0;1;0
13513;2024-12-16;South;postpaid;monthly;cable;54;1;91,55;4504,62;10.3;2;1;0;0
80824;2024-09-25;Southeast;prepaid;monthly;fiber;37;0;107,33;4133,61;5.54;0;0;0;0
75370;2024-10-26;Center-West;postpaid;monthly;fiber;66;1;42,03;2727,18;14.81;0;1;0;0
15569;04/07/2024;Center-West;postpaid;monthly;cable;60;1;113,37;;9.28;1;1;0;0
55219;2024-06-20;South;postpaid;annual;cable;49;1;102,02;4552,44;10.44;0;0;0;0
74214;2024-12-18;Southeast;prepaid;monthly;fiber;29;1;130,26;3696,65;9.82;0;1;0;0
97304;2024-08-01;Southeast;postpaid;monthly;dsl;23;0;62,87;1330,67;16.31;2;1;1;1
35360;07/10/2024;Southeast;postpaid;annual;fiber;38;1;83,49;3310,87;13.04;1;0;0;0
99314;2024-01-10;Center-West;postpaid;annual;fiber;33;0;128,95;4495,01;10.52;0;1;0;1
64098;2024-03-12;Center-West;prepaid;monthly;dsl;3;1;35,34;98,9;12.53;0;0;0;0
76267;20/10/2024;Southeast;prepaid;monthly;fiber;17;1;47,37;743,11;5.71;2;0;0;0
18908;2024-06-15;Northeast;prepaid;annual;fiber;60;0;72,53;4760,45;;0;0;0;0
29214;2024-01-05;Southeast;postpaid;annual;fiber;33;0;45,95;1501,1;13.25;0;0;0;0
79148;2024-08-12;South;postpaid;monthly;cable;68;0;35,93;2559,5;24.23;0;0;0;0
99350;2024-08-17;North;prepaid;monthly;dsl;18;1;178,11;3031,73;7.23;0;0;0;0
50713;2024-04-13;Northeast;postpaid;annual;fiber;69;0;98,36;;7.35;1;1;0;0
69593;2024-02-02;Center-West;postpaid;annual;cable;58;0;110,05;6138,89;11.94;0;1;0;0
57750;2024-05-30;Southeast;prepaid;monthly;cable;26;1;68,24;1861,78;10.27;0;2;0;0
59763;2024-10-15;Southeast;prepaid;annual;fiber;44;1;31,15;1378,51;5.55;0;0;0;0
16833;2024-01-03;South;postpaid;annual;cable;71;0;142,61;10803,79;4.84;1;2;0;0
34308;2024-07-12;South;postpaid;annual;fiber;45;1;138,56;5624,64;19.77;1;2;0;0
92127;21/07/2024;Center-West;prepaid;annual;fiber;67;1;175,88;11901,19;6.74;0;0;0;0
77988;2024-02-27;Northeast;postpaid;annual;fiber;8;1;33,17;261,49;8.97;0;1;0;0
63189;15/06/2024;South;postpaid;monthly;FIBRE;12;1;50,55;565,66;4.58;0;1;0;0
14142;2024-01-25;Center-West;postpaid;monthly;dsl;1;1;136,82;132,92;32.97;1;0;1;1
52065;2024-05-09;North;postpaid;annual;dsl;24;1;79,51;1904,64;7.02;0;0;0;0
71293;2024-03-30;North;postpaid;annual;cable;57;1;39,57;2203,79;9.64;0;0;1;0
59619;2024-07-01;North;postpaid;monthly;fiber;69;1;75,14;5608,32;3.58;0;0;0;0
58541;2024-12-19;Southeast;prepaid;monthly;fiber;39;1;43,16;1639,57;11.55;2;0;0;0
86728;2024-03-21;Center-West;postpaid;annual;FIBRE;31;0;155,64;5186,41;28.03;0;0;0;0
87097;2024-02-14;Southeast;prepaid;annual;fiber;67;0;161,54;11005,05;4.94;1;0;1;0
73777;21/07/2024;Southeast;postpaid;monthly;cable;42;1;125,53;5606,82;11.86;1;1;1;1
45593;2024-06-15;South;prepaid;monthly;dsl;39;1;87,84;3488,24;8.02;0;0;0;0
45764;2024-01-13;South;postpaid;monthly;dsl;7;0;145,32;1074,02;10.59;0;0;0;0
64573;2024-04-09;Southeast;prepaid;annual;dsl;16;0;124,74;1882,79;8.45;0;0;0;0
83293;2024-08-21;Southeast;prepaid;annual;fiber;50;0;148,8;6836,41;4.39;2;0;0;0
67185;2024-08-29;Northeast;prepaid;monthly; fiber ;50;0;106,64;5453,82;12.49;1;0;0;0
12375;2024-10-26;Center-West;postpaid;monthly;fiber;36;1;173,75;5952,93;16.97;0;0;0;0
81196;2024-10-06;Southeast;postpaid;annual;cable;50;1;73,51;3650,85;8.22;1;0;0;0
93579;21/05/2024;South;prepaid;monthly;fiber;50;1;120,63;5719,5;19.66;2;0;0;0
38240;2024-12-08;North;postpaid;annual;fiber;5;1;151,21;777,35;19.82;0;0;1;0
30727;2024-05-29;Center-West;postpaid;monthly;dsl;60;0;164,08;10288,48;16.98;0;1;0;0
60292;2024-06-18;Northeast;prepaid;monthly;fiber;50;1;172,01;8607,26;5.38;1;1;0;0
46108;2024-02-21;Northeast;postpaid;monthly;dsl;16;0;89,25;1389,46;14.6;1;0;0;0
93586;17/06/2024;North;prepaid;monthly;fiber;16;0;134,9;2206,23;13.75;1;0;0;0
33507;09/12/2024;North;prepaid;annual;dsl;69;0;73,53;5423,24;6.05;2;1;0;0
66814;11/04/2024;Southeast;postpaid;annual;fiber;19;0;127,41;2324,35;7.74;0;0;0;0
14038;2024-12-27;Center-West;prepaid;monthly;cable;3;1;57,63;160,23;10.66;1;0;0;1
90219;2024-09-29;Center-West;postpaid;monthly;dsl;3;1;93,22;283,79;7.53;1;0;0;0
17307;19/03/2024;Southeast;postpaid;annual;fiber;17;0;168,04;2821,12;9.71;1;0;0;0
62484;2024-12-28;Northeast;postpaid;annual;dsl;45;1;151,64;;24.79;4;0;0;0
99160;2024-11-01;Southeast;postpaid;monthly;dsl;33;0;104,48;3417,68;6.34;1;0;0;0
30582;10/05/2024;Northeast;postpaid;monthly;dsl;52;1;52,03;2763,47;6.24;0;1;0;0
27732;19/11/2024;Center-West;postpaid;monthly;cable;17;0;89,79;1664,55;18.94;3;0;0;0
12194;13/09/2024;Southeast;prepaid;monthly;cable;17;1;50,8;814,58;11.0;3;0;1;0
45076;2024-01-06;North;prepaid;annual;fiber;29;0;40,28;1107,99;11.78;1;0;0;0
48551;2024-10-08;Southeast;postpaid;monthly;fiber;57;0;165,98;10403,28;9.03;2;0;0;0
70024;16/11/2024;North;prepaid;monthly;FIBRE;36;1;103,71;4091,44;9.11;2;0;0;1
10360;2024-10-24;Center-West;prepaid;annual;dsl;55;0;43,41;2369,13;9.97;1;0;1;0
40792;2024-06-16;Southeast;prepaid;monthly;cable;7;0;137,5;959,04;;2;0;0;1
73119;2024-08-08;South;postpaid;monthly;dsl;30;1;41,13;1250,05;16.87;1;1;0;0
88489;2024-10-02;Center-West;prepaid;monthly;fiber;32;0;89,42;2893,72;5.7;1;0;0;0
16695;2024-05-28;South;prepaid;annual;cable;5;0;64,54;337,28;6.61;4;0;0;1
96999;24/05/2024;Southeast;prepaid;annual;dsl;23;1;54,69;1264,19;19.15;1;0;0;0
53515;03/08/2024;North;prepaid;monthly;fiber;20;1;110,03;2304,04;;1;0;0;0
71981;07/01/2024;North;postpaid;annual;cable;33;0;137,95;4796,45;8.45;2;0;0;0
21588;2024-02-06;Northeast;prepaid;monthly; fiber ;12;0;103,08;1198,39;12.75;1;0;0;0
62730;2024-11-10;South;postpaid;monthly;dsl;20;1;153,12;3180,3;7.65;2;2;0;1
89026;2024-12-19;Center-West;postpaid;monthly;fiber;69;1;167,61;11663,13;18.53;0;0;1;0
72687;2024-06-12;North;prepaid;monthly;cable;11;1;151,08;1813,55;6.92;3;0;0;1
30203;26/02/2024;South;postpaid;monthly;fiber;59;1;173,47;10319,96;7.49;1;0;0;1
49782;14/02/2024;Center-West;postpaid;annual;fiber;39;1;169,36;6975,9;8.29;1;1;0;0
11845;2024-03-20;Center-West;postpaid;monthly;dsl;6;1;154,88;857,41;;0;1;0;1
42026;2024-05-21;North;prepaid;annual;cable;29;1;73,89;2204,63;19.74;0;0;1;0
19218;2024-08-06;Southeast;prepaid;annual;fiber;37;0;56,15;1916,55;14.64;2;0;0;0
64553;2024-04-13;North;postpaid;monthly;fiber;20;0;139,05;2875,73;16.91;0;0;0;0
98818;15/07/2024;North;postpaid;monthly;cable;19;0;156,83;2876,42;3.72;1;0;0;1
23435;2024-09-05;Southeast;postpaid;monthly;dsl;51;1;153,47;8038,0;3.59;0;1;1;0
36013;2024-01-25;Northeast;postpaid;monthly;fiber;3;1;126,54;374,62;4.38;1;0;0;0
15337;2024-07-24;Center-West;prepaid;monthly;fiber;66;0;154,48;10846,61;10.15;1;0;0;0
41450;23/07/2024;Southeast;postpaid;annual;fiber;23;0;136,07;2893,46;7.93;1;2;0;1
49880;2024-09-18;Northeast;postpaid;annual;dsl;28;1;129,8;3447,86;4.57;1;1;0;0
38644;2024-08-30;Southeast;postpaid;monthly;dsl;10;0;36,99;364,3;1.03;1;1;0;1
82553;2024-12-19;Northeast;prepaid;monthly;dsl;63;1;99,07;6054,34;14.32;0;2;0;0
67143;2024-06-24;North;prepaid;monthly;fiber;16;1;35,08;515,4;21.66;0;0;0;0
60501;2024-03-28;Southeast;postpaid;annual;cable;58;0;43,86;2508,8;;1;0;0;0
42539;2024-07-29;Center-West;postpaid;monthly;fiber;24;1;111,15;2707,14;9.81;1;0;1;0
82961;2024-03-06;Southeast;postpaid;monthly;cable;3;1;37,12;116,56;12.02;0;1;0;0
23993;2024-02-12;North;prepaid;annual;fiber;30;0;166,98;4707,41;6.95;1;1;0;0
60344;2024-08-31;Southeast;prepaid;monthly;fiber;38;1;97,55;3546,24;10.48;2;2;1;0
33559;2024-11-23;Center-West;postpaid;monthly;fiber;34;0;134,99;4542,77;10.03;1;0;1;1
53597;25/07/2024;Northeast;prepaid;annual;fiber;71;1;52,17;3955,35;13.31;0;1;0;0
84265;2024-12-28;Center-West;prepaid;monthly;fiber;37;0;157,14;5669,89;6.66;0;0;0;0
63167;2024-07-22;North;postpaid;monthly;dsl;56;1;101,71;5952,82;32.54;1;1;1;1
19369;12/08/2024;North;prepaid;monthly;cable;27;0;113,82;3309,0;4.86;0;0;0;0
32107;19/08/2024;Northeast;postpaid;monthly;dsl;11;1;127,27;1311,57;11.93;1;1;0;1
60580;19/07/2024;Northeast;prepaid;annual;dsl;36;0;110,98;4109,29;;1;0;1;0
80282;07/04/2024;Center-West;postpaid;monthly;fiber;40;0;114,48;4282,62;5.11;3;0;0;0
76322;2024-09-12;Southeast;postpaid;annual;cable;30;1;141,68;4505,01;3.32;0;0;0;0
75028;2024-07-15;Northeast;postpaid;monthly;fiber;55;0;150,97;8073,16;15.67;0;0;0;0
29821;2024-11-18;Southeast;postpaid;annual;FIBRE;69;1;75,92;5364,42;32.88;1;0;0;0
27392;2024-02-21;South;prepaid;annual;fiber;6;1;168,31;1095,97;2.67;0;0;0;0
49370;08/03/2024;Center-West;postpaid;monthly;fiber;5;1;83,08;394,57;32.73;0;1;0;1
28423;2024-08-19;South;postpaid;annual;dsl;20;0;70,85;1455,37;16.05;1;0;0;0
58582;30/06/2024;Northeast;postpaid;annual;FIBRE;42;1;76,71;;10.32;0;0;0;0
58036;2024-05-26;North;postpaid;annual;fiber;4;0;83,78;345,92;17.27;3;0;0;0
61834;2024-05-27;South;postpaid;monthly;cable;14;0;77,54;999,12;20.18;0;0;0;0
47939;28/08/2024;South;postpaid;annual;fiber;30;1;156,56;4323,14;9.37;0;0;0;0
89751;2024-02-28;North;postpaid;monthly;dsl;27;1;114,17;3295,57;38.22;0;1;0;0
38405;24/06/2024;Northeast;prepaid;annual;fiber;61;0;175,15;10228,66;32.17;0;0;0;0
72410;2024-05-30;Northeast;postpaid;annual;cable;39;1;42,59;1721,03;;0;1;0;0
63314;2024-07-24;Center-West;postpaid;monthly;dsl;62;1;122,1;7862,6;12.69;1;0;0;0
70970;2024-11-16;Center-West;prepaid;annual;fiber;54;1;44,4;;4.99;1;1;0;0
10995;2024-01-16;Northeast;postpaid;annual;cable;30;1;98,83;2907,06;4.1;2;0;0;0
46532;11/02/2024;Northeast;postpaid;monthly;fiber;70;0;87,41;5649,29;8.71;0;0;0;0
79089;2024-06-23;South;prepaid;monthly;fiber;60;1;132,12;7306,65;12.39;2;1;0;0
28664;2024-03-07;North;postpaid;monthly;dsl;36;0;141,82;5499,35;6.0;0;0;1;1
48617;2024-07-22;Southeast;postpaid;monthly;dsl;61;0;65,71;4127,97;16.96;2;0;0;1
12308;2024-08-22;South;postpaid;monthly;FIBRE;19;0;59,06;1083,28;13.03;0;0;0;0
38201;20/12/2024;Center-West;prepaid;annual;fiber;15;0;92,93;1410,4;10.93;2;0;0;0
44076;18/03/2024;North;postpaid;monthly;fiber;57;1;66,3;3869,26;6.53;1;1;0;0
15080;2024-03-03;Southeast;prepaid;annual;dsl;57;1;131,49;6774,03;6.97;0;0;0;0
27445;2024-03-04;Northeast;postpaid;annual;cable;16;1;107,65;1668,69;9.0;1;0;0;0
18656;2024-09-29;Center-West;prepaid;annual;fiber;54;0;154,05;8438,71;7.32;2;0;0;0
65343;03/12/2024;Center-West;postpaid;monthly;cable;37;0;177,19;6363,28;8.36;0;0;0;0
74422;23/04/2024;South;postpaid;monthly;fiber;40;1;86,72;3325,08;6.58;1;0;0;0
90005;2024-06-09;North;postpaid;annual;dsl;61;0;166,8;10108,91;13.79;1;0;0;0
59215;2024-12-26;North;postpaid;monthly;cable;12;1;146,58;1840,72;4.67;0;1;0;0
52274;19/03/2024;South;postpaid;monthly;dsl;29;0;52,37;1591,22;18.32;0;0;0;0
51947;2024-01-19;South;postpaid;annual;fiber;21;1;155,39;3323,81;7.6;1;1;0;0
88333;2024-07-03;South;prepaid;monthly;fiber;40;1;102,23;4308,93;14.13;1;1;0;0
49039;23/07/2024;Center-West;postpaid;monthly;fiber;12;1;136,37;1519,45;;2;0;1;1
89447;2024-01-25;Northeast;postpaid;monthly;dsl;9;0;135,39;1135,24;4.2;3;1;0;1
66206;29/07/2024;Center-West;postpaid;monthly;cable;50;0;162,89;8568,91;17.66;0;1;0;0
31212;25/03/2024;Center-West;postpaid;annual;fiber;4;1;144,17;550,54;26.2;1;0;1;0
37321;19/02/2024;Center-West;postpaid;monthly;fiber;30;1;153,69;4333,75;;1;0;0;0
84626;27/07/2024;Southeast;postpaid;annual;fiber;71;1;78,14;;2.97;0;0;0;0
10802;2024-11-10;Center-West;postpaid;annual;dsl;71;1;175,97;12339,06;13.26;0;1;0;0
73359;07/03/2024;Southeast;prepaid;monthly;dsl;13;0;129,24;1694,69;11.11;1;0;0;0
91965;23/02/2024;North;postpaid;monthly;fiber;66;1;146,05;9221,14;6.12;2;0;0;0
30399;03/12/2024;North;postpaid;monthly;dsl;24;1;158,83;3703,31;11.18;0;0;1;0
32948;2024-10-21;South;postpaid;annual;fiber;15;1;48,57;796,53;22.01;0;0;0;1
94777;2024-03-30;Southeast;postpaid;annual;dsl;36;0;80,46;2756,19;19.64;0;0;0;0
41019;16/04/2024;Southeast;prepaid;monthly;fiber;35;1;155,39;5342,27;8.65;3;0;0;0
19280;14/04/2024;Center-West;prepaid;monthly;fiber;27;1;168,3;4422,11;8.54;0;1;0;1
51865;08/06/2024;South;postpaid;monthly;dsl;31;1;143,41;4507,37;5.81;1;0;1;1
77861;2024-09-15;South;prepaid;monthly;dsl;7;0;102,35;763,07;8.76;0;0;0;0
40675;2024-10-13;Center-West;prepaid;monthly;fiber;19;0;67,67;1391,65;12.08;1;0;0;1
11891;2024-11-12;Southeast;prepaid;monthly;dsl;14;1;108,75;1493,72;11.79;0;0;0;0
66715;28/12/2024;Center-West;postpaid;annual;dsl;67;1;89,6;5904,42;12.8;2;0;0;0
72530;2024-01-31;Center-West;postpaid;monthly;fiber;36;0;162,84;5949,11;12.73;1;0;0;0
34658;27/08/2024;North;prepaid;monthly;cable;39;1;115,09;4834,64;6.63;1;0;0;0
52159;22/07/2024;Southeast;prepaid;annual;cable;32;1;88,81;2603,23;17.51;1;0;0;0
46225;2024-11-22;Southeast;postpaid;annual;FIBRE;63;1;104,77;7224,42;19.31;0;0;0;0
32289;2024-09-24;South;prepaid;monthly;cable;57;1;170,04;10212,03;11.06;0;2;0;0
82716;2024-10-29;North;postpaid;annual;dsl;49;0;121,99;5926,96;38.85;1;0;0;0
36397;11/11/2024;Southeast;postpaid;monthly; fiber ;23;1;64,35;1513,21;13.65;0;0;0;0
16619;2024-10-21;North;prepaid;annual;dsl;22;1;105,01;2524,14;4.71;1;0;0;0
24119;2024-02-01;Southeast;postpaid;monthly;fiber;67;1;99,85;6289,17;9.03;1;0;0;0
32029;2024-08-14;North;prepaid;annual;dsl;67;1;76,56;5582,76;8.68;2;1;0;1
69539;2024-12-29;Southeast;prepaid;monthly;cable;21;0;140,44;2764,49;2.94;2;0;0;0
27516;2024-06-18;Northeast;postpaid;annual;fiber;24;1;70,24;1841,7;9.3;3;0;0;1
37491;2024-02-06;Southeast;postpaid;annual;dsl;24;0;103,88;2250,92;;2;0;0;0
62657;2024-01-18;Southeast;postpaid;monthly;fiber;56;0;96,16;5609,76;18.83;0;0;0;0
16665;2024-10-20;Southeast;prepaid;monthly;dsl;68;1;100,03;6163,41;27.3;0;0;0;0
35635;07/11/2024;Center-West;prepaid;monthly;cable;64;0;115,02;7305,18;14.2;1;0;0;0
21111;2024-02-23;Southeast;postpaid;monthly; fiber ;60;1;132,49;7165,36;16.27;0;0;0;0
63098;2024-12-15;North;postpaid;annual;dsl;25;1;51,45;1168,6;7.38;0;1;1;0
61907;2024-08-13;North;postpaid;annual;FIBRE;23;0;73,25;1782,82;15.15;1;0;0;0
96101;2024-04-29;North;prepaid;monthly;dsl;64;1;145,93;10124,09;13.45;1;0;0;0
65135;2024-05-04;Northeast;postpaid;monthly;dsl;29;0;166,16;5023,37;8.74;2;0;0;0
41224;2024-03-25;Center-West;postpaid;annual;dsl;16;0;36,7;627,21;27.91;2;0;0;0
18583;2024-05-04;South;postpaid;monthly; fiber ;60;0;41,0;2290,52;4.68;0;0;0;0
54957;2024-02-11;Center-West;prepaid;annual;dsl;35;1;170,07;6069,76;11.24;2;0;0;0
69632;2024-05-15;South;postpaid;monthly;dsl;7;0;52,19;365,16;22.02;3;1;0;0
46348;2024-02-26;Center-West;prepaid;monthly;dsl;64;0;176,89;12128,38;6.13;0;0;0;0
49118;19/09/2024;North;postpaid;monthly;dsl;21;1;154,23;3275,0;7.87;0;1;1;1
46046;2024-09-21;Northeast;postpaid;monthly;cable;22;1;48,11;1146,46;16.7;0;0;0;0
79869;2024-05-21;Center-West;postpaid;annual;fiber;38;0;45,38;1865,59;16.71;0;1;0;1
32127;29/12/2024;Northeast;postpaid;monthly; fiber ;20;1;176,59;3421,23;9.97;1;0;0;1
98196;06/12/2024;Center-West;postpaid;annual;cable;59;0;68,22;4222,78;;0;0;0;0
88580;2024-10-06;North;postpaid;annual;fiber;50;1;110,8;5966,28;11.18;2;0;0;0
48574;2024-03-13;Southeast;postpaid;monthly;cable;41;0;65,44;2610,92;17.79;0;1;0;1
63062;25/06/2024;North;postpaid;monthly;dsl;15;1;120,1;1900,42;18.22;1;0;0;0
21454;2024-01-02;Southeast;prepaid;annual;cable;35;1;156,0;4914,58;23.25;1;1;0;0
31409;2024-01-20;Center-West;postpaid;annual;dsl;20;0;128,54;2533,22;23.15;2;1;0;0
37653;2024-03-05;South;postpaid;monthly;cable;69;1;36,99;;13.09;1;0;0;0
93574;2024-09-08;South;postpaid;monthly;dsl;57;0;119,28;6614,84;5.33;0;1;0;0
65959;2024-12-16;South;postpaid;annual;dsl;9;1;129,15;1251,52;6.87;1;0;1;0
32557;08/01/2024;Northeast;postpaid;monthly;fiber;38;1;60,13;2354,53;7.55;2;0;0;0
54918;2024-08-22;North;prepaid;annual;fiber;56;0;144,32;8140,52;10.17;1;0;0;0
81678;2024-06-17;Center-West;postpaid;monthly;fiber;38;1;124,03;5057,71;11.68;0;0;0;0
33546;2024-08-12;North;prepaid;annual;cable;10;1;31,43;330,0;5.97;0;0;1;0
15554;2024-06-03;South;prepaid;monthly;fiber;10;1;172,58;1637,26;2.73;2;0;0;0
83713;2024-12-22;Southeast;prepaid;annual;dsl;53;1;96,84;5442,42;14.59;2;0;0;0
38869;2024-03-30;Southeast;prepaid;monthly;dsl;38;0;64,86;2471,37;10.75;0;0;0;0
75830;14/06/2024;South;prepaid;monthly;fiber;39;1;42,93;1575,59;28.92;0;1;1;0
95043;2024-09-12;Center-West;postpaid;monthly;cable;20;1;86,16;1887,46;7.37;0;0;1;0
31351;2024-04-24;North;prepaid;annual;fiber;19;1;76,17;1418,31;26.23;0;0;0;0
50335;2024-12-26;Center-West;postpaid;monthly;dsl;29;1;74,69;1964,88;6.27;1;3;0;1
59319;2024-01-04;Southeast;prepaid;monthly;fiber;39;0;148,98;6299,6;10.44;1;0;0;0
34632;2024-08-15;Southeast;postpaid;annual;fiber;34;1;126,89;3992,41;11.12;1;0;0;0
88211;2024-04-11;Center-West;postpaid;monthly; fiber ;63;1;49,96;;3.9;1;1;0;0
87482;11/02/2024;Southeast;prepaid;monthly;dsl;14;1;136,21;1913,79;12.49;0;0;1;0
22264;2024-06-23;Southeast;postpaid;annual;fiber;34;1;138,52;4954,97;6.83;0;0;0;0
71106;2024-08-05;North;postpaid;annual;cable;17;0;107,14;1667,74;20.31;0;0;0;0
67536;2024-01-01;Center-West;postpaid;annual;dsl;1;0;179,37;188,29;16.47;1;0;0;1
54176;2024-08-19;Northeast;prepaid;monthly; fiber ;30;1;72,52;2263,25;;0;1;0;0
89495;10/11/2024;Southeast;postpaid;monthly;fiber;5;1;38,77;186,3;7.84;1;0;0;0
97547;03/01/2024;Center-West;postpaid;annual;fiber;27;0;34,32;980,99;5.01;2;0;0;0
37217;2024-07-18;Center-West;prepaid;monthly;dsl;45;1;78,08;3290,01;25.47;1;0;0;0
13836;2024-12-17;Center-West;postpaid;annual;dsl;27;1;104,69;3090,32;24.31;1;0;0;0
29799;2024-11-16;Center-West;prepaid;monthly;fiber;49;0;41,73;2222,09;7.7;2;0;0;0
90351;2024-06-21;South;postpaid;annual;dsl;21;0;114,87;2489,78;18.1;0;0;1;0
83547;15/09/2024;Center-West;prepaid;annual;fiber;29;1;165,13;4637,54;6.07;0;1;1;0
75775;22/04/2024;South;prepaid;monthly;dsl;63;1;149,53;9275,29;6.89;1;0;0;0
50933;2024-08-16;Center-West;postpaid;monthly;fiber;18;0;130,87;2479,43;10.75;1;0;0;1
44460;20/02/2024;North;postpaid;monthly;fiber;36;0;129,26;4381,36;13.97;0;0;0;0
26553;16/09/2024;Northeast;postpaid;monthly;fiber;51;1;139,55;6849,13;4.78;0;0;0;0
46695;18/06/2024;Northeast;postpaid;annual;dsl;26;1;104,13;2675,89;2.79;1;0;0;0
46823;27/09/2024;Northeast;prepaid;monthly;dsl;22;0;90,27;2098,24;6.66;3;0;0;0
65514;2024-10-22;Northeast;prepaid;monthly;fiber;50;1;76,0;3529,86;10.1;1;1;0;0
32710;26/05/2024;Northeast;prepaid;monthly;fiber;6;0;44,94;248,92;4.58;1;0;0;0
47343;17/04/2024;Northeast;postpaid;annual;dsl;19;0;114,32;2347,39;8.22;0;0;0;0
90166;18/09/2024;Southeast;prepaid;monthly; fiber ;30;1;100,88;3308,56;8.38;1;0;0;0
61632;2024-05-20;Center-West;postpaid;monthly;dsl;16;0;47,84;770,89;32.13;0;1;0;0
79734;2024-11-12;North;prepaid;annual;fiber;39;1;70,24;2855,03;14.19;1;0;0;0
36831;2024-06-20;South;prepaid;monthly;fiber;44;0;148,08;6116,2;12.16;0;1;1;0
81048;2024-10-01;North;prepaid;monthly;dsl;69;1;68,34;5060,98;9.05;1;0;0;0
80814;2024-12-11;Center-West;prepaid;annual;fiber;43;1;93,86;4332,47;23.16;1;0;0;0
15350;2024-09-03;Center-West;prepaid;monthly;dsl;43;0;54,2;2169,06;4.98;0;0;1;0
88411;2024-08-04;Center-West;postpaid;annual;fiber;52;0;55,48;3024,0;15.63;1;4;0;1
40957;31/10/2024;North;prepaid;annual;fiber;15;1;143,45;2026,17;23.96;1;0;0;0
42063;24/10/2024;Northeast;postpaid;annual;dsl;34;1;40,0;1346,48;17.34;0;0;0;0
24302;2024-03-17;South;postpaid;monthly;fiber;60;1;72,75;4217,24;7.1;1;1;1;0
47005;2024-05-24;Northeast;postpaid;monthly;dsl;13;0;177,13;2473,47;4.64;1;0;1;0
38675;28/04/2024;Northeast;postpaid;monthly;dsl;21;0;101,38;2114,07;17.85;0;0;0;1
19008;24/10/2024;South;prepaid;monthly;cable;16;1;120,93;2059,4;15.84;0;0;0;0
84395;2024-07-29;South;prepaid;monthly;fiber;69;1;126,12;;19.75;0;2;0;0
55885;2024-02-13;Southeast;prepaid;monthly;fiber;26;0;59,42;1540,8;16.63;1;0;0;0
19928;2024-03-15;Southeast;postpaid;annual;fiber;24;0;85,4;2119,98;20.64;1;1;0;0
73810;2024-04-17;North;postpaid;monthly;cable;58;0;90,11;4707,1;9.02;0;0;0;0
10628;10/09/2024;North;prepaid;annual;fiber;65;0;64,6;4233,87;11.32;0;1;0;0
98850;2024-08-06;Southeast;postpaid;annual;fiber;1;1;65,1;61,07;5.25;0;0;1;0
84104;2024-10-02;North;postpaid;annual;dsl;63;1;121,18;8067,53;4.52;0;0;0;0
80389;06/06/2024;Northeast;postpaid;annual;fiber;51;1;46,27;2532,63;13.49;0;0;0;0
32055;10/01/2024;South;postpaid;annual;dsl;62;1;49,37;3212,37;7.62;0;0;0;0
30538;23/04/2024;South;postpaid;monthly;fiber;7;0;116,0;883,28;24.41;0;0;0;0
41272;2024-08-28;South;postpaid;monthly;dsl;3;0;97,4;271,38;15.72;0;0;0;0
65685;2024-04-27;North;postpaid;annual;dsl;24;0;121,79;2758,04;11.89;0;0;0;0
18006;2024-01-12;South;prepaid;annual;fiber;61;1;34,04;2164,64;3.81;0;1;0;0
75985;2024-10-20;Northeast;prepaid;annual;dsl;36;0;135,74;4531,87;5.85;0;0;1;0
18766;2024-01-18;South;postpaid;annual;dsl;52;0;157,48;8205,82;6.94;0;0;0;0
75385;2024-09-17;North;postpaid;monthly;fiber;18;1;108,62;2027,0;8.67;1;0;0;1
38913;2024-02-24;South;prepaid;monthly;cable;24;1;156,13;;18.55;1;0;1;0
98037;2024-10-10;Southeast;postpaid;annual;dsl;63;0;89,95;5555,32;4.34;0;1;0;0
55132;24/03/2024;Northeast;prepaid;monthly;cable;35;1;41,84;1555,41;31.85;1;0;1;0
86857;27/07/2024;South;postpaid;monthly;dsl;56;0;86,63;4718,09;17.0;0;1;0;1
42029;2024-11-11;South;prepaid;annual;fiber;46;1;96,96;4630,35;5.36;2;1;0;0
61487;10/03/2024;Northeast;postpaid;annual;fiber;13;1;159,83;2265,92;23.44;0;0;1;0
22750;22/07/2024;Center-West;postpaid;monthly;fiber;67;0;80,21;5657,3;15.56;0;0;0;0
94527;2024-10-21;Northeast;prepaid;annual;FIBRE;68;1;77,27;5563,66;7.45;0;0;1;0
33348;21/01/2024;Center-West;prepaid;monthly;fiber;56;1;163,2;8800,31;17.16;1;0;0;0
32958;08/06/2024;Center-West;postpaid;annual;fiber;34;1;67,64;2147,06;5.59;3;0;0;0
95491;2024-12-16;North;prepaid;monthly;fiber;31;1;126,37;4106,78;11.39;1;0;0;0
47835;25/10/2024;Northeast;prepaid;annual;cable;22;1;79,0;1719,06;14.8;3;1;0;0
96751;2024-06-19;South;postpaid;monthly;fiber;46;0;172,72;8252,7;;0;0;0;0
91049;2024-01-11;North;prepaid;monthly;dsl;23;1;58,44;1291,87;12.23;1;1;0;0
38922;19/07/2024;North;prepaid;monthly;dsl;14;1;138,59;1827,16;13.92;1;0;0;1
81641;17/01/2024;Center-West;prepaid;monthly;dsl;5;1;112,51;562,77;8.57;0;0;0;0
26528;15/09/2024;Center-West;postpaid;monthly;fiber;31;0;176,81;5059,63;7.03;2;1;0;1
84441;2024-04-26;North;prepaid;annual;dsl;58;1;179,11;10523,36;11.65;2;0;0;0
18901;2024-11-02;Northeast;prepaid;annual;dsl;57;0;149,05;;9.4;0;0;0;0
15291;2024-06-08;South;prepaid;monthly;cable;61;0;45,52;2582,14;25.56;1;0;0;0
88663;2024-08-03;Center-West;prepaid;annual;fiber;44;1;100,35;4397,83;14.95;0;0;0;0
10034;2024-03-04;North;prepaid;annual;fiber;62;1;158,18;9983,28;9.57;2;0;0;0
60318;2024-08-16;North;prepaid;annual;dsl;56;0;125,77;7457,56;10.8;0;0;0;0
35084;28/06/2024;Northeast;prepaid;monthly;fiber;58;1;161,85;8983,24;7.31;0;0;0;0
98696;2024-02-01;Northeast;prepaid;monthly;dsl;37;0;149,9;5629,17;20.25;0;0;0;0
60935;28/08/2024;Southeast;postpaid;annual;dsl;7;0;76,94;547,33;15.71;0;0;0;0
77063;2024-01-20;South;prepaid;monthly;dsl;27;0;59,26;1493,3;26.58;0;1;0;0
36757;2024-11-30;Southeast;prepaid;monthly;cable;61;1;78,38;4322,1;12.2;3;0;0;0
66392;2024-04-04;Northeast;postpaid;annual;dsl;53;1;134,39;7274,27;9.81;2;0;0;0
47788;2024-06-16;Southeast;postpaid;monthly;cable;1;1;102,16;102,94;12.45;3;0;0;1
91494;2024-07-19;South;postpaid;annual;dsl;7;1;36,58;278,95;25.98;1;0;1;0
52652;20/08/2024;North;prepaid;monthly;fiber;47;0;141,37;6775,02;;0;1;0;0
95061;23/11/2024;Northeast;prepaid;annual;dsl;70;1;36,7;2414,94;7.85;0;0;0;0
63015;2024-06-30;North;prepaid;annual;dsl;52;0;91,4;4984,48;9.1;1;0;0;0
73316;2024-03-04;Center-West;prepaid;annual;cable;68;0;99,34;6109,01;7.22;0;1;1;0
53034;10/12/2024;Center-West;prepaid;annual;fiber;5;1;105,45;548,79;12.97;0;0;0;0
75513;09/12/2024;Southeast;postpaid;annual;fiber;63;0;50,86;3404,52;8.58;3;0;0;0
55467;2024-05-25;Center-West;prepaid;monthly;cable;10;0;142,17;1327,94;22.67;2;0;0;0
13121;2024-04-06;Northeast;postpaid;annual;fiber;63;1;157,41;9469,84;5.3;1;0;1;0
70674;2024-09-21;Northeast;prepaid;annual;dsl;70;0;134,69;8667,07;15.93;1;0;0;0
92222;26/10/2024;Southeast;prepaid;monthly;dsl;37;1;172,66;6001,32;21.02;1;1;0;0
39397;09/02/2024;Northeast;postpaid;monthly;fiber;38;0;68,63;2478,67;5.18;0;0;0;0
24632;2024-04-14;Northeast;postpaid;monthly;fiber;36;0;54,11;1862,2;14.52;0;0;0;0
73092;2024-04-14;North;prepaid;monthly;cable;40;0;40,09;1589,81;18.82;0;0;0;0
67268;2024-05-27;Southeast;postpaid;annual;fiber;59;1;138,23;8881,4;3.72;2;1;0;0
63073;31/07/2024;North;prepaid;monthly;dsl;20;1;54,32;993,7;6.46;1;0;1;0
43264;13/09/2024;Center-West;prepaid;monthly;dsl;21;0;170,73;3471,25;20.25;0;0;0;0
97027;2024-11-01;Northeast;postpaid;monthly;dsl;69;0;119,75;7797,79;20.29;0;0;0;0
16433;2024-11-17;Southeast;prepaid;monthly;fiber;61;1;150,62;9653,93;10.55;0;0;1;0
54897;2024-05-27;Center-West;prepaid;annual;fiber;39;0;95,2;4035,6;12.47;2;1;0;0
93549;30/03/2024;Center-West;postpaid;monthly;cable;15;1;140,23;2075,48;15.52;1;0;0;0
32937;2024-01-24;Southeast;prepaid;monthly;fiber;68;0;96,55;7091,72;18.46;0;0;0;0
64233;2024-10-08;Center-West;prepaid;monthly;fiber;63;1;110,81;7479,89;11.81;1;0;0;0
57363;2024-03-27;North;prepaid;annual;cable;24;1;146,04;3405,01;18.46;0;0;0;0
94967;2024-12-28;North;postpaid;annual;fiber;39;1;65,72;;2.69;0;0;0;0
11288;2024-04-30;North;postpaid;monthly;fiber;30;1;162,68;5338,74;9.74;0;0;1;0
35652;25/05/2024;Northeast;prepaid;monthly;cable;60;0;137,44;8757,06;15.31;1;1;0;0
59805;2024-09-21;Center-West;prepaid;monthly; fiber ;49;0;141,98;7261,43;13.44;0;0;0;0
14050;2024-02-05;Northeast;postpaid;monthly;fiber;36;0;65,72;2338,49;;1;1;1;1
25873;2024-04-01;Center-West;prepaid;annual;fiber;69;1;43,52;2829,24;6.43;1;0;1;0
88467;27/07/2024;Center-West;postpaid;monthly;dsl;44;0;40,93;1741,95;6.09;2;0;1;1
13093;2024-06-19;Southeast;postpaid;monthly;cable;35;0;127,05;4410,79;25.45;0;0;1;0
13143;27/03/2024;South;prepaid;monthly;dsl;66;0;52,5;3553,76;4.04;1;1;0;0
83436;06/05/2024;Northeast;prepaid;monthly;cable;32;0;179,88;5310,72;16.9;2;1;0;0
74753;2024-02-03;North;prepaid;monthly;FIBRE;30;1;174,16;5449,95;15.93;2;1;0;0
44913;2024-11-14;Southeast;prepaid;monthly;dsl;28;0;34,38;1006,43;8.2;0;0;0;0
23475;2024-08-08;Southeast;prepaid;monthly;FIBRE;16;1;138,76;2437,42;;2;0;0;0
94193;2024-11-20;North;postpaid;monthly;cable;20;0;69,12;1459,45;10.91;0;1;0;0
78362;2024-05-08;Northeast;prepaid;monthly;cable;7;1;81,13;623,55;11.55;2;0;0;1
15509;20/10/2024;Southeast;postpaid;annual;fiber;52;1;66,05;3134,96;6.53;1;0;0;1
34867;2024-04-20;Southeast;postpaid;monthly;cable;42;1;154,58;7048,99;7.1;0;0;0;0
83512;11/05/2024;Southeast;prepaid;monthly;dsl;67;0;164,06;11646,66;5.87;1;0;0;0
36691;2024-11-28;North;prepaid;monthly;fiber;44;0;36,06;1607,72;14.69;0;0;0;0
49531;2024-05-17;Southeast;prepaid;annual;dsl;6;1;70,51;410,64;14.35;1;0;0;0
38509;2024-02-10;North;postpaid;annual;cable;45;0;97,3;4067,23;2.61;0;0;0;0
87502;2024-08-14;North;prepaid;annual;fiber;13;1;108,27;1286,09;19.63;0;0;0;0
82701;2024-06-11;North;postpaid;annual;fiber;3;0;43,15;125,82;10.19;0;0;0;0
53830;2024-11-13;Northeast;postpaid;annual;cable;48;0;154,5;7282,61;3.94;0;0;0;0
13733;17/09/2024;North;postpaid;monthly;fiber;2;0;170,1;357,73;24.08;0;0;0;1
71681;31/10/2024;Northeast;postpaid;annual;fiber;30;1;90,43;2580,2;9.0;2;1;1;1
73617;14/08/2024;Northeast;postpaid;annual;dsl;64;0;158,59;9701,52;8.98;0;0;0;0
16430;2024-02-18;Center-West;postpaid;monthly;dsl;19;0;131,45;2339,95;10.63;0;0;1;1
43556;21/08/2024;Northeast;postpaid;monthly;fiber;50;1;118,76;6473,9;18.68;3;0;0;0
27458;2024-08-01;North;postpaid;monthly;FIBRE;27;0;152,86;3837,81;8.11;1;1;0;0
84241;20/10/2024;North;postpaid;monthly;cable;9;1;100,95;913,1;21.68;0;0;1;0
86678;2024-01-08;South;postpaid;annual;fiber;14;1;112,16;1525,92;5.86;1;0;0;0
64433;03/05/2024;North;postpaid;monthly;dsl;6;0;71,2;433,0;8.64;1;0;0;1
64330;2024-02-26;Southeast;postpaid;annual;cable;11;0;136,83;1357,38;2.1;2;0;0;1
90980;2024-06-14;Center-West;postpaid;annual;fiber;12;1;53,86;692,96;9.12;1;0;0;1
50000;2024-12-30;Center-West;postpaid;monthly;cable;63;0;66,47;4106,51;4.54;3;0;0;0
44791;2024-04-29;Southeast;prepaid;monthly;dsl;58;0;101,99;5632,55;5.1;1;2;0;0
13341;2024-01-13;Northeast;postpaid;annual;cable;26;1;87,8;2197,36;;2;0;0;0
77321;2024-04-03;Southeast;postpaid;annual; fiber ;52;1;65,94;3749,68;10.86;1;1;0;0
21447;27/09/2024;Northeast;postpaid;monthly;fiber;15;1;58,78;858,55;10.66;0;1;0;0
76539;13/05/2024;Southeast;prepaid;monthly;dsl;46;0;159,13;7276,53;16.64;0;0;1;0
32483;2024-03-14;North;postpaid;annual;cable;15;1;118,63;1908,97;8.82;1;0;0;0
89040;2024-05-03;Northeast;postpaid;annual;cable;46;1;86,61;4378,83;14.88;1;0;0;0
11527;10/09/2024;Northeast;postpaid;monthly;fiber;26;0;156,87;4464,53;11.62;0;0;0;0
99788;2024-06-03;North;postpaid;monthly;dsl;61;0;153,77;8694,41;7.63;0;0;1;1
32411;13/04/2024;Center-West;postpaid;annual;fiber;60;1;46,63;2830,19;19.11;0;0;0;0
43953;2024-11-08;Northeast;postpaid;monthly;dsl;24;0;115,09;2816,72;6.84;0;0;0;0
95092;03/07/2024;South;prepaid;monthly;cable;3;1;75,84;240,39;3.5;2;0;1;1
58278;2024-05-07;Northeast;postpaid;monthly;dsl;23;1;111,13;2548,17;2.26;0;1;0;0
33434;2024-11-07;Northeast;prepaid;monthly;fiber;21;1;137,7;2875,13;7.92;2;0;0;0
89607;2024-06-11;South;postpaid;monthly;cable;31;0;31,28;942,41;;2;0;0;0
38502;2024-03-15;Northeast;postpaid;annual; fiber ;41;1;107,04;4591,13;9.82;1;0;0;0
98392;06/06/2024;Center-West;prepaid;annual;fiber;71;0;73,76;5398,32;2.09;0;1;0;0
26058;2024-10-13;Center-West;prepaid;monthly;dsl;5;0;110,1;603,81;13.34;0;1;0;0
51451;2024-04-13;Northeast;prepaid;monthly;dsl;40;1;46,48;1891,48;8.76;0;0;1;1
53813;2024-03-09;Northeast;postpaid;monthly;dsl;13;0;152,63;;;1;0;1;0
53508;24/06/2024;South;postpaid;annual;dsl;39;0;111,55;4757,11;10.81;3;2;0;1
35701;23/11/2024;Northeast;prepaid;annual;FIBRE;46;1;61,66;2573,85;14.58;0;0;0;0
28861;2024-11-12;South;postpaid;annual; fiber ;58;1;145,45;7656,21;4.22;0;0;0;0
90616;2024-11-17;North;prepaid;annual;dsl;40;1;35,67;1564,3;16.11;0;0;1;0
78726;2024-04-10;South;postpaid;annual;dsl;13;1;118,92;1576,71;12.76;0;0;0;0
86498;2024-11-05;South;prepaid;annual;dsl;65;0;105,26;;6.99;1;2;0;0
67623;2024-06-26;Southeast;prepaid;monthly;fiber;29;1;35,95;1030,35;23.74;0;0;1;1
96983;2024-04-30;Center-West;prepaid;annual;fiber;35;1;67,46;2334,45;33.23;0;0;1;0
37573;2024-06-25;Southeast;postpaid;annual;dsl;46;0;41,57;1760,79;7.1;3;2;0;0
22943;2024-09-18;Southeast;postpaid;monthly;fiber;19;0;139,86;2875,62;16.83;1;1;0;0
55989;2024-09-09;Center-West;postpaid;monthly;dsl;71;1;135,87;9301,92;10.39;1;0;1;0
50111;13/10/2024;North;postpaid;annual;fiber;4;1;43,39;175,26;14.23;1;1;0;0
66929;01/07/2024;North;prepaid;monthly;fiber;11;0;46,38;547,89;12.1;2;1;1;0
24961;2024-03-10;Northeast;prepaid;annual;FIBRE;71;0;162,04;12400,95;16.52;0;0;0;0
59325;23/03/2024;South;prepaid;monthly;fiber;33;0;60,13;1860,05;2.61;1;0;0;0
25704;18/03/2024;Southeast;postpaid;monthly;dsl;64;0;75,55;4515,47;13.97;1;1;1;1
34147;2024-05-14;Northeast;prepaid;monthly;fiber;65;1;132,64;7997,49;12.5;1;0;1;0
75839;2024-02-13;Southeast;postpaid;annual;FIBRE;71;0;39,11;2629,06;11.11;0;0;0;0
94255;2024-03-04;North;prepaid;monthly;cable;52;0;172,15;8628,91;20.48;1;0;1;0
71055;25/08/2024;Center-West;prepaid;annual;fiber;49;0;33,45;1713,69;5.2;1;0;0;0
94654;2024-02-02;Center-West;prepaid;monthly;dsl;44;0;157,37;6442,2;16.03;1;0;1;0
90345;2024-07-29;South;prepaid;monthly;fiber;49;0;84,14;3889,52;6.61;1;0;0;0
80416;2024-02-29;Northeast;postpaid;monthly;FIBRE;19;1;52,51;973,28;7.83;1;1;1;1
12300;2024-03-26;Northeast;postpaid;monthly;fiber;58;1;86,62;4545,02;7.09;1;2;0;0
68635;2024-02-06;North;prepaid;annual;cable;14;1;175,93;2340,85;11.01;1;1;0;1
91860;29/07/2024;Southeast;postpaid;annual; fiber ;35;0;109,35;;16.19;1;0;0;0
91426;2024-02-03;South;postpaid;monthly;dsl;27;1;38,89;1061,93;10.42;0;0;0;0
81561;2024-12-07;Northeast;postpaid;monthly;cable;55;0;171,23;9670,71;17.71;0;0;0;0
88773;2024-02-21;Center-West;postpaid;annual;fiber;19;1;51,53;958,0;8.48;1;0;0;0
98140;2024-05-09;Southeast;postpaid;annual;dsl;15;1;38,2;580,17;;1;0;1;0
84731;2024-05-16;Northeast;postpaid;monthly;fiber;58;1;36,81;2288,49;12.05;1;2;0;1
87579;2024-02-12;Center-West;postpaid;annual;fiber;35;0;153,95;5631,28;9.36;0;0;0;0
29229;2024-02-22;Center-West;postpaid;monthly;cable;52;1;52,95;2794,54;23.43;2;2;0;0
26742;2024-06-30;North;postpaid;monthly;fiber;63;0;56,85;3779,68;5.65;1;0;0;0
45995;2024-06-26;Southeast;prepaid;annual;cable;60;1;171,62;9871,38;13.23;1;1;0;0
41876;2024-06-04;South;postpaid;annual;dsl;29;1;121,74;3853,04;10.46;2;0;0;0
47131;2024-04-03;Center-West;postpaid;annual; fiber ;13;1;72,81;982,44;3.99;2;0;0;0
65221;2024-12-24;Center-West;prepaid;monthly;fiber;69;1;117,97;8419,51;3.09;0;0;0;0
31724;2024-11-01;Northeast;postpaid;monthly;dsl;23;0;66,46;1615,81;3.24;1;0;0;0
28950;2024-05-04;Southeast;postpaid;annual;fiber;55;1;104,14;5159,43;16.17;0;0;0;0
75472;2024-02-12;Southeast;prepaid;monthly;fiber;55;1;80,19;4094,1;10.29;2;0;0;0
10982;2024-05-26;North;postpaid;monthly;fiber;32;1;123,39;4006,27;14.38;1;1;0;0
81681;2024-09-18;North;postpaid;annual;fiber;12;0;143,82;1763,05;14.79;0;1;0;0
81674;2024-10-26;Southeast;postpaid;monthly;cable;34;1;82,28;3019,66;2.3;0;0;0;1
98661;2024-01-27;Northeast;prepaid;monthly;fiber;11;0;51,59;571,15;25.58;0;1;1;0
62014;22/03/2024;North;prepaid;monthly;fiber;26;0;83,36;2066,91;18.34;1;0;0;0
87409;2024-12-19;Southeast;postpaid;annual;dsl;28;0;143,72;4015,47;10.22;0;0;0;0
80301;2024-05-12;Southeast;prepaid;monthly;dsl;37;0;148,06;5276,09;13.83;1;0;0;0
49977;16/09/2024;North;prepaid;monthly;cable;14;0;147,83;2144,28;4.84;1;1;0;1
60771;2024-10-17;Northeast;prepaid;monthly;cable;61;0;176,19;10988,38;4.25;5;0;0;0
16059;2024-11-10;Center-West;prepaid;monthly;fiber;6;0;153,72;865,04;;1;0;0;0
10655;2024-12-24;North;postpaid;monthly;fiber;70;0;175,29;11954,29;6.81;0;0;0;0
20807;03/02/2024;South;postpaid;annual;dsl;23;1;124,02;2953,3;;1;1;0;0
46708;2024-04-30;Center-West;postpaid;monthly;fiber;35;0;64,4;2454,26;7.89;2;0;0;0
54705;2024-08-10;North;postpaid;monthly;dsl;63;0;121,23;7478,22;;3;0;0;0
77404;17/02/2024;South;prepaid;monthly;fiber;47;1;59,68;2929,57;13.63;1;0;0;0
64953;03/01/2024;North;prepaid;monthly;cable;5;0;42,8;210,66;7.07;1;0;0;0
63249;2024-07-14;Southeast;prepaid;monthly;dsl;43;1;75,2;3156,43;14.89;0;0;0;0
18173;2024-05-15;South;prepaid;annual;dsl;41;1;84,42;3553,35;4.95;0;0;0;0
27507;2024-03-01;North;prepaid;annual;fiber;67;0;136,33;9975,17;;2;0;0;0
44899;2024-12-24;Center-West;prepaid;annual;cable;40;1;84,46;3258,05;17.78;1;0;0;0
34836;2024-06-19;Northeast;prepaid;monthly;dsl;71;1;30,47;2139,06;2.63;1;0;0;0
29403;13/05/2024;Northeast;prepaid;annual;cable;38;0;167,54;5798,56;21.0;2;0;0;0
43550;2024-12-10;North;postpaid;annual;cable;14;1;118,41;1700,68;8.1;0;0;0;0
16177;2024-07-29;Southeast;postpaid;monthly;fiber;36;1;61,61;2162,69;17.98;2;0;0;0
28833;30/03/2024;South;postpaid;monthly;fiber;66;1;67,84;4136,87;8.11;2;1;0;0
73801;07/07/2024;Center-West;postpaid;annual;fiber;2;0;48,62;99,57;3.47;1;0;1;1
26157;08/10/2024;Southeast;postpaid;monthly;dsl;29;1;165,98;4986,72;7.31;0;0;0;0
57018;2024-04-23;Center-West;prepaid;monthly;dsl;4;0;64,53;238,69;19.9;1;0;0;1
30674;2024-04-04;Northeast;postpaid;annual;fiber;60;1;171,1;10470,25;11.52;1;0;0;0
49364;2024-01-22;South;prepaid;monthly;cable;37;1;69,65;2754,36;18.2;1;0;1;0
30830;2024-07-24;Northeast;prepaid;annual;fiber;51;1;149,89;7707,82;8.25;1;0;0;0
23891;2024-11-13;Center-West;prepaid;monthly;dsl;69;1;31,57;2307,54;6.21;1;0;0;0
68208;26/01/2024;Southeast;prepaid;monthly;fiber;60;0;102,49;6140,04;17.57;2;0;0;0
71651;2024-08-31;Southeast;prepaid;monthly;fiber;29;0;85,38;2343,45;10.19;0;0;1;0
23337;2024-02-09;Northeast;postpaid;monthly;fiber;67;1;80,19;5001,38;12.61;0;2;0;0
47293;2024-12-22;Center-West;postpaid;annual;dsl;34;1;178,82;5751,97;13.2;1;0;0;0
80224;2024-03-05;Southeast;postpaid;annual;dsl;70;1;138,13;9942,68;2.49;0;0;0;0
17725;13/08/2024;Northeast;postpaid;annual;fiber;70;0;68,37;4586,65;15.22;0;1;0;0
77572;2024-12-30;Southeast;postpaid;monthly;dsl;16;0;142,87;2307,33;4.99;0;0;0;1
81995;2024-02-08;Northeast;prepaid;monthly;dsl;56;0;49,44;2936,81;3.07;1;1;0;0
35287;10/07/2024;Northeast;postpaid;monthly;fiber;50;0;168,89;7766,77;;1;1;0;1
69499;2024-06-10;Southeast;postpaid;monthly;dsl;55;0;93,96;4772,22;9.24;0;0;0;0
44405;2024-01-13;Northeast;prepaid;annual;FIBRE;12;1;58,6;736,46;22.26;2;0;0;1
10041;2024-04-06;Center-West;prepaid;monthly;cable;36;1;70,92;2313,19;15.72;1;1;1;0
42448;06/09/2024;Center-West;postpaid;monthly;dsl;11;0;53,27;551,63;2.92;1;0;0;1
23741;2024-12-07;Southeast;postpaid;monthly; fiber ;64;1;169,58;10705,58;12.53;2;1;0;1
71134;2024-09-20;South;postpaid;annual;dsl;63;1;75,88;5227,33;10.12;0;0;0;0
27764;2024-03-18;South;postpaid;monthly;fiber;42;0;51,43;2170,42;5.55;1;0;0;0
39343;03/08/2024;North;prepaid;annual;cable;10;1;151,94;1410,77;14.74;0;0;0;0
25266;2024-06-11;Southeast;postpaid;annual;dsl;47;1;61,99;2962,22;22.2;1;0;0;0
40971;2024-05-04;Center-West;prepaid;annual;fiber;32;0;44,12;1376,94;10.73;0;1;0;0
87802;10/12/2024;Northeast;prepaid;monthly;dsl;56;1;130,26;6649,98;8.21;0;0;1;0
61963;2024-02-27;Center-West;postpaid;monthly;fiber;8;0;31,11;249,07;11.09;1;0;0;0
75624;2024-02-01;Southeast;prepaid;monthly;cable;29;1;154,86;4612,9;12.55;2;0;0;0
53025;27/03/2024;Southeast;postpaid;annual;cable;26;0;114,41;3248,59;29.07;0;0;1;0
79430;28/09/2024;Center-West;prepaid;annual;dsl;68;0;67,02;4762,9;6.56;0;0;0;0
76251;2024-05-15;South;postpaid;monthly;dsl;22;1;101,04;2347,62;6.75;0;2;0;0
41377;2024-08-22;Northeast;postpaid;monthly;dsl;71;0;69,36;5330,27;17.32;0;0;0;0
58836;2024-06-04;Center-West;postpaid;monthly;fiber;66;0;109,93;6999,25;7.73;0;0;0;0
82263;2024-06-06;Southeast;postpaid;annual;fiber;42;0;115,75;4925,17;2.36;1;0;0;0
78611;2024-04-06;Southeast;postpaid;monthly;cable;13;1;145,75;2073,35;22.35;2;0;0;1
26972;06/02/2024;Southeast;postpaid;monthly;fiber;16;0;99,91;1615,47;21.67;2;1;0;0
36989;2024-04-06;Southeast;postpaid;annual;fiber;2;0;148,0;274,13;4.45;1;0;0;0
25742;01/11/2024;Southeast;postpaid;monthly;fiber;56;0;40,39;2469,11;10.75;1;0;0;0
62242;23/12/2024;Center-West;prepaid;monthly;cable;52;0;168,2;8488,99;3.02;1;0;0;0
83937;2024-01-10;Northeast;prepaid;monthly;cable;23;1;57,83;1264,15;16.45;2;0;0;0
78240;2024-07-16;Center-West;prepaid;monthly;fiber;52;0;155,49;8296,51;16.03;0;0;0;0
48104;2024-10-13;Center-West;prepaid;annual;fiber;41;0;104,19;4145,78;1.45;0;3;0;0
26824;27/08/2024;Center-West;prepaid;monthly;cable;58;1;45,71;2604,15;10.27;2;0;1;0
14178;08/08/2024;South;prepaid;monthly;fiber;7;0;83,97;554,37;18.8;1;0;0;0
43554;2024-06-01;South;postpaid;monthly;cable;15;1;167,75;2283,67;3.27;0;1;1;1
39501;11/03/2024;Center-West;prepaid;monthly;cable;58;0;155,21;8233,21;11.89;2;0;1;0
78732;2024-02-27;South;postpaid;annual;dsl;27;0;138,35;3568,85;2.36;1;0;0;0
87095;2024-07-23;Southeast;prepaid;annual;fiber;69;0;86,98;5909,01;5.46;0;1;1;0
91592;20/08/2024;Northeast;postpaid;monthly;dsl;63;0;118,32;7941,01;2.97;0;1;0;1
79885;10/09/2024;Center-West;prepaid;monthly;cable;7;0;64,82;427,82;24.21;0;0;0;1
81976;2024-06-20;Center-West;postpaid;monthly;fiber;29;1;127,18;3802,08;18.36;1;1;0;0
18890;2024-05-21;Center-West;prepaid;monthly;cable;52;0;69,14;3901,6;2.52;0;0;0;0
51441;04/11/2024;Southeast;postpaid;monthly;fiber;10;1;154,35;;12.34;1;0;0;1
21706;2024-10-19;Northeast;prepaid;annual;cable;62;0;135,67;9217,13;2.54;0;0;0;0
91544;20/02/2024;Center-West;postpaid;monthly;dsl;7;1;87,91;632,29;15.23;0;0;0;0
66885;2024-12-15;Northeast;prepaid;monthly; fiber ;8;0;128,92;1125,63;17.2;1;0;0;1
38001;29/01/2024;Center-West;postpaid;monthly;fiber;39;1;78,77;2946,05;15.37;0;1;1;0
86145;2024-09-28;Center-West;prepaid;annual;fiber;18;0;53,35;990,07;12.3;1;0;0;0
32472;03/10/2024;North;postpaid;monthly;fiber;46;0;65,28;2797,99;9.22;2;0;0;0
57708;01/01/2024;Southeast;postpaid;annual;cable;28;0;70,75;2144,8;11.83;0;0;0;0
57261;28/06/2024;North;prepaid;monthly;fiber;20;1;63,99;1238,26;5.61;1;0;0;0
99863;2024-05-04;South;prepaid;annual;cable;60;0;131,75;7365,28;12.35;0;0;1;0
45882;2024-01-05;Southeast;prepaid;annual;FIBRE;12;0;140,95;1701,32;8.39;1;1;0;0
18944;29/11/2024;Southeast;prepaid;monthly;dsl;36;1;98,57;3312,43;3.01;0;0;0;0
48229;25/07/2024;Northeast;postpaid;monthly;cable;12;0;178,17;2043,99;5.0;1;1;0;1
84852;2024-05-03;North;prepaid;monthly;dsl;10;0;163,65;1597,74;17.14;0;0;0;0
30060;31/01/2024;North;prepaid;annual;cable;15;1;43,06;600,29;3.24;1;1;0;0
89899;2024-03-10;Northeast;postpaid;annual;cable;19;1;99,07;1709,29;11.23;1;1;0;0
53779;2024-06-07;North;prepaid;monthly;dsl;30;0;166,27;4863,31;8.05;0;1;0;0
46223;2024-02-22;Northeast;prepaid;monthly;dsl;34;1;63,04;2017,88;4.97;0;0;0;0
85651;2024-02-11;Southeast;postpaid;monthly;fiber;10;0;86,76;897,34;19.04;0;0;1;1
24371;19/10/2024;Center-West;postpaid;monthly;fiber;3;0;172,04;464,53;20.91;0;1;0;1
58768;2024-01-09;North;postpaid;annual;fiber;7;1;146,41;1055,15;3.51;0;0;0;0
47124;2024-03-29;Southeast;postpaid;monthly;cable;45;0;154,85;7028,7;11.42;1;1;0;0
52658;2024-04-03;Center-West;postpaid;monthly;dsl;70;1;161,92;11387,23;8.8;1;0;0;0
91997;2024-06-16;Northeast;prepaid;annual;dsl;2;1;55,68;111,53;11.14;0;0;0;0
12447;04/10/2024;Southeast;postpaid;annual;cable;3;1;134,89;408,09;38.84;0;1;0;1
37115;02/07/2024;Southeast;postpaid;annual; fiber ;56;0;150,42;8434,61;8.1;0;1;0;0
63609;10/02/2024;Southeast;postpaid;monthly;cable;52;1;63,97;3290,76;6.13;3;0;0;0
28470;2024-12-17;South;prepaid;annual;fiber;53;1;36,5;1872,52;9.73;0;0;0;0
84707;17/10/2024;Southeast;prepaid;monthly;fiber;13;1;56,75;717,55;12.85;2;1;0;0
92186;24/08/2024;Northeast;postpaid;monthly;dsl;62;0;141,21;8049,41;7.83;0;1;0;0
63851;2024-09-22;North;postpaid;monthly;fiber;45;1;134,14;5908,64;36.96;1;0;1;0
28131;2024-12-16;Center-West;postpaid;annual;dsl;12;1;163,76;1961,34;5.84;1;1;1;0
77217;20/10/2024;Northeast;postpaid;monthly;dsl;9;1;77,54;734,61;15.43;2;0;0;1
26799;17/03/2024;Northeast;postpaid;annual;cable;43;0;123,26;5234,67;23.25;0;1;0;0
72920;2024-07-22;North;prepaid;annual;FIBRE;56;0;34,02;2007,97;1.51;2;0;1;0
96115;2024-11-10;Southeast;prepaid;annual;fiber;56;0;170,26;10067,15;13.53;1;0;0;0
82663;2024-08-19;Southeast;prepaid;annual;fiber;42;0;113,17;4588,47;6.03;1;0;0;0
95619;2024-03-16;Northeast;prepaid;annual;fiber;37;0;142,26;5259,49;5.02;2;1;0;0
44357;2024-05-28;Southeast;prepaid;monthly;fiber;50;0;72,57;3502,16;9.24;2;0;0;1
57694;2024-04-10;Southeast;postpaid;monthly;fiber;10;0;42,29;386,74;22.35;1;2;1;1
99349;2024-06-24;South;postpaid;annual;cable;26;1;39,42;1097,64;17.63;0;0;0;0
54877;23/12/2024;Center-West;postpaid;monthly;cable;8;0;152,2;1295,65;2.97;1;0;0;1
60174;2024-05-03;North;prepaid;monthly;cable;60;0;52,79;2904,38;17.56;0;1;0;0
27610;29/06/2024;Northeast;postpaid;annual;fiber;44;0;153,6;6967,34;5.94;0;0;0;0
35547;2024-12-15;North;postpaid;monthly;dsl;56;1;69,79;4178,05;20.27;1;0;0;0
78540;2024-05-11;Southeast;postpaid;annual;fiber;36;1;111,19;3634,57;2.05;0;2;0;0
50892;2024-12-30;South;postpaid;monthly;fiber;67;0;69,29;4540,87;14.16;0;0;1;0
98090;2024-08-26;Southeast;postpaid;annual;fiber;66;1;37,51;2348,96;5.44;0;0;0;0
13227;2024-01-11;Northeast;postpaid;monthly;cable;44;1;111,34;4874,58;17.46;0;0;0;1
80342;11/10/2024;Southeast;postpaid;annual;dsl;60;1;85,07;4750,88;25.79;3;0;0;0
42686;2024-04-29;South;postpaid;annual;fiber;47;1;95,27;4060,32;9.35;0;1;0;0
68890;2024-06-14;Center-West;prepaid;monthly;dsl;52;1;120,23;;7.08;0;0;0;0
53130;2024-02-16;North;prepaid;monthly;cable;18;0;77,05;1511,36;8.53;1;1;0;0
77561;01/11/2024;North;prepaid;monthly;fiber;70;1;114,57;7325,49;9.86;1;0;0;0
43949;12/04/2024;North;postpaid;monthly;cable;14;1;128,67;1699,82;13.89;1;2;0;0
75170;21/08/2024;Northeast;postpaid;monthly;fiber;50;0;43,43;2226,24;3.21;2;0;0;0
44017;2024-01-19;South;postpaid;monthly;fiber;44;0;82,51;3731,03;4.58;0;1;1;0
30784;09/11/2024;Northeast;prepaid;annual;cable;7;0;43,49;279,82;10.97;0;0;0;1
25144;20/09/2024;Center-West;prepaid;monthly; fiber ;55;0;31,04;1722,73;10.05;0;0;0;0
22035;2024-12-12;North;postpaid;monthly;dsl;6;1;37,68;224,21;4.37;3;1;0;1
29971;2024-08-23;North;prepaid;monthly;FIBRE;37;1;118,83;4153,76;19.71;1;0;0;0
79202;2024-08-22;Southeast;postpaid;monthly;dsl;58;1;42,65;2624,77;6.49;2;1;0;0
63231;2024-09-26;South;prepaid;monthly;dsl;9;1;160,28;1576,85;28.92;2;0;0;0
33758;16/09/2024;Center-West;postpaid;annual;cable;26;0;143,92;3588,09;13.57;1;1;0;1
24120;2024-12-22;North;postpaid;annual;cable;37;1;31,32;1090,69;16.65;0;0;0;1
10528;2024-01-30;South;postpaid;monthly;dsl;66;1;115,99;7447,3;11.86;0;1;0;0
59138;2024-06-27;North;prepaid;annual;fiber;28;1;31,54;950,76;7.13;1;0;0;0
92013;2024-10-16;North;postpaid;monthly;fiber;9;1;46,38;439,62;11.6;0;0;0;0
73922;2024-03-03;North;postpaid;monthly;dsl;10;0;178,24;1871,96;9.06;0;0;0;0
15835;2024-12-22;Northeast;postpaid;annual;fiber;15;0;98,55;1597,36;3.69;0;0;0;0
92587;10/08/2024;South;postpaid;monthly;fiber;62;0;34,08;1999,85;3.76;1;0;0;0
57050;2024-06-21;Northeast;prepaid;monthly;cable;55;1;157,55;9295,32;8.12;0;0;0;0
86968;01/02/2024;North;postpaid;annual;fiber;30;1;167,6;5447,66;14.12;0;0;0;0
56701;2024-05-28;Center-West;prepaid;monthly;fiber;61;0;112,26;7116,7;8.11;0;1;0;0
37714;2024-12-16;Southeast;prepaid;monthly;cable;66;1;135,89;8801,57;8.29;1;0;0;0
76053;2024-09-12;Southeast;postpaid;monthly;dsl;62;1;147,02;9858,83;14.39;0;0;0;0
58078;2024-09-21;North;postpaid;annual;dsl;1;0;140,2;127,18;8.05;0;1;1;1
56557;2024-03-18;North;prepaid;annual;fiber;8;1;104,18;797,41;35.28;0;0;0;0
89498;2024-05-23;Northeast;prepaid;annual;fiber;52;1;154,9;7403,77;6.48;1;0;0;0
14521;2024-02-12;North;prepaid;monthly;dsl;28;0;109,1;2983,7;17.34;2;1;0;0
87661;2024-10-06;Center-West;prepaid;annual;fiber;12;0;68,93;867,04;10.9;0;0;0;1
63254;04/12/2024;North;postpaid;monthly;dsl;46;1;30,61;1380,36;48.3;1;0;1;1
72114;2024-05-27;Southeast;prepaid;monthly;fiber;26;0;83,79;2204,04;7.67;1;0;0;0
17042;2024-01-25;Southeast;postpaid;monthly;fiber;66;1;42,39;2749,2;15.75;0;0;0;0
35855;2024-12-02;Center-West;prepaid;annual;fiber;41;0;39,49;1467,88;9.96;1;0;0;0
71505;2024-09-10;Southeast;prepaid;monthly;fiber;17;1;100,38;1557,53;1.87;0;0;0;0
85292;2024-06-23;Center-West;postpaid;annual;fiber;67;0;171,55;10447,73;10.57;2;0;0;0
22575;2024-04-20;South;prepaid;monthly;dsl;43;0;45,83;2092,75;7.63;1;1;0;0
20331;18/04/2024;Southeast;prepaid;monthly;dsl;22;1;71,06;1433,04;12.24;1;0;0;0
91741;2024-01-04;South;postpaid;annual;fiber;11;1;154,51;1642,6;6.23;0;0;0;0
38435;30/08/2024;Northeast;postpaid;annual;dsl;40;1;90,27;3651,56;1.42;2;2;0;0
36586;2024-03-28;North;postpaid;monthly;fiber;54;1;143,82;7821,36;24.68;1;1;1;0
26292;03/03/2024;Northeast;prepaid;annual;fiber;60;1;111,35;6835,09;6.8;2;0;0;0
53144;29/10/2024;Northeast;postpaid;monthly;cable;10;1;120,59;1212,09;16.93;0;0;0;0
35829;2024-03-25;North;postpaid;annual;dsl;31;0;54,17;1677,0;9.5;1;0;0;0
29502;2024-01-08;Northeast;postpaid;monthly;dsl;71;0;82,84;6081,87;12.12;0;1;0;0
34846;21/06/2024;Center-West;prepaid;monthly;fiber;47;1;123,26;5552,13;11.47;1;0;0;0
69645;18/03/2024;North;prepaid;monthly;fiber;7;1;34,02;236,06;8.05;0;0;0;0
16218;2024-09-18;Southeast;prepaid;monthly;dsl;66;1;58,25;;10.62;1;1;1;0
46866;2024-09-26;North;prepaid;monthly;dsl;49;1;87,97;4185,25;16.36;1;1;0;0
12900;2024-06-01;Center-West;postpaid;monthly;dsl;33;1;131,19;4759,44;10.9;0;2;0;0
17020;24/12/2024;South;prepaid;annual;cable;56;1;106,44;6441,03;18.32;2;0;0;0
28903;2024-10-09;Center-West;prepaid;monthly;FIBRE;47;1;137,81;6704,1;7.61;0;0;0;0
34107;2024-08-30;North;prepaid;monthly;cable;19;1;139,03;2768,21;9.95;0;0;0;1
74062;18/05/2024;Northeast;postpaid;monthly;dsl;57;1;34,66;2122,83;4.64;2;1;0;0
86219;2024-07-13;South;prepaid;annual;fiber;19;0;165,26;3051,19;12.76;1;0;0;0
48884;25/04/2024;Center-West;prepaid;monthly;fiber;17;0;153,63;2627,24;9.46;1;0;0;1
91759;2024-05-22;Southeast;prepaid;monthly;dsl;43;1;70,66;;11.34;0;1;0;0
99300;16/08/2024;South;postpaid;annual;fiber;2;0;102,68;221,46;23.82;0;1;0;0
44580;24/09/2024;North;prepaid;monthly;dsl;45;0;76,22;3503,8;9.58;1;0;0;0
30953;28/07/2024;North;postpaid;annual;dsl;40;1;166,0;6721,39;;0;0;1;0
48629;2024-03-18;North;prepaid;monthly;fiber;52;0;87,42;4501,68;5.84;1;0;0;0
60606;2024-07-15;Southeast;prepaid;annual;dsl;12;1;89,41;1088,47;6.28;3;0;0;0
15361;30/01/2024;South;prepaid;monthly;dsl;42;1;166,79;6710,98;6.0;1;0;0;1
50273;2024-04-15;Southeast;prepaid;annual;fiber;32;0;120,1;3854,46;4.23;2;0;0;0
38822;2024-09-13;North;prepaid;annual;cable;13;1;50,68;620,11;10.94;1;0;0;0
98409;2024-01-03;South;postpaid;monthly;FIBRE;33;1;123,9;3877,4;14.02;1;0;0;0
29693;27/11/2024;North;postpaid;monthly;cable;66;0;149,17;9216,66;29.91;1;1;0;0
96736;2024-09-29;North;prepaid;monthly;fiber;59;1;80,68;4470,7;9.32;0;1;1;0
65649;2024-11-14;Northeast;prepaid;monthly;FIBRE;12;0;109,05;1302,64;23.25;0;0;0;0
22420;2024-05-13;North;postpaid;annual;dsl;61;1;124,03;6898,07;4.82;2;0;0;0
30887;2024-05-17;Northeast;prepaid;monthly;fiber;41;0;106,56;4221,85;6.47;0;0;0;0
13921;04/01/2024;North;prepaid;annual;fiber;4;1;179,87;716,48;9.04;1;0;1;0
45200;2024-12-08;Northeast;prepaid;annual;fiber;66;1;106,02;6506,83;5.01;0;1;0;0
34023;05/04/2024;Northeast;prepaid;annual;dsl;38;1;126,51;4668,43;11.7;2;0;0;0
59087;30/01/2024;South;postpaid;annual;dsl;65;0;149,04;9776,19;4.01;1;1;1;0
33900;2024-02-14;South;postpaid;monthly;fiber;7;0;50,49;382,11;10.35;2;0;0;0
76619;2024-01-24;Northeast;postpaid;monthly;fiber;12;1;36,59;423,5;9.93;1;0;0;0
97071;2024-01-18;South;postpaid;monthly;fiber;65;0;175,95;10304,69;;3;0;0;0
44335;2024-07-17;North;prepaid;monthly;cable;17;0;139,84;;22.12;0;1;0;1
47618;2024-04-24;Southeast;prepaid;monthly;fiber;40;0;88,99;3886,31;6.57;0;0;0;0
21635;2024-09-09;North;prepaid;monthly;dsl;43;0;32,65;1541,11;26.94;0;0;0;1
64547;17/02/2024;North;prepaid;monthly;fiber;68;1;54,96;3709,6;18.4;1;0;0;0
25200;10/04/2024;Northeast;prepaid;monthly;dsl;24;1;31,46;706,11;12.68;1;0;1;0
83953;2024-07-13;North;prepaid;monthly;cable;54;1;89,47;4999,29;4.1;1;0;0;0
35027;02/08/2024;South;postpaid;monthly;fiber;52;1;113,23;6249,92;11.54;1;2;0;0
98940;2024-12-26;Center-West;prepaid;monthly;dsl;50;1;54,09;2734,99;4.66;0;1;0;0
44322;21/01/2024;North;prepaid;monthly;fiber;38;1;125,98;4645,06;14.8;0;0;0;0
67949;2024-06-07;Center-West;postpaid;annual;dsl;6;0;173,14;1004,31;7.73;2;0;0;0
44408;24/11/2024;Northeast;prepaid;annual;fiber;19;1;178,57;3353,13;20.67;2;1;0;1
22070;2024-09-07;North;postpaid;monthly;fiber;40;1;154,97;5831,87;21.14;1;0;0;0
94520;23/07/2024;Center-West;prepaid;monthly;fiber;30;0;96,58;2853,88;15.52;0;0;1;0
45335;2024-12-19;Southeast;postpaid;monthly;fiber;14;1;112,11;1671,01;5.17;1;1;0;0
59424;10/12/2024;Center-West;prepaid;monthly;cable;50;1;105,5;5333,28;8.47;0;0;0;0
97393;2024-07-21;Center-West;postpaid;monthly;dsl;33;0;53,35;1674,35;21.2;1;1;0;0
36065;2024-07-31;North;prepaid;annual;fiber;56;1;158,16;9211,08;;1;1;0;0
67649;2024-12-13;Northeast;prepaid;monthly;dsl;39;1;131,37;4969,35;7.37;0;1;0;0
96037;2024-11-05;North;postpaid;monthly;dsl;27;0;125,69;3181,29;11.61;0;0;0;0
89930;15/07/2024;South;prepaid;annual;fiber;8;0;63,05;459,01;7.5;0;0;0;0
63143;12/12/2024;Northeast;prepaid;monthly;FIBRE;8;0;52,97;454,84;5.4;3;0;1;0
35970;26/01/2024;South;postpaid;monthly;dsl;37;1;160,95;6029,18;6.19;0;0;0;0
30035;2024-06-20;South;prepaid;monthly;fiber;26;0;56,91;1340,51;10.14;1;0;0;1
74822;2024-10-20;North;postpaid;annual;dsl;51;1;41,06;2091,81;3.13;0;0;1;0
70590;2024-04-30;Center-West;postpaid;monthly;fiber;45;1;123,84;5333,27;18.9;0;0;0;0
95001;2024-11-09;South;prepaid;annual;fiber;21;0;135,65;2712,58;8.88;0;0;0;0
12168;2024-04-27;North;postpaid;annual;dsl;54;1;47,94;2808,28;12.14;0;0;1;0
80813;2024-10-08;Southeast;prepaid;monthly;dsl;41;0;61,03;2730,83;11.9;2;0;1;0
54455;15/05/2024;Southeast;postpaid;annual;cable;63;0;148,31;9789,95;9.0;1;0;0;0
67630;2024-10-06;Southeast;prepaid;monthly;FIBRE;68;1;169,44;10941,69;7.23;0;1;0;0
93219;2024-04-06;Southeast;prepaid;monthly;dsl;69;1;101,47;6440,01;6.7;0;1;0;0
60541;2024-05-04;Center-West;prepaid;monthly;cable;10;0;148,8;1355,44;18.26;0;1;1;1
34258;2024-12-09;Center-West;postpaid;annual;dsl;38;0;77,91;2693,15;4.11;0;0;1;0
50182;2024-10-10;Center-West;postpaid;monthly;cable;3;1;135,49;444,9;15.46;2;1;0;0
84936;2024-07-11;Southeast;postpaid;monthly;cable;63;0;113,58;6689,66;15.99;1;1;0;0
11154;08/02/2024;Southeast;postpaid;annual;cable;50;1;156,48;;6.6;0;0;0;0
21082;09/08/2024;South;postpaid;monthly;cable;19;0;146,39;2677,76;7.94;0;0;0;1
37950;2024-05-29;North;postpaid;annual;dsl;44;1;72,62;3364,45;12.53;0;0;0;0
45417;2024-01-26;South;postpaid;annual;fiber;40;0;52,42;;11.95;0;1;0;1
70496;2024-03-31;North;postpaid;monthly;cable;39;0;151,15;5615,59;18.2;3;0;0;1
48450;2024-11-18;Southeast;prepaid;annual;cable;39;1;34,92;1317,77;16.25;1;0;0;0
99378;2024-09-21;Northeast;postpaid;annual;fiber;70;0;131,86;9221,35;6.18;1;2;1;0
78368;2024-01-30;South;postpaid;monthly;fiber;55;0;101,39;5076,62;20.74;2;0;0;0
56372;2024-10-03;Southeast;prepaid;annual;fiber;29;1;41,29;;7.75;1;0;1;0
86875;2024-07-07;Northeast;prepaid;annual;cable;55;1;133,28;7792,89;4.0;1;0;0;0
11871;2024-11-04;Center-West;prepaid;annual;fiber;11;0;102,43;1116,81;3.24;1;1;1;0
91375;2024-11-12;Southeast;postpaid;annual; fiber ;21;1;159,02;3338,3;15.15;0;0;0;0
83530;2024-09-10;North;prepaid;monthly;dsl;9;1;61,29;563,47;31.72;0;0;0;1
84403;2024-02-08;Center-West;postpaid;monthly;fiber;63;1;30,34;1846,02;5.9;0;0;0;0
63082;09/03/2024;Northeast;prepaid;monthly;cable;2;1;49,57;104,34;2.92;0;0;0;0
80421;2024-10-30;Center-West;postpaid;monthly;fiber;64;0;70,44;4077,82;14.3;1;2;0;0
88809;12/04/2024;North;prepaid;annual;fiber;60;1;127,84;7098,83;5.01;1;0;0;0
15933;2024-09-18;South;postpaid;annual;fiber;68;1;84,4;6230,32;17.09;1;0;0;0
79938;2024-07-12;Northeast;postpaid;monthly;dsl;55;0;47,74;2823,33;9.05;1;1;1;0
59720;2024-07-16;Southeast;prepaid;monthly;dsl;33;1;177,24;5353,67;6.2;0;0;0;0
27272;26/08/2024;South;prepaid;annual; fiber ;58;1;46,23;2710,42;9.3;0;0;0;0
49892;2024-05-02;Northeast;prepaid;monthly;fiber;71;1;83,27;6187,9;23.44;1;1;0;0
46815;2024-06-21;Northeast;prepaid;annual;cable;64;0;161,49;9833,43;2.76;0;0;0;0
29350;21/09/2024;Southeast;postpaid;annual;dsl;56;0;127,89;6468,51;17.51;0;0;0;0
75430;2024-10-08;North;postpaid;monthly;dsl;55;1;77,97;4425,33;18.49;1;0;0;0
78917;09/12/2024;South;postpaid;monthly;fiber;47;0;175,55;8704,23;7.8;2;0;0;0
54034;2024-03-09;North;postpaid;annual;cable;64;1;105,16;7042,87;14.8;0;0;0;0
86144;2024-02-29;Center-West;prepaid;monthly;dsl;31;0;31,22;903,85;12.49;1;0;0;0
66504;2024-11-16;Southeast;postpaid;annual; fiber ;36;1;30,92;1127,99;18.38;2;0;0;0
71760;03/01/2024;Center-West;postpaid;monthly;cable;60;1;171,15;9709,65;9.35;1;0;0;0
99941;2024-10-21;North;prepaid;monthly;cable;19;0;72,18;1402,82;3.83;1;0;0;1
56146;2024-01-02;Northeast;postpaid;monthly;dsl;55;1;151,81;8319,72;21.46;1;0;0;0
78442;24/06/2024;North;prepaid;annual;dsl;8;1;36,53;296,33;6.43;0;0;1;0
39431;2024-12-26;South;postpaid;annual;fiber;42;0;52,04;2104,66;7.69;1;0;0;0
25556;2024-07-31;Northeast;postpaid;annual;dsl;3;1;158,52;478,13;8.76;0;1;0;0
72015;2024-07-22;Northeast;postpaid;monthly;fiber;71;0;179,11;12755,92;19.9;0;0;0;0
79229;2024-08-19;Southeast;prepaid;annual;dsl;60;1;37,79;2118,51;28.91;1;1;0;0
45495;2024-07-03;Northeast;postpaid;monthly;fiber;18;1;55,15;897,21;8.23;1;0;0;0
71571;10/01/2024;Northeast;prepaid;monthly;fiber;11;0;138,44;1571,32;8.44;3;0;0;1
16009;2024-03-10;South;postpaid;annual;cable;46;1;109,43;4775,84;12.2;1;0;0;0
26821;2024-08-30;Center-West;prepaid;monthly;fiber;65;1;90,89;5944,35;5.29;0;0;1;0
66039;21/04/2024;Northeast;postpaid;annual;cable;23;1;59,17;1229,7;14.38;1;0;0;0
15108;15/05/2024;South;postpaid;monthly; fiber ;69;0;171,82;11303,85;14.46;1;0;0;0
75012;2024-08-09;Southeast;prepaid;monthly;FIBRE;33;0;55,84;1673,36;12.4;2;0;0;0
82453;2024-01-17;Northeast;prepaid;monthly;fiber;32;0;69,79;2141,48;4.1;0;1;0;1
70871;2024-02-24;South;postpaid;annual;fiber;25;0;78,64;2056,43;28.29;0;0;0;0
70877;2024-08-08;Northeast;prepaid;monthly;fiber;20;0;50,79;1041,63;15.13;0;0;0;0
26751;2024-07-01;North;prepaid;annual;fiber;24;0;110,43;2472,48;26.07;1;0;0;1
84935;2024-08-28;North;prepaid;monthly;dsl;13;1;81,2;975,64;4.54;0;0;0;0
84196;2024-01-07;Southeast;prepaid;annual;FIBRE;27;1;121,18;3021,92;5.82;0;0;0;0
77440;19/08/2024;Northeast;postpaid;monthly;fiber;21;0;85,18;1913,82;6.73;0;0;0;1
11427;28/09/2024;Southeast;postpaid;monthly;FIBRE;5;0;47,46;227,08;29.1;2;0;0;0
97673;24/12/2024;North;prepaid;annual; fiber ;26;0;160,89;4597,51;11.86;0;1;0;0
17652;2024-03-14;Center-West;postpaid;annual;fiber;3;1;106,45;322,85;10.35;2;0;1;0
52372;17/10/2024;Center-West;prepaid;monthly; fiber ;13;0;78,28;1119,16;1.79;1;0;0;0
20332;2024-12-23;Center-West;prepaid;monthly;dsl;52;1;32,45;1599,91;8.39;1;0;0;0
13635;2024-05-01;Center-West;postpaid;monthly;dsl;2;1;119,68;260,85;9.39;2;0;0;0
52213;2024-12-17;North;prepaid;annual;cable;23;0;147,38;3676,33;12.72;0;0;0;0
86851;2024-07-22;South;postpaid;annual;dsl;49;1;127,51;5836,58;29.37;0;0;0;0
21318;2024-02-03;Center-West;postpaid;annual;dsl;2;0;148,16;325,13;;3;2;1;1
86905;26/09/2024;Center-West;postpaid;annual; fiber ;53;1;53,25;2737,61;9.04;0;1;0;0
35581;2024-06-23;Center-West;postpaid;annual;fiber;6;0;175,76;980,22;5.66;2;1;0;1
79555;28/01/2024;Northeast;prepaid;monthly;dsl;4;1;61,7;240,12;8.94;1;0;1;1
27574;2024-04-14;Southeast;prepaid;monthly;fiber;14;0;70,02;898,25;11.21;0;0;0;0
20651;04/07/2024;North;prepaid;annual; fiber ;62;1;106,85;6753,72;14.8;0;0;1;0
73990;2024-07-20;North;postpaid;monthly;cable;4;1;30,78;125,57;0.97;0;0;0;0
75269;2024-06-18;Center-West;postpaid;monthly;fiber;8;1;96,37;745,06;9.03;1;0;0;0
53728;27/07/2024;South;prepaid;annual;fiber;68;1;59,36;3886,39;9.46;1;0;0;0
33308;2024-09-19;South;prepaid;annual;cable;44;1;142,35;;8.87;1;0;0;0
52452;2024-10-03;Southeast;prepaid;annual; fiber ;41;1;143,66;6085,43;;0;0;1;0
76412;2024-07-02;Center-West;postpaid;monthly;FIBRE;3;0;122,36;348,77;9.79;3;0;0;0
15550;2024-08-21;Northeast;postpaid;annual; fiber ;28;1;93,25;2597,05;10.65;1;0;0;0
58592;01/11/2024;Southeast;postpaid;monthly; fiber ;41;0;76,54;3142,07;27.29;1;0;0;0
86032;2024-03-03;North;postpaid;monthly;cable;38;0;154,12;6193,47;22.89;2;0;0;0
48384;2024-05-18;North;prepaid;annual;dsl;38;0;106,06;4137,64;21.05;2;0;1;0
16561;11/07/2024;North;postpaid;annual;fiber;9;1;104,47;1028,74;12.38;1;0;0;0
31673;2024-04-03;Center-West;postpaid;annual;FIBRE;71;1;47,01;3425,86;8.05;0;0;0;0
64228;2024-12-08;Southeast;prepaid;annual;fiber;50;1;62,76;3048,39;5.56;0;1;0;0
94077;2024-07-16;South;postpaid;annual;dsl;18;1;84,07;1625,18;18.47;0;1;0;0
29128;2024-01-12;Southeast;prepaid;monthly;fiber;69;1;134,83;9332,83;25.95;0;0;0;0
16706;2024-02-17;South;postpaid;monthly;fiber;22;0;156,79;3233,9;14.81;1;0;0;0
82493;2024-01-16;Center-West;postpaid;annual;dsl;10;0;178,93;1812,59;4.95;3;0;0;0
29292;2024-04-04;Center-West;postpaid;annual;cable;64;0;94,11;5568,63;11.83;3;1;0;0
76287;2024-03-31;Southeast;postpaid;monthly;cable;11;0;97,98;1044,43;20.68;0;0;0;0
98929;2024-02-20;Northeast;prepaid;monthly;cable;5;1;144,91;656,52;5.94;0;0;0;1
45745;2024-10-05;South;postpaid;monthly;dsl;45;0;78,18;3221,37;6.14;0;0;0;0
63890;2024-04-19;Southeast;postpaid;monthly;dsl;19;1;111,08;1991,7;14.18;0;0;0;0
71914;30/12/2024;South;postpaid;annual;cable;11;0;131,55;1482,35;14.94;0;0;0;0
45900;2024-01-30;Southeast;postpaid;monthly;fiber;8;1;65,44;522,81;13.81;0;1;0;0
78920;2024-03-07;North;prepaid;monthly;fiber;9;0;71,94;638,78;22.15;1;0;1;0
78535;2024-08-25;Center-West;postpaid;annual;FIBRE;69;0;83,43;5838,68;;0;3;1;1
60278;2024-04-16;North;postpaid;monthly;cable;48;0;116,65;5258,17;7.64;1;1;0;1
16455;2024-11-04;Northeast;prepaid;monthly;cable;60;1;70,56;4387,94;17.64;1;1;0;0
61268;2024-11-10;North;postpaid;monthly;cable;44;0;61,23;2717,93;32.77;2;0;0;0
46981;10/05/2024;Southeast;postpaid;monthly;fiber;39;1;52,43;1897,32;7.98;4;0;0;1
21370;25/08/2024;Southeast;postpaid;monthly;cable;16;0;151,4;2448,61;16.27;0;1;0;0
76144;2024-06-11;South;postpaid;monthly;fiber;69;1;162,9;10369,56;23.76;0;2;0;0
91583;2024-04-23;South;prepaid;monthly;fiber;59;1;165,71;10117,68;12.97;0;0;0;0
96667;2024-01-22;Center-West;postpaid;monthly;dsl;38;1;153,25;5504,27;5.09;0;0;0;0
28162;2024-09-12;Center-West;prepaid;monthly;dsl;8;1;50,59;368,2;13.18;1;1;0;0
18256;22/04/2024;Center-West;postpaid;monthly;cable;54;1;44,66;2260,93;14.47;2;0;0;0
44860;2024-03-06;Northeast;postpaid;annual;FIBRE;24;1;104,87;2508,29;9.21;0;0;0;0
98329;2024-02-15;North;postpaid;monthly;fiber;15;0;108,21;1691,84;9.04;0;0;0;0
93507;16/09/2024;Northeast;postpaid;monthly;FIBRE;53;0;139,92;7224,05;4.21;0;0;0;0
41268;2024-05-18;North;postpaid;annual;fiber;60;1;63,43;3703,41;6.84;1;0;0;0
73409;10/02/2024;Northeast;postpaid;monthly;cable;44;0;169,64;7373,64;7.42;1;0;0;0
91607;24/07/2024;Northeast;prepaid;monthly;fiber;6;0;76,49;492,57;6.14;1;0;0;1
99046;2024-07-28;Northeast;postpaid;annual; fiber ;43;1;116,67;;10.18;1;0;0;1
57382;2024-10-28;Northeast;postpaid;monthly;FIBRE;66;1;159,63;11434,7;19.17;2;0;0;0
70209;27/06/2024;Southeast;prepaid;monthly;dsl;49;0;108,52;5621,21;7.23;1;1;0;1
80790;2024-03-12;Northeast;postpaid;annual;cable;19;1;143,03;2687,82;24.83;2;0;0;1
95226;2024-06-08;South;postpaid;annual;fiber;46;0;142,35;6642,3;14.01;1;0;0;0
22796;2024-09-22;Northeast;postpaid;monthly;fiber;18;0;148,5;2700,65;;1;0;0;0
83646;2024-07-18;North;postpaid;monthly;cable;63;1;151,66;10488,08;;2;0;0;0
63020;2024-04-10;Center-West;prepaid;monthly;dsl;61;1;88,87;5678,55;3.63;1;2;1;0
70557;26/12/2024;South;postpaid;annual;fiber;41;0;84,53;3488,95;22.36;2;0;0;0
55915;2024-11-12;Center-West;prepaid;monthly; fiber ;10;1;150,52;1549,04;2.56;0;0;0;0
43802;14/07/2024;Center-West;prepaid;monthly;cable;29;1;116,96;3702,63;2.82;1;3;0;1
47538;2024-10-20;South;postpaid;monthly;dsl;9;1;121,16;;3.16;0;1;0;0
93992;2024-02-25;North;prepaid;annual;fiber;55;0;91,79;5495,53;19.17;3;0;0;0
95802;2024-09-30;North;prepaid;monthly;fiber;49;0;60,24;2864,84;30.53;0;0;0;1
43974;2024-03-10;Northeast;postpaid;monthly;fiber;19;0;98,54;1815,51;30.59;0;0;0;0
67418;2024-10-26;Northeast;prepaid;monthly;fiber;61;1;175,45;10113,08;13.21;0;0;0;0
70476;28/03/2024;Center-West;prepaid;annual;fiber;54;1;73,63;3860,07;8.96;0;0;0;0
95532;2024-07-16;South;prepaid;monthly;fiber;67;0;70,8;4749,32;10.4;0;0;1;0
55316;2024-09-23;North;postpaid;annual; fiber ;20;1;49,62;927,07;10.52;1;0;0;0
45901;09/01/2024;North;prepaid;monthly;FIBRE;13;0;102,18;1240,33;11.64;0;0;0;0
30156;08/03/2024;Center-West;postpaid;monthly;fiber;35;1;73,28;2456,04;6.62;1;0;0;0
48980;2024-03-21;South;postpaid;monthly;fiber;19;1;133,07;2279,44;11.32;2;0;0;0
31927;2024-03-16;North;prepaid;monthly;cable;53;1;50,27;2742,28;8.01;1;0;0;0
24273;2024-10-14;Southeast;postpaid;monthly;fiber;31;0;67,1;1955,82;6.14;0;0;0;0
10141;22/12/2024;Center-West;prepaid;annual;cable;45;0;39,28;1899,5;25.33;0;1;1;1
73228;2024-06-01;South;postpaid;monthly;cable;13;0;36,22;459,41;14.89;1;3;0;0
67462;2024-10-03;South;prepaid;annual;cable;7;0;152,12;1055,22;14.76;0;1;1;0
92365;2024-03-23;North;postpaid;monthly; fiber ;67;0;165,88;12065,34;11.81;0;1;0;0
80521;2024-05-18;North;prepaid;monthly;fiber;32;1;144,58;4187,32;6.63;1;0;0;0
29381;2024-03-01;Center-West;postpaid;monthly;dsl;10;0;159,77;1663,97;11.15;3;0;1;0
28377;01/08/2024;North;prepaid;monthly;fiber;58;0;42,99;2496,32;29.94;0;1;1;0
41696;2024-04-15;North;postpaid;monthly;fiber;10;1;164,72;1692,19;14.91;4;0;0;1
34785;2024-06-19;Southeast;prepaid;annual;fiber;71;1;99,91;7760,49;10.14;1;0;0;0
92691;02/09/2024;Southeast;prepaid;annual;dsl;28;0;145,3;3766,93;13.72;1;2;0;1
88426;2024-08-13;South;prepaid;annual;cable;34;1;122,36;4306,03;8.86;0;0;0;0
12025;2024-06-11;Center-West;postpaid;annual;FIBRE;19;0;82,48;1631,19;8.58;0;0;1;1
82653;14/12/2024;Center-West;postpaid;monthly;cable;7;1;69,72;483,47;19.76;0;0;0;0
32188;2024-11-20;Northeast;postpaid;monthly;dsl;30;1;47,72;1339,84;11.85;0;0;0;0
21027;2024-10-13;Northeast;postpaid;monthly;fiber;26;1;91,9;2232,68;15.3;1;0;0;0
82676;2024-01-13;South;postpaid;annual;fiber;32;1;104,12;3278,72;11.46;1;0;0;0
46962;2024-07-09;Southeast;prepaid;monthly; fiber ;35;0;177,47;6429,07;17.21;0;1;0;0
79860;25/12/2024;Southeast;postpaid;monthly;cable;45;0;35,59;1617,55;8.51;0;0;0;0
10213;2024-02-23;South;postpaid;annual;dsl;6;0;118,52;654,65;9.43;1;0;0;0
10636;22/07/2024;South;postpaid;monthly;dsl;26;1;108,75;2574,83;28.36;1;0;0;1
92821;2024-01-24;Southeast;postpaid;annual;dsl;62;1;33,43;2019,08;3.14;0;0;0;0
97548;2024-09-17;South;postpaid;monthly;FIBRE;68;1;79,46;4984,1;16.94;1;0;0;0
91844;2024-06-26;Southeast;postpaid;annual;cable;39;1;93,44;3381,84;12.53;1;0;0;0
72454;2024-03-29;Northeast;postpaid;annual;cable;26;0;104,14;2804,84;9.73;1;0;0;0
99092;2024-01-25;Center-West;prepaid;annual;dsl;30;0;65,02;1941,02;;1;0;0;0
85115;2024-02-11;Northeast;postpaid;monthly;FIBRE;56;1;35,12;2024,97;21.71;1;0;1;1
42809;2024-12-23;North;postpaid;monthly;fiber;29;0;74,08;2082,73;30.36;0;0;0;1
32135;07/11/2024;North;postpaid;monthly; fiber ;68;1;155,45;9712,91;9.35;0;0;0;0
20258;2024-07-03;South;postpaid;monthly;fiber;3;0;151,18;414,04;;1;0;0;1
18378;2024-12-10;Southeast;prepaid;monthly;dsl;44;1;57,11;;15.65;1;0;0;0
25237;2024-02-29;North;prepaid;monthly;dsl;37;0;126,95;5038,22;16.34;0;0;0;0
14282;2024-01-26;North;prepaid;monthly;cable;33;0;168,55;6078,89;4.85;1;0;0;0
51612;2024-03-26;Southeast;postpaid;monthly;fiber;34;0;55,82;1764,99;20.48;1;0;1;0
92111;2024-06-10;North;prepaid;annual;FIBRE;12;0;49,3;644,39;3.79;1;0;0;0
38019;2024-03-24;South;postpaid;monthly;fiber;25;0;33,32;793,61;15.53;0;1;0;0
40738;15/12/2024;Southeast;postpaid;monthly;cable;26;1;55,86;1494,46;23.07;1;0;0;0
63332;2024-07-06;Northeast;postpaid;monthly;dsl;47;1;152,09;6976,21;8.18;0;0;0;0
99539;2024-03-27;North;prepaid;monthly; fiber ;43;1;152,1;6695,55;12.35;0;0;0;0
49514;09/06/2024;Northeast;postpaid;annual;dsl;30;0;111,07;3560,67;17.44;0;0;1;0
49629;2024-12-27;Northeast;prepaid;monthly;dsl;37;0;80,03;3174,74;9.62;2;0;1;0
66454;2024-08-17;Center-West;postpaid;annual;fiber;41;0;151,02;6648,76;6.35;0;1;0;1
73248;2024-02-06;Center-West;prepaid;annual;fiber;4;1;59,25;225,84;16.26;1;1;1;1
21556;26/05/2024;Northeast;prepaid;annual;fiber;63;1;50,98;3389,58;5.51;0;0;0;0
33152;2024-11-24;Center-West;prepaid;annual;fiber;64;1;43,38;2692,61;2.71;1;0;0;0
64757;2024-09-03;North;postpaid;annual;dsl;26;1;157,7;3838,06;11.99;1;0;1;0
72990;2024-08-15;Center-West;prepaid;monthly;fiber;55;1;137,23;7258,5;9.65;1;0;1;0
68840;2024-05-17;Northeast;postpaid;monthly;dsl;29;1;123,69;3478,02;16.4;0;1;0;0
38059;2024-11-29;Northeast;postpaid;annual;dsl;5;0;139,12;704,43;12.54;0;2;0;1
26313;2024-04-22;Center-West;postpaid;monthly;dsl;62;1;51,52;3269,14;33.15;3;1;0;0
23999;2024-03-10;North;prepaid;monthly;cable;20;1;87,72;;22.16;1;1;0;0
54807;2024-01-15;Northeast;prepaid;monthly;fiber;26;0;152,12;4214,0;13.38;1;0;0;0
41244;2024-10-01;South;prepaid;monthly;dsl;41;0;167,51;6254,37;20.67;0;0;0;0
49634;17/10/2024;Center-West;prepaid;monthly;fiber;32;1;106,96;3674,09;24.09;1;2;0;0
44406;2024-01-15;Northeast;postpaid;monthly;dsl;19;0;48,31;960,12;24.09;1;0;0;1
98086;2024-07-02;Northeast;prepaid;monthly;dsl;57;1;176,78;9802,41;5.9;0;0;0;0
39332;2024-03-29;North;prepaid;monthly;fiber;26;0;89,25;2374,27;6.77;1;1;0;0
74803;2024-03-13;Center-West;prepaid;monthly;fiber;43;0;77,85;3301,12;26.55;0;0;0;1
50478;23/11/2024;Southeast;postpaid;annual;dsl;48;1;48,0;2123,51;12.22;0;0;1;0
82688;2024-06-16;Southeast;prepaid;monthly;dsl;67;1;31,89;2334,83;12.69;0;2;0;0
29167;2024-09-02;North;postpaid;annual;dsl;35;1;120,55;4095,35;15.16;2;0;0;0
72413;2024-04-30;Northeast;prepaid;monthly;fiber;34;1;121,86;4426,72;10.57;1;1;0;0
65550;05/09/2024;Center-West;postpaid;monthly;dsl;65;1;65,14;4470,13;28.03;1;0;0;0
51859;2024-03-19;North;postpaid;annual;dsl;35;0;54,3;1999,15;14.05;1;1;0;0
99709;2024-06-05;Northeast;prepaid;annual;fiber;22;1;109,2;2179,16;19.48;1;1;0;0
76118;2024-08-30;North;prepaid;annual;dsl;4;1;95,31;406,68;9.15;2;0;0;0
93863;2024-03-10;Center-West;prepaid;annual;dsl;24;1;75,55;1805,21;10.02;1;1;0;0
28840;2024-06-18;Northeast;prepaid;annual;cable;15;0;62,73;1011,39;6.63;0;2;0;0
12278;2024-07-10;North;prepaid;annual;fiber;22;1;158,9;3419,77;;2;0;0;0
92285;2024-06-06;Center-West;postpaid;annual;fiber;39;0;177,57;7131,25;18.09;0;1;1;0
85910;04/04/2024;Southeast;postpaid;annual;cable;38;1;83,34;3040,57;11.02;0;1;1;0
67780;2024-06-19;Center-West;prepaid;monthly;cable;14;1;134,72;1970,12;18.11;0;0;0;0
76749;2024-04-02;Southeast;postpaid;monthly; fiber ;33;0;159,83;5793,24;17.1;1;0;0;0
71879;2024-08-26;South;prepaid;monthly;cable;33;0;34,04;1083,02;6.21;1;0;0;1
59703;2024-04-17;Center-West;postpaid;monthly;fiber;4;0;166,21;642,55;10.26;2;0;0;1
80834;2024-10-18;Northeast;prepaid;annual;cable;21;0;104,87;2310,24;5.74;0;1;0;0
49733;2024-04-21;Center-West;postpaid;monthly;fiber;52;0;113,51;5881,61;6.29;0;0;0;0
88057;2024-06-17;Northeast;postpaid;monthly;fiber;2;0;110,98;212,19;5.39;0;0;0;0
11786;2024-07-02;Northeast;prepaid;annual;cable;22;1;66,44;1599,1;7.0;1;0;1;0
91362;17/07/2024;South;prepaid;monthly;fiber;34;1;147,34;4575,14;7.85;2;0;0;0
34864;2024-02-26;Southeast;prepaid;annual;cable;12;0;139,85;1803,84;37.33;0;1;0;0
21616;23/08/2024;Southeast;postpaid;monthly;fiber;46;0;44,37;1858,04;9.59;2;1;0;1
16785;2024-07-10;South;postpaid;monthly;fiber;51;1;114,42;6004,38;18.73;1;0;0;0
13350;2024-03-04;Southeast;postpaid;monthly;cable;25;1;173,55;4212,1;15.81;2;0;0;1
15700;2024-08-19;North;postpaid;monthly;dsl;17;0;160,67;2829,25;13.99;0;0;0;0
52164;2024-10-08;Northeast;postpaid;monthly;cable;56;0;123,89;7162,96;20.09;1;0;0;0
10787;2024-06-27;Center-West;postpaid;monthly;cable;16;1;59,8;916,29;13.4;2;0;0;0
75476;2024-01-13;North;postpaid;monthly;fiber;11;1;82,08;876,04;6.64;2;0;1;0
33045;04/09/2024;Center-West;postpaid;monthly;fiber;3;1;52,55;165,38;14.92;0;0;0;0
46497;2024-03-27;Center-West;prepaid;annual;fiber;7;0;153,29;968,19;17.07;1;0;0;0
80464;2024-08-12;Center-West;postpaid;monthly;dsl;62;1;146,8;8870,33;5.65;0;0;0;0
53521;2024-12-25;North;prepaid;monthly;fiber;67;0;166,55;10477,95;13.28;0;1;1;0
88225;28/04/2024;South;prepaid;monthly;fiber;39;0;39,51;1539,96;19.53;4;1;0;0
52308;2024-08-15;Center-West;postpaid;annual;cable;66;0;174,71;10865,12;1.99;1;0;0;0
42231;2024-11-07;South;prepaid;annual;fiber;51;0;174,96;9270,97;11.58;3;0;0;0
15159;03/06/2024;North;prepaid;annual;dsl;29;1;131,16;4024,47;30.98;1;0;0;0
80010;2024-05-29;Southeast;prepaid;annual;fiber;51;0;162,26;7942,24;8.08;0;0;1;0
83515;25/09/2024;Northeast;postpaid;monthly;fiber;30;0;95,77;2907,87;9.77;0;0;0;0
24771;2024-12-24;Northeast;postpaid;annual;fiber;69;1;77,01;5295,24;15.3;0;0;0;0
99402;2024-05-22;Southeast;prepaid;monthly;fiber;61;1;53,16;3071,56;8.46;0;0;0;0
61081;2024-07-06;South;prepaid;annual;dsl;60;0;34,74;2187,56;8.33;1;0;0;0
21787;11/05/2024;North;postpaid;monthly;fiber;38;0;36,3;1321,42;23.01;1;0;1;0
97581;2024-03-17;North;postpaid;monthly;cable;37;1;133,74;5041,45;9.86;0;1;0;0
17726;2024-09-30;Center-West;prepaid;annual;cable;9;1;80,49;776,73;;1;0;0;0
21888;2024-01-09;South;postpaid;annual;FIBRE;47;0;38,11;1847,25;6.11;0;0;0;0
87987;2024-06-19;Center-West;postpaid;annual;cable;9;1;46,83;411,97;9.71;0;0;0;0
67407;2024-09-15;North;prepaid;monthly;cable;39;0;129,79;5094,47;9.45;1;0;0;0
85600;2024-06-20;Center-West;postpaid;monthly;fiber;10;1;170,8;1840,04;9.89;1;0;0;0
49956;07/02/2024;South;postpaid;monthly;cable;34;1;91,2;3184,01;6.13;0;2;0;0
64274;10/02/2024;Southeast;postpaid;monthly;fiber;56;1;146,65;8293,07;;0;0;1;0
75850;2024-05-11;Southeast;prepaid;monthly;dsl;22;1;176,04;3802,52;11.5;0;0;0;0
73551;28/10/2024;South;postpaid;monthly;fiber;43;1;136,24;6157,15;3.38;1;0;1;1
84170;2024-04-11;Center-West;postpaid;annual;cable;19;0;138,45;2458,05;8.2;2;1;0;1
89195;2024-05-06;Southeast;postpaid;monthly;cable;22;1;122,39;2808,58;15.21;3;0;0;1
69016;2024-11-20;South;postpaid;annual;cable;13;0;176,65;2323,85;7.38;0;0;1;0
29584;2024-07-25;Southeast;postpaid;annual;cable;12;1;74,97;825,89;13.02;1;1;0;0
97569;01/12/2024;Center-West;postpaid;annual;fiber;27;1;147,45;4248,86;7.04;1;0;0;0
60016;2024-05-29;Northeast;postpaid;monthly;dsl;9;0;92,26;843,01;10.93;0;0;0;0
36536;2024-07-09;Northeast;prepaid;monthly; fiber ;64;1;53,31;3488,36;2.68;2;0;0;0
15007;10/08/2024;Northeast;prepaid;monthly;fiber;53;0;140,91;7584,8;14.97;0;0;0;0
64589;2024-10-17;Northeast;prepaid;annual;FIBRE;16;1;154,41;;8.34;1;1;0;0
51651;11/07/2024;Northeast;postpaid;monthly;cable;63;0;159,54;10144,61;18.38;0;0;0;0
58668;28/05/2024;Southeast;prepaid;monthly;dsl;26;1;168,28;;10.25;1;0;0;1
63333;15/12/2024;Center-West;postpaid;annual;fiber;38;1;141,74;5426,17;8.8;0;0;0;0
76445;2024-04-24;Northeast;prepaid;annual;cable;50;0;109,14;5784,49;7.62;1;1;0;0
10089;2024-12-15;Northeast;prepaid;annual;cable;55;1;170,8;9931,0;8.29;0;0;0;0
96730;2024-09-10;South;postpaid;monthly;FIBRE;1;0;61,43;67,47;8.1;1;0;0;0
74716;03/03/2024;Center-West;prepaid;annual;fiber;21;1;41,6;890,35;6.96;0;0;0;0
31061;03/09/2024;South;postpaid;monthly;dsl;24;1;94,74;2210,21;7.34;2;0;0;0
39244;22/11/2024;Southeast;prepaid;monthly;dsl;42;1;117,33;5327,47;29.83;2;2;0;1
28121;2024-02-18;Center-West;postpaid;annual;FIBRE;62;1;132,0;;10.42;1;0;0;0
96875;2024-06-09;South;prepaid;annual;dsl;32;0;152,31;4984,53;3.43;0;0;1;0
51100;19/11/2024;Southeast;postpaid;monthly;fiber;33;1;34,01;1176,89;3.44;1;1;0;0
97088;19/06/2024;Northeast;postpaid;monthly;dsl;7;0;150,31;1053,17;30.26;0;2;1;1
42891;15/07/2024;South;prepaid;monthly;fiber;38;1;120,02;4754,3;10.18;0;0;1;1
33603;2024-09-26;Center-West;prepaid;annual;fiber;35;0;172,94;6638,22;5.35;2;0;0;0
86726;25/01/2024;North;prepaid;annual;fiber;46;1;82,18;3943,99;19.58;1;1;0;0
18610;03/07/2024;Southeast;postpaid;monthly;dsl;61;1;122,55;7866,68;2.55;2;1;0;0
97915;2024-01-14;Center-West;postpaid;monthly;fiber;41;1;144,98;6182,25;7.47;1;0;0;0
55630;2024-09-19;North;prepaid;annual;fiber;4;1;107,46;441,73;11.25;1;0;0;0
90396;2024-07-11;South;prepaid;annual; fiber ;59;1;53,39;3237,36;12.32;0;0;0;0
94947;2024-06-01;Northeast;postpaid;monthly;cable;34;0;37,47;1397,91;5.63;2;1;0;0
90983;2024-05-29;North;postpaid;monthly;fiber;35;1;46,71;1686,81;7.58;1;1;1;0
42008;21/09/2024;Southeast;postpaid;annual;FIBRE;63;1;104,24;5971,67;16.31;0;0;0;0
50556;2024-10-21;Northeast;postpaid;monthly;fiber;42;0;125,94;4984,99;23.16;1;0;0;0
74339;2024-06-28;North;postpaid;monthly;dsl;57;1;115,58;6292,38;17.27;1;0;1;0
37863;01/11/2024;Northeast;postpaid;annual;fiber;63;1;136,94;8936,93;13.48;0;0;0;0
70372;2024-02-10;Center-West;prepaid;monthly;fiber;36;0;35,85;1203,57;8.76;0;1;0;0
69109;2024-10-21;Northeast;prepaid;annual;cable;70;1;50,45;3809,23;14.49;0;0;0;0
69269;2024-08-06;Northeast;prepaid;annual;dsl;13;0;144,17;1750,06;16.01;0;0;1;1
40270;11/03/2024;South;postpaid;monthly;dsl;62;0;147,18;9741,85;22.82;0;1;1;0
27075;2024-09-03;South;prepaid;monthly;fiber;61;1;135,34;8943,34;10.95;0;0;0;0
27246;11/09/2024;North;postpaid;annual;cable;8;0;141,81;1246,14;35.91;1;0;1;1
78655;2024-03-31;Center-West;postpaid;monthly;cable;11;1;174,52;1733,93;18.75;0;0;0;0
42307;18/12/2024;North;postpaid;monthly;dsl;3;0;171,63;512,97;10.3;0;2;0;1
23028;2024-08-31;South;postpaid;monthly;dsl;20;1;126,67;2680,72;20.74;0;0;0;0
83593;25/02/2024;Northeast;prepaid;monthly;cable;71;1;77,9;5996,71;8.99;0;1;0;0
32316;2024-12-29;Center-West;postpaid;annual;cable;9;1;32,12;289,96;7.51;1;0;0;0
88777;2024-10-22;Center-West;prepaid;annual;fiber;3;1;124,74;354,84;3.5;1;0;0;0
17946;2024-06-25;South;postpaid;annual;cable;33;1;94,7;3030,41;29.49;0;0;0;0
30591;22/11/2024;Northeast;postpaid;monthly;dsl;26;1;52,05;1327,42;8.8;1;0;0;0
87306;2024-04-23;North;postpaid;monthly;dsl;45;0;62,29;2967,16;15.89;0;0;1;0
53834;2024-03-14;North;postpaid;annual;FIBRE;44;1;170,48;8152,3;18.9;0;1;0;1
59686;2024-03-03;South;prepaid;monthly;fiber;59;1;39,93;2336,64;9.01;2;0;0;0
79569;2024-09-13;Southeast;postpaid;annual;cable;30;1;148,12;4850,97;9.54;2;0;0;0
73154;2024-03-13;South;postpaid;monthly;dsl;33;0;165,31;5665,12;3.44;0;0;0;0
21707;2024-03-22;North;postpaid;monthly; fiber ;2;0;133,25;264,49;5.84;1;0;0;1
66850;2024-03-23;Center-West;prepaid;monthly;dsl;69;0;39,2;2492,33;4.23;0;0;0;0
19873;2024-08-13;Center-West;prepaid;monthly;fiber;16;0;156,88;2512,81;33.65;2;1;1;1
49334;2024-05-11;Southeast;postpaid;monthly;fiber;43;0;127,99;5384,65;;0;0;0;0
54257;2024-06-06;Northeast;prepaid;monthly;dsl;63;1;71,55;4172,97;7.33;3;0;0;0
83803;2024-01-10;Southeast;postpaid;monthly;dsl;43;0;124,45;5761,86;8.55;0;0;0;0
39400;2024-06-09;Northeast;postpaid;monthly;fiber;45;1;50,48;2098,89;11.17;1;0;0;0
56338;2024-06-23;South;postpaid;annual;fiber;13;0;136,15;1924,33;6.66;2;0;0;1
84837;2024-02-16;North;prepaid;monthly;fiber;51;0;165,45;7635,97;15.62;1;0;0;0
55965;2024-11-19;Northeast;postpaid;annual;dsl;14;1;108,25;1421,35;18.91;3;0;1;0
20026;2024-12-15;North;prepaid;monthly;cable;50;1;172,82;9010,14;10.07;0;0;0;0
39326;19/06/2024;Center-West;postpaid;monthly;dsl;41;1;95,71;4280,58;7.75;2;0;0;0
91925;2024-01-11;North;postpaid;monthly;dsl;35;0;158,64;5063,93;8.91;0;1;0;0
32034;2024-07-04;Center-West;prepaid;annual;FIBRE;52;1;146,05;7217,44;5.99;0;1;0;0
74073;29/01/2024;Northeast;prepaid;annual;fiber;52;1;43,26;2293,21;9.61;0;0;0;0
96899;2024-07-27;South;prepaid;annual;cable;15;1;166,9;2725,21;16.53;0;0;0;0
52714;2024-03-24;Northeast;postpaid;monthly;dsl;27;0;166,56;4430,58;;2;0;0;0
43315;2024-12-21;North;postpaid;annual;FIBRE;35;0;82,71;2941,55;13.47;1;1;0;0
33545;2024-07-03;North;prepaid;annual;dsl;11;0;149,02;1591,75;;2;0;0;0
49180;2024-04-16;Southeast;prepaid;annual;dsl;26;0;63,7;1532,3;10.19;1;1;0;0
40479;2024-08-19;Southeast;postpaid;monthly;fiber;3;1;34,56;93,77;20.02;3;0;0;1
47828;2024-12-16;North;prepaid;annual;fiber;32;1;61,19;2025,59;6.88;0;0;0;0
37783;20/03/2024;Southeast;postpaid;monthly;dsl;15;0;102,6;1655,19;4.88;0;0;0;0
12033;05/10/2024;Center-West;postpaid;annual;fiber;16;1;38,67;577,18;9.89;0;0;0;0
41394;2024-12-01;Center-West;postpaid;monthly;fiber;59;0;54,0;3238,24;14.37;0;0;0;0
51413;10/06/2024;Northeast;postpaid;monthly;cable;10;0;172,57;1808,96;4.67;0;1;0;0
26025;2024-12-04;Northeast;postpaid;monthly;cable;9;1;104,08;;28.52;1;0;1;0
13608;03/11/2024;North;postpaid;annual;fiber;23;1;153,47;3447,59;6.09;0;0;0;0
48489;08/07/2024;Southeast;prepaid;monthly;fiber;2;0;60,99;132,33;8.4;1;0;0;0
22531;2024-12-14;South;prepaid;monthly;fiber;62;1;43,28;2595,32;14.39;2;0;0;0
53607;05/03/2024;North;postpaid;monthly;fiber;71;1;147,08;9959,69;13.21;1;0;0;0
83981;09/12/2024;Center-West;prepaid;annual;cable;58;1;82,33;4381,93;20.39;1;0;0;0
59008;2024-04-21;South;postpaid;monthly;dsl;57;1;98,97;5760,26;16.79;2;0;0;0
84154;13/06/2024;North;postpaid;annual;fiber;8;1;178,82;1421,41;6.21;0;0;0;0
87752;2024-04-18;South;postpaid;monthly;dsl;40;1;77,48;3383,86;8.6;1;0;0;0
79667;2024-11-27;Southeast;prepaid;annual;fiber;7;1;100,97;719,89;15.14;1;0;0;0
17992;2024-04-14;Southeast;postpaid;annual;dsl;22;1;125,22;2609,8;10.15;0;1;0;0
57084;13/09/2024;South;postpaid;annual;cable;35;0;43,36;1383,47;6.12;1;0;0;0
44136;11/07/2024;Southeast;prepaid;annual; fiber ;49;1;137,46;7273,81;2.68;0;0;0;0
88236;2024-01-29;Southeast;postpaid;monthly;fiber;20;0;97,76;2051,58;23.07;4;1;0;1
93954;2024-10-05;South;postpaid;monthly;cable;19;0;56,25;1089,66;8.33;0;0;0;0
61989;2024-01-14;South;postpaid;annual;fiber;59;1;94,58;5526,22;15.04;0;1;0;0
62648;06/03/2024;North;postpaid;monthly;FIBRE;16;1;99,1;1440,15;6.42;0;1;0;0
17129;2024-05-25;Southeast;prepaid;monthly;fiber;35;0;126,11;4482,15;13.54;0;0;1;0
80433;2024-06-08;South;postpaid;annual;fiber;21;1;170,57;3313,52;3.09;2;0;0;0
47817;2024-08-23;North;postpaid;monthly;dsl;61;1;144,76;9285,72;6.35;1;0;0;0
50644;2024-01-23;Center-West;prepaid;monthly;fiber;38;1;87,37;3580,48;9.14;2;0;0;0
44604;2024-11-22;Northeast;prepaid;annual;fiber;8;1;175,45;1522,82;;0;0;0;0
38523;2024-01-18;Center-West;prepaid;monthly;fiber;11;1;148,62;1489,99;7.55;1;0;0;0
50744;2024-01-14;South;prepaid;monthly;dsl;69;0;34,19;2326,88;17.16;1;2;0;0
95806;2024-09-26;North;postpaid;monthly;cable;67;0;47,49;3247,65;8.29;1;0;0;0
89961;08/04/2024;North;prepaid;monthly;dsl;55;1;62,7;3414,86;5.6;1;1;0;0
24414;30/03/2024;Center-West;postpaid;annual;dsl;6;1;42,53;263,36;8.38;5;0;0;0
46743;2024-09-29;Center-West;prepaid;annual;cable;52;1;102,81;5355,19;2.6;3;1;0;0
94060;08/08/2024;Center-West;postpaid;monthly;fiber;47;1;81,11;3513,49;9.37;0;0;1;0
37049;2024-05-12;Northeast;prepaid;monthly;FIBRE;67;0;175,94;10971,25;8.92;0;1;0;0
16528;2024-04-25;North;postpaid;monthly;fiber;35;1;100,91;3631,59;9.34;2;0;1;1
40713;08/08/2024;North;prepaid;monthly;fiber;34;0;61,82;2228,28;4.34;1;1;0;0
58058;10/11/2024;Center-West;postpaid;annual;cable;45;1;175,61;7137,57;12.4;0;1;0;0
94570;25/05/2024;South;prepaid;annual; fiber ;11;1;107,08;1140,59;9.81;4;1;0;1
22016;06/06/2024;South;prepaid;monthly;cable;53;0;40,96;2050,29;22.68;2;0;1;1
76720;2024-03-16;Center-West;postpaid;annual;fiber;36;0;42,13;1651,87;17.96;0;0;0;0
29509;2024-07-12;South;postpaid;annual;fiber;14;1;131,29;1775,73;6.47;0;1;0;0
97662;23/01/2024;South;postpaid;monthly;fiber;58;0;104,22;5983,85;6.32;0;0;0;0
25509;23/10/2024;North;prepaid;annual;fiber;19;0;123,63;2457,77;18.29;0;1;0;0
59674;15/07/2024;South;prepaid;annual;fiber;62;1;157,45;9014,28;5.75;0;1;0;0
17730;15/04/2024;Center-West;postpaid;monthly;dsl;20;0;132,21;2530,8;6.03;0;0;0;0
70315;08/03/2024;Center-West;postpaid;monthly;fiber;35;0;159,27;6019,71;12.97;1;0;0;0
98112;2024-04-07;South;prepaid;annual;cable;32;1;141,4;;7.52;0;1;0;0
58985;2024-01-26;North;postpaid;annual;cable;52;1;131,16;6809,94;13.03;0;0;0;0
66013;14/12/2024;Center-West;postpaid;monthly;fiber;14;0;50,2;722,85;3.28;0;0;0;0
59486;22/04/2024;Northeast;postpaid;monthly;cable;18;1;102,42;1893,73;8.34;2;0;0;1
23879;03/12/2024;South;prepaid;annual;fiber;14;0;94,96;1261,86;19.33;3;0;0;1
28935;2024-12-04;North;prepaid;monthly;fiber;17;1;111,1;2058,33;6.21;0;0;0;0
48459;2024-01-06;Northeast;prepaid;monthly;fiber;33;1;88,67;2832,23;7.72;1;2;1;0
36830;23/07/2024;Northeast;postpaid;monthly;dsl;42;1;123,07;5081,06;9.23;1;0;0;1
81971;16/10/2024;Southeast;prepaid;annual;dsl;62;1;88,87;5081,83;7.97;3;1;1;0
51086;28/03/2024;South;postpaid;annual;dsl;30;0;113,64;3425,89;3.28;0;0;1;0
99496;2024-12-23;Center-West;postpaid;annual;cable;30;1;89,23;2733,0;18.47;0;0;0;0
36954;2024-08-13;South;postpaid;monthly;fiber;12;0;165,27;1984,46;9.67;0;0;0;0
73406;13/10/2024;South;prepaid;monthly;cable;8;0;86,01;723,59;13.61;0;0;0;0
52316;2024-10-08;South;prepaid;monthly;dsl;55;1;139,64;7429,56;20.05;1;0;1;0
10425;2024-02-21;Southeast;postpaid;monthly;fiber;45;1;122,06;5598,3;7.68;0;1;0;0
58200;2024-11-06;Southeast;postpaid;monthly;fiber;38;0;87,83;;12.53;0;0;1;1
52882;2024-02-13;South;postpaid;annual;fiber;32;1;151,14;5263,54;1.17;1;0;0;0
76524;2024-12-27;Center-West;prepaid;annual;fiber;37;1;169,14;6563,64;1.92;0;0;0;0
95276;2024-08-17;Southeast;postpaid;annual;dsl;61;1;144,07;8345,04;10.45;1;0;1;0
62368;2024-08-13;South;prepaid;monthly;fiber;14;0;172,29;;3.92;1;0;0;0
61688;2024-12-12;Southeast;prepaid;monthly;fiber;36;0;95,45;3207,52;13.79;1;0;0;0
83486;2024-06-06;North;prepaid;monthly;dsl;18;0;167,06;2796,38;15.3;0;0;0;0
66337;01/07/2024;South;postpaid;monthly;dsl;8;1;161,43;1344,98;6.8;1;0;0;0
63460;2024-09-04;Northeast;prepaid;monthly;cable;50;0;144,36;6509,55;14.69;0;0;1;0
77389;2024-03-22;North;prepaid;monthly;dsl;51;1;155,28;7542,57;8.75;2;0;0;0
92394;2024-02-10;Northeast;postpaid;annual;dsl;61;0;139,52;8343,87;21.91;1;0;0;0
89806;24/12/2024;Northeast;postpaid;monthly;fiber;2;0;106,85;193,54;4.59;0;1;1;0
70275;2024-09-26;North;prepaid;monthly;dsl;13;1;112,86;1394,36;9.63;0;0;0;0
57060;2024-07-27;Center-West;prepaid;monthly;fiber;41;0;92,65;4012,59;12.07;2;1;1;0
84467;2024-04-11;North;postpaid;annual;fiber;58;1;129,64;8048,75;16.6;2;1;1;1
68730;2024-10-18;Center-West;prepaid;monthly;cable;67;0;78,72;5237,78;15.86;0;0;0;0
67219;2024-08-31;Center-West;prepaid;monthly;dsl;56;1;140,95;8230,47;8.11;1;0;0;0
40799;06/06/2024;North;postpaid;monthly;dsl;65;1;105,77;7348,55;8.96;0;1;0;0
55376;19/06/2024;Northeast;prepaid;monthly;fiber;58;0;82,98;4409,89;6.08;0;0;0;0
14763;2024-12-11;South;postpaid;annual;dsl;23;1;52,08;1272,02;;0;1;0;0
95843;02/04/2024;Center-West;prepaid;monthly;fiber;42;1;68,33;3063,94;25.54;1;0;0;0
79255;2024-01-28;Northeast;prepaid;monthly;fiber;46;1;126,03;6047,35;2.89;3;0;0;0
45127;2024-10-07;Center-West;prepaid;annual;FIBRE;25;0;85,48;2098,09;18.1;1;0;0;0
93897;2024-03-23;South;prepaid;monthly;fiber;63;0;34,98;2210,6;15.31;2;0;0;0
17187;2024-11-16;Northeast;prepaid;annual;FIBRE;55;0;79,46;4068,19;1.7;1;0;0;0
38638;05/08/2024;North;prepaid;monthly;dsl;37;1;84,95;3300,81;17.27;1;0;0;0
77049;27/07/2024;Southeast;postpaid;annual;fiber;35;1;65,15;2379,99;22.54;0;0;0;0
11865;2024-03-29;Southeast;postpaid;monthly;cable;57;1;72,95;4260,35;16.31;1;0;0;0
56610;2024-11-02;North;prepaid;monthly;cable;16;1;135,74;2316,11;5.79;0;0;1;1
91456;07/10/2024;South;postpaid;monthly;FIBRE;16;0;141,94;2081,49;28.05;1;0;0;0
73957;2024-11-02;Southeast;postpaid;annual;dsl;29;1;173,83;5068,13;18.73;0;0;1;0
34820;14/07/2024;North;postpaid;monthly;fiber;10;1;47,71;459,67;6.03;0;0;0;0
87146;2024-03-29;Northeast;prepaid;annual;cable;33;1;76,76;2581,32;;0;0;1;1
67319;2024-07-27;South;prepaid;annual;fiber;31;0;41,56;1162,25;13.55;0;0;0;1
65187;10/08/2024;Center-West;prepaid;monthly;fiber;36;1;122,0;;4.48;0;1;0;0
99087;2024-03-12;Northeast;prepaid;monthly;fiber;33;0;32,46;982,63;11.32;0;0;0;0
18485;28/12/2024;North;prepaid;monthly;cable;64;1;60,8;3842,29;13.14;1;0;0;0
42739;2024-05-31;Center-West;postpaid;annual;fiber;20;1;118,05;2560,78;7.86;0;0;1;0
17153;11/02/2024;North;postpaid;annual;cable;30;0;83,81;2285,85;23.97;0;0;0;0
58438;2024-10-06;Southeast;prepaid;monthly;fiber;53;1;111,66;6415,13;9.28;0;0;0;0
23259;2024-08-24;Southeast;postpaid;monthly;dsl;21;1;126,04;2752,08;14.72;0;0;0;0
62523;2024-01-23;Center-West;prepaid;annual;fiber;47;1;155,84;7885,29;;1;2;0;0
53409;2024-05-13;Center-West;postpaid;monthly;fiber;69;0;88,93;6495,13;6.76;2;0;1;1
81786;2024-02-06;Northeast;postpaid;monthly;fiber;27;0;71,83;1911,03;12.58;2;0;0;0
42709;2024-05-21;Southeast;prepaid;monthly;fiber;18;0;110,82;;10.24;0;0;0;1
57924;20/01/2024;South;postpaid;monthly;dsl;14;1;40,45;511,53;27.78;1;1;0;1
33190;2024-01-23;Southeast;postpaid;annual;dsl;1;0;36,29;36,31;18.23;0;0;1;0
98884;2024-10-25;Southeast;postpaid;annual;fiber;21;1;97,84;2055,97;3.64;2;0;0;0
55764;2024-04-12;South;postpaid;monthly;FIBRE;61;1;62,71;4023,32;6.59;1;0;0;0
37156;2024-09-24;North;postpaid;monthly;fiber;19;1;31,08;598,72;5.96;2;0;0;0
77795;2024-11-08;Southeast;prepaid;annual;dsl;68;1;131,91;8583,2;1.67;0;0;0;0
47270;2024-09-07;Center-West;prepaid;monthly;dsl;68;1;152,42;9798,49;15.52;1;0;0;0
83079;22/01/2024;North;postpaid;monthly;cable;49;0;52,18;2696,46;13.81;1;1;0;1
57548;2024-10-26;South;prepaid;monthly;cable;70;0;114,59;8031,57;5.17;0;0;0;0
94459;21/04/2024;North;postpaid;annual;fiber;29;0;177,6;4738,76;5.31;1;0;0;0
40850;03/09/2024;Northeast;prepaid;annual;fiber;68;1;70,31;5066,91;2.46;0;0;0;0
41732;2024-12-26;South;prepaid;annual;cable;39;1;139,62;5331,7;6.27;1;0;0;1
31517;2024-01-20;Southeast;prepaid;monthly;fiber;6;1;54,32;;13.44;0;0;0;0
69695;2024-02-23;Southeast;postpaid;annual;fiber;60;0;169,81;9401,64;29.63;1;0;1;0
21037;2024-10-31;Center-West;prepaid;monthly;fiber;68;1;30,07;1919,54;3.75;1;0;0;0
43077;2024-10-05;Southeast;prepaid;annual;dsl;63;1;74,21;4256,55;12.73;1;0;0;0
36544;09/12/2024;Northeast;prepaid;monthly;dsl;30;0;176,46;5527,91;32.04;1;0;0;0
36684;2024-12-28;South;postpaid;monthly;cable;8;1;130,6;1069,17;9.7;3;2;1;1
24835;2024-01-26;Northeast;postpaid;monthly;fiber;42;0;61,78;2835,12;9.56;0;0;1;0
38103;2024-11-20;Southeast;prepaid;monthly;FIBRE;62;0;148,7;8604,03;10.83;0;0;0;0
28234;2024-03-13;Center-West;postpaid;monthly; fiber ;60;0;164,71;9500,62;10.04;1;0;0;0
78373;2024-11-08;Northeast;prepaid;monthly;dsl;44;0;103,09;4662,39;15.98;0;1;0;0
31354;2024-08-18;North;postpaid;annual; fiber ;56;1;53,4;3023,61;37.78;1;1;0;0
58513;29/12/2024;South;prepaid;annual;cable;3;1;68,79;208,21;6.75;0;2;0;0
30459;24/12/2024;Center-West;postpaid;monthly;dsl;45;1;171,47;7087,99;4.26;1;0;0;0
62283;09/04/2024;South;postpaid;monthly;dsl;8;1;54,17;391,82;5.42;0;0;0;1
68813;08/07/2024;North;postpaid;monthly;cable;54;1;76,79;4330,67;16.7;0;0;0;0
40348;2024-12-16;South;prepaid;monthly;fiber;4;1;51,83;215,93;11.98;2;0;0;0
75864;10/10/2024;South;postpaid;monthly;dsl;43;1;45,84;1785,26;18.35;1;0;0;0
46106;16/07/2024;North;postpaid;annual;fiber;68;1;108,3;7851,98;;1;0;0;0
35502;2024-09-17;Southeast;postpaid;annual;cable;8;0;89,51;754,28;9.32;2;1;1;1
49480;2024-02-08;Southeast;postpaid;monthly;cable;31;1;36,93;1080,07;;0;1;0;0
89365;2024-09-21;South;postpaid;annual;dsl;3;0;51,78;157,4;2.83;1;1;0;1
24569;2024-11-11;Southeast;prepaid;annual;FIBRE;51;0;35,65;1731,91;12.66;1;0;1;0
96665;2024-06-08;North;postpaid;monthly;cable;66;1;33,69;2372,12;;2;1;0;0
99744;2024-02-17;Center-West;prepaid;annual;cable;1;1;56,77;53,07;25.59;1;1;0;0
47659;2024-02-06;Southeast;postpaid;monthly;dsl;39;0;141,55;5885,15;3.99;0;0;0;1
54428;2024-03-05;Southeast;prepaid;monthly;cable;57;0;32,22;1894,66;19.25;1;0;0;0
40905;2024-08-01;Southeast;prepaid;annual;dsl;2;1;75,67;141,82;8.02;1;0;0;0
42390;2024-01-01;North;postpaid;annual;fiber;35;1;114,72;4308,73;2.76;1;0;0;0
72478;30/12/2024;South;postpaid;monthly;fiber;10;1;141,56;1508,85;7.01;0;0;0;1
81921;2024-05-17;North;postpaid;monthly;fiber;66;0;131,68;8926,36;17.91;1;0;0;1
99543;28/06/2024;Southeast;postpaid;annual;dsl;37;0;178,26;6594,31;17.01;0;0;0;0
99024;2024-06-01;South;prepaid;monthly;dsl;37;1;71,34;2707,69;14.66;1;0;0;0
33534;2024-09-09;North;prepaid;annual;fiber;71;0;30,02;2203,87;5.43;1;0;0;0
70318;2024-04-04;North;prepaid;annual; fiber ;57;1;35,73;1874,8;25.98;1;0;0;0
63279;11/11/2024;North;postpaid;monthly;dsl;23;1;44,63;1006,16;10.77;1;0;0;0
49445;26/10/2024;Northeast;postpaid;annual;dsl;45;0;176,29;8624,59;9.3;1;0;0;0
13468;2024-10-03;North;postpaid;annual;cable;22;0;115,51;2679,99;10.71;0;1;0;0
52222;2024-11-17;Center-West;postpaid;annual;fiber;37;1;149,91;5077,38;4.35;1;0;1;0
62771;04/10/2024;North;prepaid;monthly;cable;58;0;177,76;11047,28;2.9;0;2;0;0
89917;2024-04-17;South;postpaid;monthly;fiber;68;1;156,64;9719,88;9.68;0;1;1;0
88842;2024-09-03;South;postpaid;monthly;fiber;68;1;91,14;6426,15;2.31;0;1;0;0
88173;08/07/2024;South;postpaid;annual;dsl;36;0;161,38;5620,19;17.45;0;0;0;0
74218;06/09/2024;North;prepaid;annual;fiber;64;0;95,06;;23.25;0;0;0;0
49562;2024-12-09;South;prepaid;annual;dsl;64;1;47,1;3002,7;36.43;2;0;0;0
23732;28/01/2024;Center-West;prepaid;monthly;fiber;39;0;112,22;4008,16;6.58;1;0;0;0
11522;06/03/2024;North;prepaid;monthly;fiber;3;0;167,36;548,96;17.03;1;0;0;1
14488;11/12/2024;Center-West;postpaid;monthly;dsl;9;1;147,68;1450,41;1.47;1;1;0;0
74625;2024-03-20;Northeast;prepaid;annual;fiber;47;1;90,29;3963,84;16.5;2;0;1;0
16079;2024-06-27;South;postpaid;monthly;fiber;59;1;158,23;10193,71;9.85;1;0;0;0
28559;2024-05-17;South;postpaid;annual;fiber;65;0;99,63;7068,31;14.15;2;1;0;0
52143;2024-10-29;Northeast;postpaid;monthly;fiber;18;1;132,69;2207,91;21.31;0;0;0;0
49885;2024-03-29;South;prepaid;monthly;dsl;64;1;79,97;4620,16;8.44;2;0;0;0
36268;2024-02-26;South;prepaid;annual;fiber;59;0;59,21;3471,78;14.97;0;0;0;0
86529;14/01/2024;Center-West;prepaid;monthly;dsl;35;1;77,02;2608,22;13.91;1;0;0;0
72273;2024-04-23;North;prepaid;monthly;dsl;27;0;161,27;4338,6;12.29;0;0;0;0
36817;2024-11-23;Southeast;prepaid;annual;dsl;34;0;178,47;6086,1;;0;0;0;0
57682;2024-11-04;North;postpaid;monthly;fiber;48;1;69,59;3509,83;5.19;2;0;0;0
28280;2024-01-20;North;prepaid;annual;dsl;58;0;54,8;3262,11;8.5;2;1;0;0
73961;22/12/2024;Center-West;prepaid;annual;cable;13;0;40,66;529,71;17.58;0;0;0;0
50353;13/05/2024;Northeast;prepaid;annual;fiber;24;0;143,07;3435,07;12.34;0;0;0;0
78816;2024-02-18;Southeast;postpaid;monthly;cable;9;0;109,2;1069,19;14.79;0;0;1;1
27287;2024-02-04;Southeast;postpaid;monthly;FIBRE;67;1;113,42;7289,64;14.13;0;0;0;0
49243;2024-04-16;Northeast;postpaid;annual;FIBRE;29;0;36,78;1000,56;34.89;1;0;0;0
22486;2024-05-07;Southeast;postpaid;monthly;dsl;18;0;42,16;730,64;16.55;2;0;0;0
37385;2024-08-20;South;postpaid;annual;fiber;15;0;167,19;;6.02;0;1;1;1
49376;2024-02-09;Southeast;postpaid;annual;fiber;6;0;116,51;670,81;9.72;0;0;0;1
30721;05/07/2024;Southeast;prepaid;monthly;fiber;34;0;62,88;2202,53;18.51;1;0;0;0
71738;10/02/2024;Center-West;postpaid;monthly;fiber;55;1;61,12;3280,44;2.56;2;0;0;0
56696;14/08/2024;Southeast;postpaid;annual;dsl;23;1;66,14;1490,31;10.49;2;0;0;0
54094;2024-08-21;Southeast;prepaid;monthly;fiber;29;1;39,56;1203,06;8.21;1;1;1;0
96663;2024-09-07;Center-West;postpaid;monthly;cable;46;1;37,46;1615,18;5.48;2;0;1;1
43342;10/06/2024;Southeast;postpaid;annual;cable;26;0;138,0;3672,13;5.26;1;0;0;0
43308;2024-06-03;Center-West;postpaid;monthly;FIBRE;53;1;69,56;3738,5;16.16;1;1;0;0
25763;09/04/2024;Southeast;prepaid;monthly;fiber;23;1;87,67;2139,91;17.54;1;1;0;0
81900;04/12/2024;Southeast;postpaid;annual;fiber;32;1;110,6;3831,87;8.37;0;0;0;0
94016;2024-12-14;Southeast;postpaid;annual;cable;70;0;78,01;5070,79;8.83;0;0;1;0
89687;2024-02-07;Northeast;prepaid;monthly;fiber;60;1;101,82;5812,55;9.97;0;0;0;0
31234;2024-12-20;Northeast;prepaid;annual;fiber;41;0;159,75;6081,03;1.46;1;1;0;1
44503;2024-07-20;North;prepaid;annual;cable;28;1;66,61;2051,01;28.25;1;0;1;0
61232;2024-08-11;South;prepaid;monthly;fiber;71;1;148,69;10785,94;15.59;1;1;0;0
62961;2024-09-03;Southeast;postpaid;monthly;fiber;33;1;69,59;2497,83;18.48;1;0;0;0
49523;2024-03-15;North;postpaid;annual;cable;25;0;58,04;1585,51;8.45;0;0;0;0
43916;09/12/2024;South;prepaid;monthly;cable;43;1;40,9;1900,9;;1;0;0;0
79674;2024-12-05;North;prepaid;annual;FIBRE;30;1;132,63;3793,03;4.48;0;0;0;0
50587;2024-05-29;Northeast;postpaid;monthly;FIBRE;64;1;91,75;5879,76;14.99;2;0;0;0
33311;2024-05-13;Center-West;prepaid;monthly;fiber;16;1;145,56;2204,84;10.9;1;0;0;0
42708;2024-11-24;North;postpaid;monthly;fiber;4;1;49,9;196,82;4.58;0;0;0;0
97693;25/06/2024;Southeast;prepaid;monthly;fiber;31;1;120,5;3680,2;25.16;0;1;0;0
84750;2024-04-09;South;prepaid;annual;fiber;68;1;31,95;2352,5;;0;0;0;0
75057;26/09/2024;Center-West;postpaid;monthly;dsl;5;0;65,07;338,03;36.86;0;1;1;0
45697;2024-01-06;North;prepaid;annual;dsl;58;1;121,45;7384,52;5.97;1;0;0;0
29309;27/09/2024;Northeast;postpaid;monthly;cable;1;0;38,41;40,25;9.48;0;0;0;0
76126;2024-08-28;North;prepaid;annual;cable;40;0;86,58;3495,52;16.07;0;0;0;0
33420;2024-06-16;Southeast;postpaid;annual;FIBRE;33;0;114,25;3653,57;2.2;0;0;1;0
74662;2024-07-20;Center-West;postpaid;monthly;fiber;12;0;139,14;1782,8;12.56;1;1;1;1
89077;2024-07-15;Northeast;postpaid;monthly;dsl;53;1;135,85;;16.22;1;0;1;0
48474;2024-03-29;Center-West;prepaid;annual;FIBRE;13;1;52,23;681,83;5.36;0;0;0;0
18749;21/12/2024;Center-West;postpaid;annual;fiber;32;1;41,28;1228,94;11.11;2;0;0;0
38404;01/07/2024;South;postpaid;monthly;dsl;40;1;86,45;3521,86;6.78;0;0;0;0
28923;2024-06-29;South;prepaid;monthly;fiber;37;1;66,12;2431,82;13.4;0;1;0;0
13450;2024-08-10;South;prepaid;annual;FIBRE;3;1;75,85;244,78;15.26;2;0;1;0
82833;2024-09-14;Center-West;postpaid;monthly;dsl;32;1;81,37;2501,16;10.79;1;0;0;0
67175;2024-06-20;North;prepaid;annual;cable;47;0;89,58;4045,31;17.37;1;0;0;0
89944;2024-03-18;North;postpaid;monthly;dsl;38;1;107,79;3788,19;4.47;1;0;0;0
10811;2024-05-30;Center-West;postpaid;monthly;fiber;52;1;31,4;1626,94;17.72;2;2;0;0
11195;14/08/2024;Northeast;prepaid;annual;dsl;56;1;74,7;4406,05;28.2;1;0;0;0
32674;2024-03-30;Center-West;postpaid;monthly;cable;13;1;69,66;932,24;4.98;0;1;0;0
50341;2024-03-06;Center-West;postpaid;annual;fiber;58;1;65,43;3482,88;4.79;1;0;1;0
79042;2024-02-24;Southeast;prepaid;monthly;dsl;64;0;148,29;9111,45;23.38;0;0;0;0
38794;13/05/2024;South;postpaid;monthly;dsl;60;0;67,69;3919,29;;0;2;0;0
60619;2024-10-11;Northeast;prepaid;monthly;dsl;61;1;52,64;3275,73;16.48;1;0;0;0
36196;2024-06-12;Center-West;prepaid;monthly;fiber;16;1;157,77;2669,94;6.98;1;0;0;0
23690;2024-04-22;Southeast;postpaid;annual;cable;47;0;87,44;4515,23;8.09;0;0;0;0
31289;2024-09-01;South;prepaid;annual;fiber;33;1;57,61;1807,97;20.69;0;1;0;0
16186;2024-10-16;North;postpaid;annual;fiber;70;1;142,68;9375,3;8.89;3;0;0;0
22539;2024-01-30;Northeast;prepaid;monthly;FIBRE;60;1;128,58;7595,84;7.52;2;0;0;0
58826;2024-12-09;Southeast;postpaid;monthly;fiber;12;0;171,79;2134,1;2.84;1;0;0;0
53475;2024-02-06;Northeast;prepaid;monthly;fiber;67;1;161,67;11304,75;8.01;2;1;0;0
28104;2024-09-21;South;postpaid;annual;dsl;50;1;134,15;7150,15;4.84;0;0;0;0
66468;2024-01-20;South;postpaid;monthly;cable;39;0;54,15;;5.54;0;0;0;0
31520;19/04/2024;North;postpaid;monthly;fiber;32;1;102,48;3503,01;6.5;2;0;1;1
66200;2024-05-19;North;postpaid;monthly;cable;36;1;47,82;1780,07;18.34;1;1;0;0
38343;2024-03-12;Northeast;postpaid;monthly;cable;55;0;112,41;5588,06;2.69;0;0;0;0
79349;14/03/2024;South;postpaid;annual;fiber;55;0;167,52;10084,86;11.48;0;0;1;0
45637;2024-05-12;Center-West;postpaid;annual;dsl;40;1;30,57;1162,39;8.31;3;0;0;0
47505;2024-10-07;Southeast;postpaid;annual;cable;71;0;161,4;10486,62;12.89;0;1;0;0
66395;2024-06-28;Center-West;postpaid;monthly;dsl;17;1;110,9;1863,88;;0;0;0;0
68909;2024-10-28;Southeast;postpaid;monthly;dsl;31;0;52,69;1644,71;6.45;1;1;0;0
52074;2024-10-22;Northeast;prepaid;monthly;cable;43;0;158,38;6766,3;18.82;1;0;0;0
78004;30/03/2024;South;postpaid;annual;dsl;12;0;110,53;1397,43;28.97;0;0;0;0
41464;12/06/2024;South;postpaid;annual;fiber;36;1;97,22;3231,73;4.6;1;0;0;0
99681;2024-08-12;Southeast;prepaid;monthly;fiber;60;1;104,96;6690,6;15.7;1;0;0;1
60364;2024-04-10;Northeast;prepaid;annual;dsl;48;0;52,11;2493,77;9.92;1;0;0;0
35298;27/06/2024;Southeast;postpaid;monthly;fiber;51;1;46,91;2190,13;10.93;2;1;0;0
58268;2024-04-18;Northeast;prepaid;monthly;fiber;12;0;129,23;1698,14;19.13;0;1;0;1
86172;14/03/2024;Northeast;prepaid;monthly;fiber;11;1;162,06;1923,17;15.62;0;0;0;0
80071;2024-01-27;Center-West;prepaid;monthly;cable;32;0;134,17;4137,18;8.8;1;0;0;1
27681;2024-08-20;Northeast;prepaid;annual;dsl;23;1;156,12;3594,35;20.51;0;0;1;0
27017;24/06/2024;South;postpaid;annual;fiber;1;1;156,72;148,68;10.11;1;1;1;1
93914;26/09/2024;Northeast;postpaid;annual;fiber;40;0;34,81;1394,45;6.5;0;0;0;0
17491;2024-01-25;Center-West;postpaid;annual;fiber;54;1;145,64;7469,46;11.93;0;0;0;0
26151;2024-11-01;South;postpaid;annual;fiber;52;1;145,81;7385,35;22.05;1;1;0;0
27602;2024-12-15;Southeast;postpaid;monthly;dsl;8;0;82,5;;3.64;1;0;0;0
84401;2024-04-20;Center-West;prepaid;monthly;fiber;56;1;91,48;;14.9;2;0;0;1
37224;2024-12-21;Southeast;postpaid;monthly;cable;28;0;141,82;3627,64;2.35;3;1;1;0
26794;2024-02-26;North;prepaid;annual;fiber;12;0;177,98;2150,6;16.45;1;0;1;0
41165;2024-07-12;South;prepaid;annual;fiber;34;0;178,17;5718,33;13.52;2;0;0;1
40323;2024-12-06;Southeast;postpaid;annual;cable;16;1;101,08;1510,18;24.71;2;0;0;1
79352;06/06/2024;Northeast;postpaid;monthly;FIBRE;48;1;148,43;6910,23;4.14;2;0;0;0
52191;2024-12-05;Southeast;prepaid;monthly;fiber;53;0;99,91;5536,43;12.58;0;0;0;0
45468;2024-03-15;Northeast;postpaid;annual;fiber;52;1;159,89;8074,69;6.33;1;0;0;0
53825;2024-04-14;Northeast;postpaid;monthly;dsl;9;1;127,46;1205,42;8.52;2;0;0;0
48499;2024-08-22;Southeast;prepaid;monthly;FIBRE;25;0;170,5;;27.16;3;0;0;0
19295;2024-01-21;Southeast;prepaid;monthly;cable;36;0;179,59;7039,22;13.02;1;0;0;1
86307;27/03/2024;Northeast;prepaid;monthly;dsl;70;1;79,53;5256,42;14.85;3;0;0;0
24372;2024-09-15;North;postpaid;annual;cable;39;0;176,9;7493,19;8.3;0;0;0;0
22079;18/02/2024;Southeast;prepaid;annual;dsl;47;0;133,88;6749,82;10.61;1;0;0;0
52418;2024-05-13;Center-West;postpaid;annual;dsl;25;1;65,71;1487,76;19.41;4;1;0;0
21372;2024-07-22;South;prepaid;monthly;dsl;21;1;30,47;700,19;24.65;0;0;0;0
41598;03/10/2024;Southeast;postpaid;monthly;fiber;57;1;132,58;8248,75;10.72;2;0;0;0
32770;2024-07-09;Center-West;postpaid;annual;dsl;60;1;63,36;3985,55;21.93;0;0;0;0
99668;2024-01-27;Southeast;postpaid;monthly;dsl;4;0;64,71;264,2;10.52;1;0;0;1
31847;2024-08-03;North;prepaid;monthly;fiber;39;1;112,83;4831,69;6.65;0;1;0;0
88810;2024-06-16;Center-West;postpaid;annual;dsl;56;0;34,64;1821,65;12.19;1;0;1;0
15842;2024-05-23;North;postpaid;monthly;fiber;12;0;92,46;1170,5;6.18;0;1;0;0
86242;2024-05-01;North;prepaid;monthly;dsl;46;1;149,91;7453,43;12.75;0;0;1;0
57973;2024-10-25;South;prepaid;annual;fiber;34;1;34,09;1159,03;4.6;1;0;1;0
96501;22/08/2024;Southeast;prepaid;annual;fiber;37;1;123,59;4388,2;15.96;0;0;0;0
77788;2024-01-13;North;prepaid;monthly;fiber;43;1;53,76;2286,17;4.83;0;1;1;1
18278;2024-09-15;Center-West;prepaid;monthly;fiber;62;1;159,43;10817,76;6.68;1;0;0;0
23694;2024-04-16;Southeast;prepaid;annual;fiber;7;1;88,6;650,28;7.44;2;0;0;1
43392;12/12/2024;Center-West;prepaid;annual; fiber ;15;1;151,82;2298,68;5.2;0;0;0;0
65472;13/06/2024;North;postpaid;annual;dsl;25;0;138,57;3194,21;10.41;1;0;0;0
75098;2024-05-06;North;prepaid;monthly;fiber;57;1;161,68;9569,08;1.31;0;0;0;0
67723;14/02/2024;Southeast;prepaid;annual;cable;43;1;107,53;;9.61;1;0;0;0
23595;2024-02-17;Northeast;postpaid;annual;cable;14;1;102,92;1581,74;0.7;0;1;0;0
71487;2024-09-27;Southeast;prepaid;monthly;fiber;2;1;35,61;71,46;;0;0;0;0
99118;2024-12-16;South;prepaid;monthly; fiber ;71;0;110,07;7993,7;4.5;0;1;0;0
99408;24/05/2024;Northeast;prepaid;annual;fiber;10;1;108,3;1191,15;13.68;0;0;0;1
50689;2024-07-27;Southeast;prepaid;annual;fiber;3;0;120,96;381,22;21.47;0;1;0;1
47565;14/12/2024;North;postpaid;annual;fiber;29;1;49,65;1435,94;7.52;1;1;0;0
89105;2024-12-06;North;prepaid;annual;dsl;40;1;111,0;4485,32;11.14;0;0;0;0
21153;08/09/2024;Southeast;prepaid;annual;dsl;19;0;98,1;2014,8;3.96;2;0;1;0
81161;30/10/2024;South;postpaid;monthly;fiber;12;1;119,4;1557,96;13.75;1;0;0;1
95886;07/07/2024;South;postpaid;monthly;dsl;7;1;129,08;900,69;15.59;0;0;0;0
54114;2024-06-28;Northeast;prepaid;annual; fiber ;29;0;84,21;2367,64;3.57;2;0;0;0
69336;2024-06-08;Center-West;prepaid;monthly;cable;68;0;105,61;7585,94;15.81;1;1;0;1
53118;2024-02-02;Center-West;postpaid;monthly;cable;11;1;89,26;914,95;31.81;0;0;0;0
49528;09/08/2024;Southeast;postpaid;annual;fiber;41;0;144,82;5815,98;8.74;0;0;0;0
56318;2024-04-19;Southeast;postpaid;monthly;dsl;14;1;149,46;1892,17;7.74;1;0;0;0
55282;18/09/2024;Southeast;prepaid;annual;cable;48;0;73,94;3789,38;18.93;0;0;0;0
72740;2024-09-12;North;prepaid;monthly;fiber;5;1;68,93;313,54;7.31;1;1;0;0
28531;28/04/2024;Southeast;prepaid;monthly;FIBRE;15;1;131,75;1994,5;4.16;1;0;0;1
16285;2024-09-24;South;postpaid;monthly;dsl;1;1;146,1;160,54;9.81;1;0;0;0
91170;2024-03-03;Center-West;postpaid;annual;fiber;47;0;31,63;1435,05;16.82;0;0;0;0
44272;2024-04-01;Center-West;prepaid;annual;fiber;52;1;94,12;;10.12;2;0;0;0
58444;2024-09-06;Center-West;postpaid;monthly;dsl;13;0;76,16;917,79;8.78;0;0;0;0
55679;21/08/2024;South;prepaid;monthly;fiber;33;0;144,98;4429,73;14.29;0;0;0;0
88769;2024-11-15;Northeast;postpaid;monthly; fiber ;21;1;51,53;1022,91;5.9;0;0;0;0
22203;2024-02-07;Northeast;postpaid;annual;cable;4;0;146,74;622,44;11.47;3;0;0;0
72192;2024-09-13;Southeast;postpaid;annual;fiber;3;0;129,21;397,44;2.42;1;1;0;0
26537;2024-03-18;North;prepaid;annual;dsl;67;0;156,44;11176,4;13.81;0;0;1;0
65201;2024-05-05;North;postpaid;monthly;dsl;46;1;178,54;7860,75;19.7;0;0;0;0
22176;2024-02-14;South;prepaid;annual;fiber;48;1;101,48;4554,18;24.01;2;0;0;0
30420;2024-04-24;Northeast;postpaid;monthly;dsl;21;0;134,91;2859,91;17.69;4;0;0;1
51358;15/03/2024;Northeast;prepaid;monthly;dsl;19;1;136,49;2352,04;15.43;0;0;0;0
35860;2024-07-09;North;postpaid;monthly;fiber;57;0;156,69;8908,73;10.03;2;0;0;1
24962;01/03/2024;Northeast;prepaid;monthly;dsl;32;1;107,72;3763,29;15.97;2;0;0;0
60875;2024-07-30;Northeast;prepaid;monthly;cable;8;0;46,15;;10.85;0;0;0;0
54519;19/09/2024;North;prepaid;annual;cable;35;0;176,9;6199,03;4.52;0;0;0;0
35177;2024-05-25;South;prepaid;monthly;fiber;38;0;38,53;1375,17;20.26;0;0;0;0
25171;30/11/2024;Northeast;prepaid;annual;fiber;41;0;174,36;7090,78;2.43;1;0;1;0
52587;16/02/2024;Northeast;postpaid;annual;dsl;39;1;68,3;2690,45;7.88;1;1;1;0
60655;2024-12-18;Center-West;prepaid;monthly;cable;61;1;103,87;6338,18;6.42;1;0;1;0
27953;2024-08-06;Southeast;prepaid;monthly;cable;18;0;172,6;3135,19;11.02;1;1;0;0
84057;2024-05-22;North;prepaid;annual;fiber;42;0;131,5;6038,34;17.3;1;0;0;0
18060;2024-01-11;Center-West;prepaid;monthly;cable;64;1;117,83;7078,71;15.08;1;0;0;0
57848;2024-11-09;North;postpaid;monthly;fiber;70;1;78,88;5409,19;3.12;0;0;0;1
34742;10/12/2024;Center-West;postpaid;monthly;fiber;69;0;73,86;4738,07;4.59;1;2;0;0
27395;03/02/2024;Southeast;prepaid;annual;dsl;52;1;34,92;1783,76;15.5;2;1;0;1
41780;06/04/2024;Southeast;postpaid;annual; fiber ;8;0;117,95;867,34;33.98;1;1;1;0
45168;2024-07-26;Northeast;postpaid;annual;dsl;71;0;94,52;6515,79;7.29;1;0;0;0
87923;02/05/2024;South;postpaid;annual;fiber;3;1;63,65;186,64;4.27;2;0;0;0
74368;2024-08-08;North;prepaid;monthly;dsl;40;1;87,63;3664,51;8.34;1;0;0;0
55136;2024-08-02;North;prepaid;annual;cable;32;0;171,14;5929,88;3.86;1;1;0;0
44897;2024-05-29;North;postpaid;annual;fiber;49;1;157,26;7715,35;9.5;0;0;0;0
29239;2024-09-23;Center-West;postpaid;monthly;dsl;56;0;94,56;5587,86;11.15;0;0;0;1
84631;2024-01-09;Southeast;postpaid;annual;dsl;53;1;176,99;9204,27;19.56;3;1;0;0
12918;18/08/2024;Northeast;postpaid;annual;fiber;17;1;99,32;1615,04;14.36;2;0;1;0
34806;2024-04-30;Center-West;prepaid;monthly;dsl;54;1;82,37;4136,65;16.92;0;0;0;0
79265;2024-03-21;Northeast;postpaid;monthly;dsl;54;1;88,19;4661,47;9.44;1;1;0;0
33492;2024-01-02;South;postpaid;monthly;fiber;2;0;161,19;339,02;27.49;1;0;0;0
67412;11/01/2024;Southeast;prepaid;annual;cable;46;0;70,16;3292,22;3.87;0;0;1;0
53169;2024-10-22;Northeast;postpaid;monthly;fiber;10;1;63,32;597,52;9.69;1;0;0;0
34566;02/11/2024;North;prepaid;monthly;fiber;40;1;174,08;7308,25;9.47;3;0;0;0
56510;2024-12-30;Southeast;postpaid;annual;fiber;17;0;140,14;2186,38;6.65;0;0;0;0
97993;2024-11-15;South;postpaid;annual;dsl;26;1;144,57;3500,21;21.62;0;1;1;0
21995;2024-03-16;Center-West;postpaid;annual;cable;20;1;141,04;2641,11;1.32;1;0;0;0
62073;2024-03-16;South;postpaid;annual;fiber;62;0;132,44;8512,63;5.14;0;0;1;0
43497;2024-10-08;Southeast;prepaid;monthly;fiber;65;1;43,69;2717,14;11.13;0;0;0;0
29161;2024-06-22;Northeast;prepaid;monthly;fiber;57;1;143,05;8776,94;8.64;2;0;0;0
49584;2024-11-21;Southeast;prepaid;annual;dsl;52;1;67,34;3215,9;9.88;0;0;0;0
21384;2024-01-16;Center-West;prepaid;monthly;fiber;26;1;49,86;1409,58;5.5;1;0;0;0
48425;2024-04-15;Center-West;prepaid;monthly;fiber;11;1;177,45;1758,71;7.39;0;0;0;1
56973;15/03/2024;Center-West;prepaid;annual;fiber;41;1;34,18;1518,35;19.0;0;0;0;0
90181;2024-08-24;Center-West;prepaid;monthly;fiber;31;1;34,75;997,66;15.02;1;0;0;0
19004;2024-09-25;South;prepaid;annual;dsl;21;0;76,49;1453,18;10.3;0;0;0;0
67168;31/03/2024;South;prepaid;annual;dsl;18;1;156,63;2688,91;16.46;1;0;0;0
90571;2024-10-29;South;postpaid;annual; fiber ;12;0;176,69;2050,95;18.51;3;0;0;0
70371;2024-01-25;North;prepaid;monthly;fiber;59;1;47,78;2951,71;30.3;0;0;0;0
49281;04/01/2024;Center-West;postpaid;monthly;fiber;23;1;89,32;2217,99;15.94;1;0;0;0
83208;2024-07-29;Northeast;postpaid;monthly;dsl;66;1;140,15;9038,58;18.05;1;0;0;0
40053;2024-12-12;Northeast;postpaid;annual;fiber;48;0;126,83;5785,09;6.26;1;0;0;0
24312;2024-04-16;Center-West;prepaid;monthly;fiber;12;1;65,01;745,83;13.62;1;1;0;1
21680;2024-08-02;Northeast;prepaid;monthly;dsl;5;1;79,38;426,73;10.79;0;0;0;1
56408;2024-11-10;South;postpaid;annual;fiber;30;0;119,16;3255,93;18.38;1;0;0;0
92904;06/02/2024;North;postpaid;monthly;dsl;6;1;35,31;209,08;17.8;1;0;0;0
63276;15/12/2024;North;prepaid;monthly;fiber;68;0;143,73;9227,56;17.44;0;0;0;0
52603;2024-08-14;Southeast;prepaid;monthly;fiber;65;1;71,31;4502,49;20.95;1;0;0;0
75323;2024-03-05;Northeast;postpaid;monthly;dsl;47;0;154,25;6903,25;14.39;1;0;0;0
90905;04/07/2024;Northeast;prepaid;monthly;fiber;21;0;132,55;2939,94;6.63;2;0;0;0
99248;2024-02-24;Northeast;postpaid;monthly;fiber;62;1;126,81;;15.26;0;1;0;0
15667;11/01/2024;North;prepaid;annual;cable;46;1;145,1;7209,47;18.22;1;1;1;0
58998;2024-03-14;Northeast;prepaid;annual;fiber;26;0;41,27;1117,33;18.58;0;0;0;0
78075;11/11/2024;Center-West;postpaid;annual;cable;63;1;69,0;4166,76;8.0;1;0;0;0
36137;18/06/2024;North;prepaid;annual;fiber;15;1;108,26;1482,76;2.46;1;0;0;0
74243;2024-05-05;North;postpaid;annual;cable;41;1;146,57;5615,31;23.26;1;0;0;0
40454;2024-04-26;Southeast;prepaid;annual;cable;50;1;157,36;7900,64;;0;0;0;0
46150;2024-12-04;Northeast;prepaid;monthly;fiber;65;1;87,32;6045,76;9.64;0;0;0;0
79794;2024-08-21;Center-West;postpaid;monthly;dsl;10;1;149,05;1455,86;8.58;0;0;0;0
72631;22/12/2024;Northeast;prepaid;annual;dsl;21;0;63,04;;11.98;0;0;0;0
10365;2024-06-18;Center-West;prepaid;annual;fiber;60;1;42,37;2753,18;8.67;0;1;0;1
12595;2024-09-29;Center-West;postpaid;monthly;FIBRE;36;0;66,99;2376,33;11.34;1;0;0;0
60780;2024-01-09;Northeast;postpaid;monthly;cable;54;0;165,47;;6.2;1;0;0;0
42382;2024-09-05;North;postpaid;monthly;dsl;55;1;111,61;5748,94;;0;0;0;0
57878;30/09/2024;Southeast;prepaid;monthly;cable;22;0;102,2;2405,83;14.73;0;0;0;0
16615;16/11/2024;Southeast;prepaid;annual;cable;24;1;141,5;3382,35;11.28;1;1;0;0
61420;2024-05-08;South;postpaid;monthly;cable;36;1;31,51;1198,71;1.83;0;0;0;1
83837;2024-07-23;North;prepaid;annual;dsl;2;1;47,75;96,88;5.48;1;0;0;0
20772;2024-08-30;Northeast;prepaid;annual;dsl;57;1;44,94;2412,97;16.42;0;0;0;0
81068;2024-09-24;North;postpaid;monthly;cable;9;1;48,25;412,44;6.02;0;0;1;0
69151;02/11/2024;Southeast;prepaid;annual;dsl;67;1;98,02;6090,46;13.9;0;1;0;0
77715;2024-05-04;South;prepaid;annual;fiber;56;1;72,1;3715,35;8.84;0;1;0;1
84473;2024-02-09;Center-West;prepaid;monthly;dsl;26;0;147,86;3929,9;11.29;0;0;0;0
41202;2024-12-16;Center-West;prepaid;monthly;fiber;6;0;155,86;989,49;9.06;1;0;0;0
64227;2024-08-05;South;postpaid;annual;cable;57;0;168,74;9974,41;9.56;2;0;0;1
97520;2024-03-01;Center-West;postpaid;monthly;dsl;32;1;59,41;2054,54;16.15;0;0;1;0
14162;06/12/2024;Northeast;prepaid;monthly;dsl;14;0;105,43;1596,02;16.46;1;1;1;1
72204;2024-12-25;Center-West;prepaid;monthly;fiber;31;0;37,3;1259,43;11.96;1;1;0;0
41873;2024-02-19;Center-West;postpaid;monthly;dsl;65;0;65,99;4520,48;16.68;1;0;0;0
12445;01/12/2024;Northeast;prepaid;annual;fiber;49;0;122,26;5964,41;4.34;0;0;0;0
85396;2024-08-09;South;postpaid;monthly;dsl;49;1;93,36;4435,42;10.64;0;0;0;0
77944;2024-03-05;Northeast;postpaid;annual;dsl;37;0;133,6;4526,8;8.16;0;0;1;0
96606;2024-03-20;South;postpaid;monthly;FIBRE;11;1;155,88;1864,18;7.97;0;0;0;0
81376;2024-03-12;South;prepaid;annual;fiber;68;0;38,93;2533,65;7.45;1;0;1;0
84814;2024-06-04;Northeast;postpaid;monthly;dsl;53;1;170,79;8425,45;20.2;0;0;0;0
16965;2024-10-20;North;prepaid;annual;fiber;37;1;36,36;1233,62;;0;0;0;0
25238;23/09/2024;North;postpaid;annual;cable;52;0;177,25;8746,24;7.48;1;1;0;0
39045;2024-06-09;South;postpaid;monthly;cable;26;0;125,64;3498,06;11.91;0;0;0;0
35826;2024-11-03;North;postpaid;annual;dsl;53;0;36,5;2108,25;7.75;1;1;0;0
57907;18/12/2024;Southeast;postpaid;monthly;fiber;69;1;89,04;5836,77;7.68;0;2;0;0
30152;2024-12-03;Northeast;postpaid;annual;fiber;25;1;68,73;1834,77;8.41;0;0;0;0
61727;27/03/2024;North;prepaid;annual;cable;1;1;149,79;152,43;14.92;2;1;0;0
98895;2024-10-20;Center-West;prepaid;monthly;cable;53;0;63,82;3240,05;20.89;2;0;0;1
31182;2024-03-05;North;postpaid;monthly;fiber;61;1;153,93;9002,66;16.34;1;0;0;0
35300;2024-11-13;North;postpaid;monthly;dsl;59;1;76,85;4442,63;29.03;0;0;0;0
66948;2024-04-18;Southeast;prepaid;annual;fiber;70;1;178,37;11594,4;25.81;1;0;1;0
16800;03/02/2024;Southeast;postpaid;annual;fiber;25;1;70,56;1816,85;3.01;0;1;0;0
86224;2024-01-01;South;postpaid;monthly;cable;66;1;132,74;7943,95;20.45;0;0;0;0
31259;2024-09-12;South;prepaid;monthly;cable;15;0;150,03;2426,21;25.34;0;0;0;0
64384;2024-04-04;South;prepaid;monthly;cable;42;0;62,47;2758,74;14.55;2;0;0;1
38108;11/09/2024;South;prepaid;monthly;fiber;64;1;41,36;2564,27;9.63;2;1;0;0
80736;2024-05-06;Northeast;prepaid;monthly;fiber;65;1;112,69;7317,35;6.07;1;0;0;0
75734;2024-02-01;Southeast;prepaid;monthly;cable;45;0;131,56;5819,4;15.61;0;0;0;0
64640;2024-05-16;South;prepaid;annual;dsl;39;1;152,59;6488,87;4.55;1;1;0;0
30960;02/05/2024;Southeast;prepaid;monthly;fiber;33;0;70,91;2335,71;11.57;3;0;0;0
37938;2024-06-05;South;prepaid;annual;dsl;62;1;160,84;10863,92;;2;0;0;0
35726;2024-05-08;Northeast;postpaid;monthly; fiber ;63;1;167,36;11135,77;3.92;3;0;1;0
90967;21/05/2024;Southeast;prepaid;monthly;dsl;18;1;146,88;2789,72;11.76;0;1;1;1
66863;2024-08-24;South;postpaid;annual;cable;10;1;31,14;324,42;18.59;2;0;0;0
81522;2024-05-23;Southeast;postpaid;monthly;fiber;58;1;43,08;2586,82;12.64;0;0;0;0
62189;2024-07-17;Center-West;postpaid;monthly;fiber;58;1;179,66;10204,84;15.76;1;1;0;0
46843;26/03/2024;Northeast;postpaid;annual;dsl;8;1;140,09;1031,45;3.99;2;1;0;0
73419;2024-12-08;South;postpaid;annual;dsl;35;0;124,02;4343,81;28.43;1;0;0;0
39009;2024-12-17;Southeast;prepaid;annual;fiber;36;1;165,2;6283,92;12.37;0;0;0;0
28359;2024-02-22;Southeast;postpaid;monthly;fiber;4;1;35,95;132,96;4.69;0;0;0;0
53787;06/11/2024;North;prepaid;monthly;dsl;48;1;143,61;6856,24;18.07;1;0;1;0
40425;2024-08-04;Northeast;postpaid;monthly;fiber;70;1;128,2;8532,47;28.04;2;0;0;0
64655;20/10/2024;North;postpaid;annual;dsl;16;1;157,23;;9.05;2;2;0;0
28360;2024-02-18;Center-West;prepaid;annual;dsl;56;1;146,69;;10.35;0;0;0;0
53173;2024-09-09;South;prepaid;monthly;fiber;6;0;102,74;638,3;20.54;0;0;0;0
59127;09/11/2024;South;postpaid;annual;dsl;16;1;40,65;;17.56;0;0;1;0
18994;2024-05-08;North;prepaid;monthly;dsl;41;1;166,41;6726,54;6.64;2;1;0;0
74797;2024-05-19;South;prepaid;monthly;dsl;66;1;144,53;9065,07;2.42;0;1;0;0
31655;2024-12-22;Center-West;prepaid;monthly;dsl;63;1;83,46;5025,46;28.36;1;0;0;0
29877;2024-04-12;Southeast;postpaid;monthly;fiber;67;0;177,59;11178,4;8.46;1;1;0;0
33275;2024-10-20;North;postpaid;annual;fiber;71;0;76,67;5951,45;5.13;0;0;0;0
45779;2024-04-13;North;postpaid;annual;fiber;57;1;85,58;4614,64;6.97;0;0;0;0
90341;2024-06-25;Southeast;prepaid;monthly;fiber;26;1;176,2;4513,23;23.17;1;0;0;0
10321;2024-02-13;North;prepaid;monthly;fiber;10;0;130,22;1302,69;0.93;0;0;1;1
60971;2024-11-23;North;prepaid;monthly; fiber ;59;0;161,88;9877,47;20.23;1;0;1;1
21025;2024-03-17;South;postpaid;monthly;dsl;14;0;163,16;2399,03;14.59;2;0;0;0
13992;2024-09-12;Southeast;postpaid;monthly;fiber;37;0;110,47;3993,7;9.41;0;0;0;0
82015;2024-05-20;Southeast;postpaid;monthly;cable;54;1;70,05;3795,7;11.86;1;0;0;0
81989;2024-02-28;Southeast;prepaid;monthly;dsl;3;0;157,12;509,09;16.92;1;0;0;1
14247;2024-01-13;North;postpaid;monthly;fiber;65;1;105,28;6316,15;8.76;1;1;0;0
27419;19/02/2024;Southeast;prepaid;monthly;dsl;22;1;114,65;2492,99;6.97;0;0;0;0
74003;2024-07-03;Center-West;postpaid;annual;fiber;16;0;111,21;1668,81;16.35;0;0;0;0
49397;08/03/2024;South;postpaid;monthly;cable;27;0;31,44;771,82;12.68;1;0;0;0
12957;08/03/2024;Northeast;postpaid;monthly;cable;33;1;36,88;1133,06;24.04;1;0;0;0
82843;2024-12-13;Northeast;postpaid;monthly;cable;33;1;122,46;3838,31;22.89;0;1;0;0
13404;19/07/2024;North;postpaid;annual;dsl;11;1;149,17;1661,76;9.43;2;0;0;0
54566;2024-01-25;Center-West;prepaid;monthly;cable;14;0;98,56;1453,47;10.92;1;0;0;0
82019;2024-02-19;Southeast;prepaid;monthly;dsl;34;0;58,56;2166,55;22.1;0;0;0;0
95015;2024-07-10;South;prepaid;annual;cable;17;0;91,0;1688,75;18.74;0;0;1;0
24866;2024-04-03;South;postpaid;annual;fiber;46;0;145,25;7187,68;14.9;2;0;0;1
86623;2024-03-21;Southeast;postpaid;monthly;cable;64;0;46,29;2971,47;20.71;0;0;1;0
15633;2024-10-15;South;postpaid;monthly;dsl;2;1;114,03;224,59;4.27;1;0;0;0
78728;2024-06-19;South;postpaid;annual;fiber;3;1;135,33;401,94;;1;0;0;1
34074;2024-12-28;Northeast;prepaid;monthly;cable;46;1;92,37;4644,41;6.3;2;0;0;0
13844;2024-09-02;South;postpaid;monthly;dsl;3;1;120,19;367,02;17.91;1;1;0;0
79580;07/05/2024;Center-West;postpaid;monthly;cable;46;1;162,52;7842,64;14.66;3;1;0;1
47863;2024-10-22;Northeast;prepaid;monthly;fiber;35;0;61,92;1978,64;20.2;2;0;0;0
77176;2024-06-21;Center-West;prepaid;annual;dsl;33;1;50,26;1815,76;23.21;1;0;1;0
20433;2024-09-28;Southeast;prepaid;annual;dsl;44;1;39,13;1728,82;4.89;2;0;0;0
77869;2024-06-09;Center-West;prepaid;monthly;FIBRE;64;0;138,93;9074,09;14.93;0;0;0;0
68455;2024-01-01;Northeast;postpaid;annual;dsl;10;0;165,08;1752,44;7.94;1;0;1;1
97623;2024-05-10;Center-West;postpaid;monthly;dsl;10;1;133,56;1224,61;16.92;1;0;0;0
52579;2024-03-17;South;postpaid;annual; fiber ;50;1;176,47;7963,42;7.73;0;0;0;0
93489;2024-04-04;Center-West;prepaid;monthly;dsl;4;0;136,22;594,5;;0;0;0;0
52620;22/05/2024;North;postpaid;monthly;FIBRE;31;1;73,27;2141,14;;0;1;0;0
19605;2024-08-22;Southeast;postpaid;annual;cable;36;1;68,34;2266,26;4.74;3;1;0;0
29234;2024-10-27;North;prepaid;monthly;cable;28;0;130,0;3957,2;6.36;1;0;0;0
52192;26/03/2024;Southeast;postpaid;monthly;fiber;38;1;131,37;4867,58;;2;0;0;0
97944;04/08/2024;Center-West;prepaid;monthly;dsl;9;1;108,57;1046,38;26.33;2;3;1;1
96469;12/06/2024;South;prepaid;annual;fiber;19;1;109,03;2250,24;3.06;2;0;0;0
12633;2024-01-22;South;prepaid;monthly; fiber ;1;0;92,5;86,88;7.41;0;0;0;1
58133;2024-05-24;North;prepaid;annual;cable;69;0;82,49;;14.07;2;0;0;0
51832;19/09/2024;North;postpaid;annual;fiber;60;1;125,11;6814,89;3.61;1;0;0;0
41375;2024-09-29;Southeast;prepaid;annual;fiber;19;1;142,13;2579,68;9.64;0;1;0;1
24779;07/10/2024;Center-West;prepaid;monthly;fiber;3;1;152,01;426,69;13.19;0;1;0;0
39805;25/10/2024;Center-West;prepaid;annual;dsl;20;0;76,18;1645,96;11.21;0;1;0;0
36457;2024-07-09;Northeast;prepaid;monthly;cable;68;1;158,66;11714,02;8.44;1;1;0;1
91541;2024-01-09;Northeast;prepaid;annual;fiber;58;0;75,41;4323,03;4.3;1;0;0;0
69553;14/05/2024;North;prepaid;annual;fiber;47;0;75,73;3454,49;35.83;4;1;0;1
45250;25/07/2024;North;postpaid;monthly;fiber;66;1;150,9;9776,02;7.19;0;0;0;0
29519;05/04/2024;North;prepaid;annual;fiber;13;1;175,41;2432,54;17.61;1;0;0;0
43542;11/02/2024;Southeast;postpaid;monthly;fiber;39;1;169,83;6152,79;15.91;0;2;0;1
77729;2024-05-15;Southeast;prepaid;monthly;dsl;57;1;46,66;2473,88;9.7;0;0;0;1
69268;2024-02-02;South;postpaid;monthly;dsl;2;0;73,27;140,09;8.54;0;0;0;0
56771;20/10/2024;North;postpaid;annual;FIBRE;31;1;143,98;4537,32;4.53;2;0;0;0
27024;2024-05-03;Southeast;prepaid;annual;dsl;26;0;150,94;4091,08;19.2;0;0;0;0
91935;2024-08-05;Southeast;prepaid;annual;dsl;13;1;105,64;1508,04;20.14;1;0;0;0
63192;2024-01-26;Center-West;postpaid;monthly; fiber ;16;1;32,42;471,08;9.97;1;0;0;0
85056;2024-06-21;South;postpaid;annual;fiber;69;1;105,28;7056,38;7.52;0;2;0;0
87672;2024-12-05;North;postpaid;annual;dsl;37;0;34,67;1233,51;5.93;1;0;0;0
31570;01/04/2024;North;prepaid;annual;fiber;6;0;72,21;393,59;10.45;1;0;0;0
38730;2024-09-09;Northeast;prepaid;monthly;cable;49;1;128,53;6665,62;6.59;0;0;0;1
47120;09/05/2024;Northeast;postpaid;monthly;cable;42;0;50,19;2076,74;12.3;0;0;0;0
21264;2024-08-23;South;postpaid;annual;cable;28;1;136,87;3919,86;13.39;1;0;0;1
59604;2024-12-24;Center-West;prepaid;monthly;fiber;29;1;123,21;3538,97;13.45;0;0;0;0
71840;2024-03-02;South;postpaid;monthly;fiber;39;1;94,45;3584,92;6.06;1;1;0;1
48647;2024-02-15;Center-West;postpaid;monthly;cable;66;1;85,82;5253,56;;0;0;0;0
46190;2024-11-06;North;prepaid;monthly;fiber;54;0;167,2;9734,78;9.89;3;0;0;0
46664;04/07/2024;Southeast;prepaid;monthly;FIBRE;29;1;112,98;3027,02;18.94;1;0;0;1
75648;05/04/2024;Northeast;prepaid;monthly;dsl;18;0;163,33;2986,1;13.41;0;0;0;0
82585;2024-07-29;Southeast;prepaid;annual;fiber;8;0;91,87;804,95;5.75;0;1;0;0
70457;2024-04-06;Northeast;postpaid;annual;dsl;14;1;119,2;1597,57;13.64;0;0;0;0
51490;2024-06-12;Southeast;prepaid;monthly;cable;10;0;173,19;1724,06;0.51;2;1;0;1
87973;2024-11-20;South;prepaid;monthly;dsl;58;0;48,61;2957,89;16.59;0;0;0;0
87448;2024-05-10;Northeast;postpaid;annual;fiber;41;1;69,42;2707,74;20.66;0;0;0;0
62898;16/08/2024;Center-West;postpaid;monthly;cable;3;1;167,5;474,88;8.17;1;1;1;1
76020;02/12/2024;North;postpaid;annual;dsl;66;1;93,3;5678,35;11.58;1;0;0;0
13679;31/08/2024;Southeast;postpaid;monthly;fiber;11;1;70,81;704,55;6.33;2;1;0;0
41798;2024-05-25;South;prepaid;monthly;dsl;46;0;179,6;7902,52;5.25;2;0;0;0
91737;21/12/2024;Center-West;postpaid;monthly;fiber;1;1;45,33;46,95;18.56;0;0;0;0
56452;11/06/2024;Northeast;prepaid;monthly;fiber;42;1;121,73;4678,23;6.52;1;0;0;0
51741;25/05/2024;Southeast;prepaid;annual;dsl;40;1;148,21;6245,93;11.35;2;0;0;0
94762;2024-08-17;South;prepaid;monthly;fiber;65;1;148,01;9480,79;;1;0;0;0
43775;2024-04-10;South;postpaid;annual;fiber;43;0;96,28;4184,73;12.35;1;0;0;0
85837;2024-06-27;Southeast;postpaid;annual;dsl;35;0;36,59;1232,54;4.16;0;0;0;0
63557;2024-04-07;Center-West;prepaid;annual;fiber;38;0;156,15;6122,68;10.06;0;0;0;0
55824;2024-01-23;Northeast;postpaid;annual;dsl;45;1;150,41;7115,07;16.33;1;0;0;0
53316;2024-03-13;Southeast;postpaid;monthly;fiber;30;0;65,61;1804,98;10.12;1;1;0;1
14250;2024-09-07;Northeast;prepaid;monthly;dsl;51;0;81,08;4455,72;10.41;2;2;0;0
29839;2024-11-01;North;postpaid;annual;cable;38;0;106,89;4133,5;17.76;0;0;0;0
54152;2024-03-14;Southeast;prepaid;monthly;fiber;69;0;47,12;3348,5;15.54;0;1;0;1
93889;15/04/2024;North;postpaid;monthly;dsl;14;0;153,08;2154,57;8.28;1;1;0;0
99600;26/02/2024;Southeast;prepaid;monthly;fiber;52;0;168,31;8040,3;23.44;0;1;0;0
23652;2024-02-12;South;prepaid;monthly;fiber;59;1;76,23;4448,78;6.71;2;0;0;0
24806;2024-03-11;Center-West;prepaid;annual;fiber;51;1;168,6;8042,52;8.01;2;1;0;0
24613;2024-10-09;Northeast;prepaid;monthly;fiber;70;0;150,13;10531,95;11.26;2;0;0;0
65394;2024-10-04;Southeast;postpaid;annual;fiber;31;1;139,17;;15.08;1;0;0;0
72662;2024-12-17;Center-West;postpaid;annual;dsl;39;0;175,37;6800,05;21.52;1;1;0;0
51867;2024-01-09;North;prepaid;monthly;dsl;11;0;78,7;815,34;8.19;0;0;0;0
51729;06/10/2024;Center-West;postpaid;annual;cable;27;0;167,35;4523,21;11.49;1;0;0;0
26303;2024-08-01;Northeast;postpaid;monthly;cable;12;1;44,76;519,69;23.48;0;0;0;0
45109;01/05/2024;South;postpaid;monthly;fiber;57;0;101,7;6293,96;;0;0;0;0
13391;02/03/2024;North;postpaid;monthly;fiber;56;1;112,8;6223,49;;0;0;0;0
55201;2024-03-04;North;prepaid;monthly;fiber;14;0;48,42;718,14;12.34;0;0;0;0
95039;2024-07-04;Northeast;prepaid;monthly;dsl;58;1;140,6;8125,11;3.82;1;0;0;0
55365;14/10/2024;South;postpaid;monthly;cable;23;0;101,28;;14.95;0;0;0;1
92477;18/02/2024;South;postpaid;monthly;fiber;52;0;98,33;5280,11;8.59;0;0;0;0
96758;2024-08-30;South;postpaid;monthly;fiber;67;0;117,22;7098,01;19.79;2;1;0;0
96050;27/02/2024;South;postpaid;annual;fiber;59;1;50,21;3149,89;12.03;0;0;0;0
46673;12/03/2024;Southeast;prepaid;monthly;cable;14;0;60,0;905,86;4.67;0;1;0;0
11481;2024-01-10;Southeast;postpaid;annual;fiber;13;1;57,1;749,37;5.77;0;0;0;1
30587;2024-12-11;Center-West;prepaid;annual;dsl;8;1;172,79;1312,53;30.94;1;0;0;0
20489;2024-04-21;Southeast;prepaid;annual; fiber ;60;1;145,98;8188,29;15.49;2;0;1;0
17673;2024-08-04;Center-West;postpaid;monthly;FIBRE;39;0;109,38;4454,78;7.99;0;0;0;0
45303;2024-02-24;Southeast;prepaid;annual; fiber ;12;0;128,92;1458,68;12.41;1;1;1;1
43470;03/08/2024;Northeast;postpaid;annual;dsl;42;0;127,5;5366,8;9.85;1;0;0;0
29030;2024-09-12;South;prepaid;annual;dsl;38;1;69,35;2826,59;19.62;0;0;1;0
79504;2024-05-24;North;postpaid;annual;fiber;43;1;42,99;1946,2;16.43;0;0;0;0
53324;2024-07-29;South;postpaid;monthly;fiber;46;1;113,24;4703,44;39.21;0;0;0;0
38530;2024-03-15;North;postpaid;annual;fiber;12;1;69,46;867,45;13.39;0;0;0;0
77724;2024-06-09;North;postpaid;annual;fiber;28;0;161,02;4068,47;5.24;1;0;0;0
28946;2024-08-01;North;prepaid;monthly;fiber;52;1;65,41;3281,66;2.95;1;0;0;0
45980;2024-02-02;South;prepaid;monthly; fiber ;65;0;115,93;7346,05;2.08;1;0;0;0
62873;2024-06-02;North;prepaid;annual;dsl;18;1;93,01;1664,79;18.62;0;0;0;0
76194;2024-05-19;Center-West;prepaid;annual;cable;41;1;141,44;5978,6;11.91;0;0;0;0
27945;29/02/2024;North;postpaid;monthly;dsl;68;1;172,61;12890,2;9.85;0;0;0;0
19833;03/02/2024;South;postpaid;monthly;dsl;43;1;91,74;3690,02;6.1;0;0;0;0
33998;08/01/2024;Southeast;prepaid;monthly;cable;17;0;36,65;644,39;10.7;1;0;0;0
83917;12/05/2024;South;prepaid;monthly;cable;42;0;129,21;5081,17;16.36;0;0;0;0
50982;18/11/2024;Southeast;postpaid;annual;fiber;2;0;49,38;95,45;10.0;0;0;0;0
68556;2024-09-19;Southeast;postpaid;annual;fiber;35;1;45,68;1699,25;20.4;1;0;0;0
40369;2024-12-06;Center-West;prepaid;monthly;fiber;41;1;129,23;4844,54;26.98;0;1;0;0
19695;2024-07-05;Southeast;postpaid;monthly;cable;5;1;45,42;205,29;12.41;0;0;0;0
90698;2024-02-06;North;postpaid;annual;fiber;15;0;49,32;719,14;9.43;2;0;1;0
97383;29/06/2024;Center-West;postpaid;annual;fiber;71;0;95,86;6723,98;;1;0;1;1
43558;17/04/2024;Center-West;prepaid;monthly;dsl;45;0;97,85;4325,59;12.04;1;0;1;0
48830;2024-08-13;Southeast;postpaid;monthly;dsl;33;1;167,06;5608,55;12.34;1;0;0;0
65181;2024-09-21;Southeast;prepaid;monthly;dsl;17;0;71,42;1271,16;13.43;1;0;0;0
53286;2024-12-11;South;prepaid;annual;dsl;9;0;90,14;834,42;3.77;2;0;0;0
43313;2024-08-23;North;postpaid;annual;dsl;31;1;136,13;;13.12;0;1;0;0
61544;2024-08-07;Center-West;postpaid;monthly;cable;39;1;154,05;6031,94;12.95;0;0;0;0
12289;2024-05-25;South;prepaid;annual;fiber;13;1;82,37;1058,35;16.05;0;2;0;0
66143;2024-03-12;Southeast;postpaid;annual;cable;57;1;124,66;6581,1;17.46;0;0;1;0
69732;2024-04-27;South;prepaid;annual;dsl;31;1;123,63;4204,78;21.2;1;0;0;0
99792;2024-07-29;Center-West;postpaid;monthly;fiber;4;0;75,48;311,38;13.74;1;0;1;1
23495;2024-12-26;Southeast;postpaid;monthly;cable;10;1;47,79;452,11;17.56;1;0;0;0
27896;2024-08-07;South;postpaid;annual;cable;62;0;132,38;8515,12;13.83;0;0;0;0
73111;10/02/2024;Southeast;postpaid;annual;cable;24;1;70,21;1697,73;20.98;0;0;0;0
48763;11/02/2024;Southeast;postpaid;annual;cable;27;1;77,74;2058,65;10.93;1;0;0;0
15708;2024-10-26;Center-West;postpaid;annual;fiber;15;0;115,85;1777,75;8.1;0;0;0;0
62844;2024-11-02;Southeast;postpaid;monthly;fiber;58;1;54,12;2964,89;11.73;0;0;0;0
56806;2024-05-20;South;postpaid;monthly;fiber;58;1;66,22;4203,06;23.63;3;0;0;0
40384;2024-04-19;Center-West;prepaid;monthly;cable;18;0;96,91;1722,68;8.44;1;0;0;0
67428;2024-01-05;Northeast;postpaid;annual;cable;52;1;161,77;8532,68;23.38;1;0;0;0
63669;20/10/2024;Southeast;prepaid;monthly;cable;33;1;145,84;4430,46;14.12;0;1;0;0
28232;2024-10-18;North;postpaid;annual;cable;12;1;77,64;1002,4;18.53;1;1;0;0
66055;2024-08-25;Center-West;prepaid;annual;dsl;57;1;75,31;4447,55;14.87;1;1;1;0
83473;2024-12-22;North;prepaid;annual;fiber;6;0;178,1;982,98;12.26;1;0;1;0
51749;2024-03-10;North;postpaid;annual;fiber;63;1;128,01;7947,95;3.67;0;1;1;0
85608;2024-10-29;North;prepaid;monthly;fiber;2;1;132,83;252,95;8.05;1;0;0;0
26282;2024-12-19;Northeast;prepaid;monthly;dsl;23;0;38,27;877,4;37.17;2;1;0;1
70202;2024-08-14;Southeast;postpaid;annual;fiber;17;0;45,75;764,74;4.36;0;0;0;0
99513;27/08/2024;Center-West;prepaid;monthly;cable;17;1;74,17;1330,67;20.04;2;0;1;0
71433;2024-09-28;Center-West;prepaid;monthly;dsl;35;0;156,3;5544,65;3.38;1;2;0;0
89254;2024-05-08;Southeast;postpaid;annual;fiber;54;1;166,6;8890,66;25.73;1;0;1;1
23001;2024-04-12;Center-West;prepaid;annual;cable;29;1;58,65;1589,99;16.37;2;0;0;1
96405;2024-08-27;Center-West;prepaid;monthly;dsl;37;0;137,13;5525,8;6.68;2;0;0;1
44737;2024-04-11;Northeast;prepaid;monthly;dsl;69;1;161,12;10679,84;7.03;1;0;0;0
94852;2024-10-06;South;prepaid;monthly;fiber;36;1;161,84;5315,97;11.76;2;0;0;0
83495;2024-11-09;North;prepaid;annual; fiber ;57;1;98,82;5403,58;3.18;0;0;0;0
48944;2024-07-07;Center-West;prepaid;annual;fiber;28;1;68,82;1805,0;20.78;0;1;0;0
85411;2024-08-03;Southeast;postpaid;monthly;dsl;6;0;173,44;1012,98;7.61;3;0;0;1
85850;2024-02-03;Center-West;postpaid;monthly;dsl;19;0;71,49;1444,49;4.76;1;0;0;0
68228;12/06/2024;Center-West;prepaid;annual;cable;12;1;67,9;794,95;18.9;1;1;0;1
52750;2024-12-29;Northeast;prepaid;annual;cable;65;0;60,85;3922,46;;0;1;0;0
91630;2024-08-18;South;postpaid;monthly;fiber;2;1;109,88;232,74;11.0;0;0;0;0
66865;2024-01-29;North;postpaid;annual;cable;59;1;46,08;2723,41;5.86;0;0;0;0
40180;2024-05-19;Southeast;prepaid;monthly;fiber;10;1;115,6;1208,0;14.6;1;0;0;1
14630;2024-09-13;Center-West;postpaid;monthly;fiber;11;0;171,55;1880,48;21.03;1;0;0;1
73930;2024-11-24;South;prepaid;monthly;dsl;38;0;105,75;3893,76;3.09;0;0;0;0
12723;2024-09-23;Southeast;postpaid;monthly;cable;6;0;174,8;1049,46;21.13;0;0;1;0
61765;2024-04-16;Northeast;postpaid;monthly;cable;6;0;165,86;1090,39;10.1;2;0;1;1
62392;01/04/2024;Northeast;postpaid;monthly;cable;56;1;148,85;7681,8;5.37;1;0;0;0
83698;28/02/2024;Northeast;prepaid;monthly;fiber;5;0;121,21;652,82;5.14;1;0;0;0
11764;2024-09-13;Southeast;prepaid;monthly;fiber;43;1;162,1;;10.14;0;0;0;0
88609;2024-03-06;Northeast;prepaid;monthly;fiber;9;0;113,25;1114,67;2.74;1;0;0;0
49296;2024-08-26;Northeast;prepaid;annual;dsl;7;1;61,08;406,16;9.86;1;1;0;0
17774;2024-12-03;Northeast;prepaid;monthly;fiber;48;1;168,78;7909,49;10.7;1;0;1;0
67130;31/08/2024;Center-West;postpaid;monthly;fiber;28;0;105,33;2718,97;15.24;2;1;1;1
97823;2024-04-22;South;prepaid;annual;fiber;2;1;166,16;302,57;20.0;0;0;1;0
30422;2024-03-24;South;postpaid;monthly;dsl;49;0;88,97;4328,62;16.04;1;2;0;0
35945;2024-12-22;Center-West;prepaid;annual;dsl;69;1;80,36;5089,72;23.77;3;0;0;0
88548;17/02/2024;North;prepaid;annual;fiber;40;0;144,9;5914,91;5.95;1;0;0;0
71207;2024-01-15;North;postpaid;annual;fiber;28;0;125,17;3549,51;14.1;2;1;0;0
35477;2024-07-04;South;postpaid;monthly;dsl;60;1;95,96;6270,4;14.82;1;1;0;0
76274;2024-01-19;Northeast;prepaid;monthly;dsl;24;0;161,79;4202,49;23.46;0;0;0;0
99234;25/10/2024;Northeast;postpaid;annual;FIBRE;44;1;107,49;4535,61;14.7;1;1;1;0
65689;2024-10-26;Southeast;prepaid;annual;fiber;34;0;31,92;;7.07;0;0;0;0
13194;19/02/2024;North;prepaid;monthly;cable;52;0;133,98;6346,28;11.17;2;1;0;0
59053;2024-05-27;Center-West;postpaid;annual;dsl;37;0;39,47;1528,42;14.22;0;0;1;0
46844;2024-12-06;South;prepaid;monthly;fiber;35;0;102,17;3633,48;4.02;0;1;0;0
25773;2024-09-13;South;postpaid;annual;dsl;30;0;58,81;1713,14;25.19;2;0;0;0
54628;2024-02-15;Center-West;prepaid;annual;dsl;22;0;66,3;1552,4;11.29;0;0;1;1
40546;2024-08-04;Southeast;postpaid;monthly;fiber;35;0;176,97;6012,36;31.36;1;0;0;0
44253;16/07/2024;South;postpaid;annual;fiber;5;0;47,02;236,53;4.49;1;0;0;0
81478;2024-09-07;North;prepaid;annual;cable;25;0;143,66;3724,61;;2;0;0;0
22595;2024-11-20;Northeast;prepaid;annual;dsl;6;1;125,62;;15.14;0;0;0;1
61947;2024-07-10;Southeast;prepaid;monthly;fiber;23;1;59,26;1258,42;8.99;0;0;0;0
18741;2024-12-12;North;postpaid;annual;dsl;25;0;170,3;4423,46;19.51;0;0;0;0
92901;2024-09-13;Southeast;postpaid;annual;fiber;2;0;60,21;112,85;11.81;0;0;1;0
60162;21/01/2024;Northeast;postpaid;monthly;dsl;22;1;107,34;2225,57;11.46;1;0;0;1
76399;2024-07-27;Northeast;prepaid;annual;fiber;48;1;148,58;6703,92;11.19;0;0;0;0
35376;2024-05-26;North;prepaid;monthly;fiber;69;0;144,54;;4.87;0;0;0;0
63680;2024-05-27;South;postpaid;annual;fiber;44;1;77,96;3303,04;11.99;1;0;0;0
81788;2024-09-12;Southeast;prepaid;annual;cable;51;1;155,89;8332,95;5.94;1;1;0;0
38469;11/09/2024;Center-West;postpaid;monthly;dsl;48;1;174,31;8479,78;32.07;1;1;0;0
67048;28/05/2024;Northeast;prepaid;annual;cable;68;1;101,1;6884,57;2.31;1;0;0;0
54895;14/02/2024;South;prepaid;monthly;fiber;67;0;127,85;9258,27;12.95;0;0;0;0
97631;2024-02-04;North;postpaid;monthly;dsl;9;1;84,68;774,01;13.9;0;1;0;0
69439;2024-04-07;Northeast;postpaid;monthly;FIBRE;34;0;83,11;2676,9;15.22;0;0;0;0
69802;2024-09-30;Northeast;postpaid;monthly;dsl;65;1;100,46;7161,47;17.56;0;0;0;1
23289;09/03/2024;North;prepaid;annual;fiber;63;0;59,57;3610,48;3.46;0;0;0;0
92194;09/11/2024;South;postpaid;monthly;dsl;38;0;133,41;5043,07;14.21;1;1;0;1
81142;2024-11-02;Northeast;postpaid;annual;fiber;32;1;54,84;1711,58;10.78;1;0;0;0
80629;2024-07-06;Northeast;postpaid;annual;fiber;5;1;30,78;161,26;9.83;1;0;0;0
49655;15/08/2024;North;postpaid;annual;dsl;34;0;95,92;3238,02;18.86;0;1;0;0
94655;2024-09-23;Southeast;postpaid;monthly;fiber;36;0;41,46;1447,8;22.17;1;0;1;0
52276;2024-01-01;North;postpaid;annual;FIBRE;45;1;114,37;5298,28;4.35;2;0;0;0
98682;2024-06-22;Northeast;prepaid;monthly;cable;38;0;108,06;4099,94;11.26;2;0;0;0
80643;2024-10-28;Center-West;prepaid;annual;fiber;16;1;50,59;731,34;17.03;1;0;0;0
54949;2024-12-10;North;postpaid;monthly;dsl;69;1;66,9;4749,89;11.92;2;0;1;0
98704;2024-04-10;South;prepaid;annual;cable;16;1;33,67;501,99;21.23;2;0;1;0
16512;2024-06-29;North;prepaid;monthly;dsl;28;0;119,09;3641,66;6.92;0;0;1;1
94099;04/01/2024;Southeast;postpaid;monthly;fiber;37;1;73,93;2869,07;20.24;1;0;0;0
81279;2024-02-19;Southeast;prepaid;annual;dsl;21;0;136,95;2803,25;9.05;0;0;0;0
75177;2024-01-30;Northeast;postpaid;monthly;dsl;5;1;124,47;567,61;5.87;2;0;0;0
56107;2024-05-06;Center-West;postpaid;annual;fiber;44;1;86,04;3655,29;11.98;2;0;0;1
25043;21/07/2024;Center-West;prepaid;annual;dsl;17;1;33,26;582,54;10.17;0;0;0;1
59574;2024-04-26;North;postpaid;monthly;cable;63;0;78,02;5307,15;4.02;2;0;0;0
27816;07/03/2024;Southeast;prepaid;monthly;fiber;57;1;78,73;4709,9;11.34;0;1;1;1
96498;2024-11-13;Center-West;postpaid;monthly;fiber;31;0;79,91;;18.41;0;1;0;1
57402;2024-08-17;North;postpaid;annual;dsl;33;1;173,02;5287,54;22.94;1;1;0;0
92712;2024-10-15;South;prepaid;annual;FIBRE;68;0;54,68;3516,98;16.96;3;0;0;0
18830;08/11/2024;Center-West;prepaid;monthly;dsl;2;1;70,51;149,21;6.59;2;0;0;0
74332;2024-11-12;Northeast;prepaid;annual;fiber;27;1;154,86;4077,83;13.75;0;0;0;0
19987;2024-05-29;Northeast;prepaid;monthly;fiber;5;1;168,77;904,34;3.6;0;1;0;0
80832;2024-09-12;South;prepaid;annual;dsl;10;1;100,24;910,26;15.73;0;0;0;0
25479;2024-11-13;Center-West;postpaid;annual;cable;66;0;111,01;7498,11;14.95;0;0;0;0
22817;2024-10-05;North;prepaid;annual;fiber;8;1;37,93;303,98;6.55;0;1;0;0
93427;2024-03-19;North;postpaid;monthly;cable;68;0;151,21;10909,16;8.89;1;0;0;0
90118;01/12/2024;Northeast;prepaid;monthly;FIBRE;56;0;119,18;6232,96;12.97;0;0;0;0
97532;2024-08-21;Northeast;postpaid;monthly;fiber;46;0;101,85;4402,2;14.84;3;0;0;0
88938;21/02/2024;Southeast;prepaid;monthly;dsl;53;1;75,39;3989,83;18.85;1;0;1;0
12626;2024-11-21;South;prepaid;monthly;fiber;14;0;96,57;1380,17;3.55;1;2;0;0
69526;2024-10-17;South;postpaid;annual;dsl;9;0;140,3;1177,46;3.34;1;2;0;0
53846;2024-07-19;Center-West;prepaid;monthly;fiber;27;0;42,12;1229,65;3.09;1;1;0;0
21158;09/05/2024;Northeast;postpaid;monthly;FIBRE;55;1;106,02;6231,22;13.2;1;0;0;0
53349;2024-10-11;South;prepaid;annual;fiber;22;1;35,2;716,42;16.65;2;0;0;0
59262;01/08/2024;Northeast;postpaid;monthly;cable;13;0;145,84;2028,46;9.32;1;0;0;0
26400;08/08/2024;Northeast;postpaid;monthly;cable;56;0;61,65;3738,59;;0;0;1;0
60696;2024-01-22;South;postpaid;annual;fiber;46;1;165,51;7224,41;5.8;0;0;0;0
95251;2024-02-28;North;prepaid;monthly; fiber ;39;1;101,41;4243,39;17.41;1;0;0;0
26252;2024-04-29;Center-West;prepaid;monthly;cable;30;1;98,59;2995,01;12.38;2;0;0;0
72589;2024-12-01;North;prepaid;monthly;FIBRE;56;0;84,05;4991,46;14.55;0;0;0;0
54596;08/09/2024;Southeast;prepaid;monthly;cable;53;1;107,45;5811,63;9.84;0;0;0;0
46469;2024-03-15;Northeast;prepaid;monthly;dsl;26;1;80,7;2013,46;9.0;0;1;0;0
19619;2024-11-17;North;postpaid;monthly;cable;10;1;83,99;872,19;10.85;1;0;0;0
34534;2024-10-13;North;postpaid;monthly;fiber;62;1;59,34;3825,99;10.24;2;0;0;0
31819;2024-01-29;Northeast;postpaid;annual;fiber;10;1;81,78;853,97;21.98;2;1;0;0
25523;04/02/2024;Center-West;prepaid;monthly;fiber;31;1;151,76;4949,29;5.39;0;0;0;0
38825;2024-05-17;South;prepaid;monthly; fiber ;64;0;66,85;4403,62;17.59;3;0;0;0
51045;2024-06-27;North;postpaid;monthly;fiber;30;0;153,19;4535,1;7.59;2;0;0;1
99065;2024-10-06;Southeast;prepaid;annual;cable;60;1;159,2;9231,99;8.76;1;1;0;0
54148;2024-07-31;Northeast;prepaid;monthly;fiber;35;0;129,95;4920,84;13.19;1;0;0;0
68266;2024-05-04;North;postpaid;annual;fiber;53;0;34,6;1948,98;16.4;2;0;0;0
84312;03/09/2024;South;postpaid;monthly;fiber;43;0;114,16;5237,97;9.95;0;0;0;0
14485;2024-08-30;Northeast;postpaid;annual;fiber;20;1;154,97;2846,04;5.08;1;0;0;0
16298;13/09/2024;North;prepaid;monthly;dsl;64;0;84,87;5330,09;26.46;0;0;1;0
88865;11/08/2024;North;postpaid;monthly;fiber;34;1;72,42;2390,52;3.81;3;0;0;0
94271;2024-01-21;North;prepaid;monthly;dsl;33;0;78,21;2774,93;5.28;1;0;0;0
33781;2024-12-04;South;prepaid;monthly;cable;47;1;93,46;4244,46;23.48;0;0;1;0
26466;27/04/2024;Southeast;postpaid;annual;fiber;67;1;40,53;2954,68;20.16;2;0;0;0
60470;23/10/2024;Center-West;prepaid;annual;dsl;62;0;65,65;;24.6;0;1;0;0
74773;2024-08-31;Southeast;postpaid;annual;fiber;28;1;127,04;3819,39;7.57;0;0;0;0
29997;2024-08-15;South;prepaid;monthly;fiber;17;0;100,87;1579,81;6.28;0;0;0;0
53953;2024-05-16;Northeast;prepaid;annual;cable;24;1;67,1;1763,67;18.55;1;1;0;0
67272;2024-10-09;Southeast;postpaid;monthly;cable;19;1;169,63;3139,07;4.99;0;0;0;0
78700;11/06/2024;Northeast;prepaid;annual;fiber;21;1;74,33;1429,89;6.37;1;1;0;0
74451;2024-04-03;Northeast;postpaid;annual;fiber;31;0;49,4;1569,23;3.94;0;1;0;0
69255;2024-02-05;Northeast;prepaid;monthly;FIBRE;2;0;59,9;128,54;7.28;1;0;0;0
73267;07/02/2024;South;postpaid;annual;dsl;38;0;74,49;2959,71;5.77;2;0;0;0
79614;07/08/2024;Southeast;prepaid;monthly;dsl;61;0;108,38;6882,62;4.55;0;0;0;0
75071;2024-06-07;Center-West;prepaid;monthly;fiber;31;0;39,95;1347,72;11.45;1;1;1;1
61413;29/04/2024;South;postpaid;monthly;cable;6;0;158,24;1038,17;;1;0;0;0
29597;2024-07-01;Center-West;prepaid;annual;dsl;28;1;161,62;4818,51;14.25;1;0;0;0
25459;2024-02-11;Southeast;prepaid;monthly;fiber;24;0;77,75;1972,01;5.17;0;0;0;0
71712;2024-11-19;Southeast;postpaid;monthly;cable;43;0;146,3;6102,77;;1;0;0;0
41298;03/07/2024;Northeast;postpaid;annual;dsl;18;0;119,95;2142,99;3.49;0;0;0;0
55660;02/12/2024;Center-West;postpaid;monthly;fiber;22;1;156,82;3470,68;8.28;0;0;0;0
84230;26/05/2024;Center-West;postpaid;annual;dsl;53;1;71,54;3775,74;18.52;0;1;1;0
38325;2024-04-18;Northeast;postpaid;monthly;cable;13;0;121,54;1677,04;16.55;1;0;0;0
57656;2024-08-17;South;postpaid;monthly;cable;67;0;40,9;3010,61;10.1;0;0;0;0
14530;2024-01-13;Center-West;postpaid;annual;fiber;22;1;31,42;650,55;31.24;0;1;0;0
47962;24/03/2024;Northeast;prepaid;monthly;dsl;58;0;161,2;9889,52;3.63;2;0;0;0
55091;2024-07-03;Southeast;prepaid;annual;cable;6;1;74,18;454,97;19.95;3;1;0;0
38657;2024-02-25;Southeast;postpaid;annual;cable;23;1;96,81;2327,56;5.4;1;0;1;0
84913;2024-12-26;Center-West;postpaid;annual;fiber;27;0;64,77;;10.55;2;0;0;0
89266;04/05/2024;South;postpaid;monthly;dsl;33;0;161,52;5539,2;15.22;1;2;0;1
67083;2024-09-20;Northeast;prepaid;annual;cable;7;0;87,68;629,15;6.67;1;0;0;0
17523;2024-12-01;Southeast;prepaid;monthly;fiber;18;1;56,87;1055,54;7.53;1;0;0;0
53279;2024-01-24;South;postpaid;monthly;fiber;63;1;121,2;8324,28;19.98;0;0;0;0
60283;2024-03-19;South;postpaid;monthly;dsl;66;0;60,82;3649,47;11.3;1;0;0;0
24832;2024-01-27;South;prepaid;monthly;dsl;32;1;69,1;2120,99;3.94;0;1;0;0
36104;17/04/2024;Northeast;postpaid;monthly;dsl;9;1;130,92;1212,31;8.65;0;0;0;0
29872;2024-07-29;Center-West;postpaid;monthly;fiber;20;0;173,88;3395,7;6.95;0;1;1;0
33746;2024-10-13;Center-West;postpaid;monthly;dsl;68;0;143,22;9641,43;3.26;1;0;0;1
28977;2024-06-03;Northeast;prepaid;annual;fiber;66;0;48,62;3161,94;3.98;0;0;0;0
74256;04/10/2024;South;postpaid;monthly;cable;58;0;76,88;4707,14;12.93;0;1;0;0
24025;2024-10-28;Center-West;postpaid;monthly;fiber;62;1;149,45;8444,88;5.84;0;0;0;0
24973;24/05/2024;North;postpaid;monthly;fiber;51;0;71,27;3598,36;32.73;2;0;0;0
41399;2024-05-02;North;prepaid;monthly;cable;45;1;141,01;6557,31;13.45;1;1;0;0
89306;23/10/2024;Northeast;postpaid;annual;dsl;55;1;100,77;5441,88;18.69;1;0;0;0
17519;2024-03-27;Northeast;postpaid;annual;fiber;46;1;162,66;6831,35;2.76;1;1;0;0
68785;2024-09-29;Center-West;prepaid;monthly;fiber;25;1;83,87;2285,37;13.44;0;0;0;0
37835;2024-08-27;North;prepaid;annual;dsl;46;1;170,19;7639,3;11.67;1;0;0;0
65362;2024-04-13;Northeast;postpaid;monthly;cable;22;0;91,12;2181,18;;0;0;0;0
32025;2024-03-12;Northeast;postpaid;annual;fiber;45;0;138,94;6779,25;1.6;0;1;0;0
78068;2024-08-14;South;prepaid;monthly;cable;28;1;59,28;1539,2;27.67;1;0;0;1
35626;2024-09-07;South;prepaid;monthly;fiber;35;1;109,62;3942,61;10.15;0;0;0;0
34618;2024-04-05;Northeast;prepaid;monthly;dsl;13;1;76,52;952,35;;0;0;0;0
43770;2024-08-21;Southeast;postpaid;monthly;fiber;68;0;31,91;2042,28;11.22;0;0;0;0
47228;2024-07-09;South;postpaid;annual; fiber ;53;0;95,59;5128,6;6.42;1;0;0;0
70143;03/01/2024;Northeast;prepaid;monthly;cable;8;0;55,87;450,21;25.19;1;1;1;0
30248;10/06/2024;Center-West;prepaid;monthly;fiber;34;1;173,79;6363,53;2.31;2;0;1;0
68340;02/04/2024;North;prepaid;monthly;cable;33;0;151,29;;8.06;0;0;0;0
33412;2024-06-22;South;postpaid;annual;fiber;63;1;140,93;9293,01;8.25;2;1;0;1
36210;2024-02-15;North;postpaid;annual;fiber;54;0;98,0;5599,9;6.44;0;1;0;0
60435;2024-12-14;Northeast;postpaid;annual;cable;63;1;68,87;3963,6;9.42;1;0;0;0
18841;2024-01-28;North;prepaid;annual;dsl;34;0;78,65;;8.04;0;0;0;0
59828;2024-10-16;Southeast;prepaid;annual;fiber;12;1;60,65;744,01;5.68;0;1;0;0
70538;27/03/2024;North;prepaid;monthly;dsl;52;1;112,78;6188,21;10.49;1;0;1;1
93309;2024-08-13;North;postpaid;monthly;FIBRE;16;0;151,69;2575,48;11.78;0;1;0;1
95234;2024-02-16;Northeast;postpaid;monthly;cable;46;1;58,11;2871,64;35.31;0;0;0;0
88380;2024-01-19;Center-West;postpaid;monthly; fiber ;30;0;30,68;952,6;5.61;1;0;0;0
48786;2024-12-04;Center-West;prepaid;annual;dsl;25;0;48,84;1133,35;13.43;1;0;0;0
19959;16/02/2024;Northeast;postpaid;monthly;fiber;9;1;99,14;852,56;13.22;1;1;0;0
70354;2024-07-30;South;prepaid;monthly;dsl;57;1;32,79;1908,99;17.85;2;0;0;0
95454;2024-08-21;North;postpaid;annual;cable;49;0;90,49;4550,46;16.32;1;0;0;0
30387;21/03/2024;Southeast;postpaid;monthly;cable;25;1;46,67;1051,41;2.88;0;1;1;0
75310;2024-12-01;Center-West;postpaid;monthly;fiber;53;1;46,16;2444,49;9.12;0;0;0;0
82448;2024-10-20;Center-West;postpaid;monthly;fiber;71;1;136,89;10648,87;5.31;3;2;0;0
75894;2024-01-18;Center-West;prepaid;annual;FIBRE;52;1;179,92;8530,86;5.92;0;0;0;0
75691;11/01/2024;South;postpaid;monthly;cable;68;1;59,17;3917,8;4.03;1;1;0;0
73849;27/12/2024;South;prepaid;monthly;fiber;34;0;64,44;2229,13;9.07;1;1;0;0
63665;2024-02-10;Center-West;postpaid;monthly;dsl;27;0;74,46;2186,14;13.76;0;0;0;0
63074;2024-06-20;North;prepaid;annual;fiber;60;1;147,77;8111,98;23.25;1;0;0;0
22836;07/10/2024;Northeast;prepaid;monthly;cable;48;1;105,88;5424,02;11.12;0;0;0;0
12989;2024-05-19;North;prepaid;monthly;dsl;44;0;115,6;4891,45;6.01;2;0;0;0
30664;15/12/2024;North;prepaid;annual;dsl;46;0;111,98;4943,81;11.94;1;0;0;1
15601;05/09/2024;Northeast;postpaid;annual;cable;71;1;170,61;11560,95;14.49;0;1;0;0
23136;2024-10-01;Center-West;postpaid;monthly;cable;49;0;35,23;;21.31;0;0;0;0
19984;2024-12-27;South;prepaid;monthly;dsl;58;0;53,69;2905,82;5.37;2;0;0;1
85855;2024-02-16;Center-West;postpaid;monthly;dsl;3;0;87,32;239,57;3.96;1;0;1;0
50130;2024-03-15;South;postpaid;annual;dsl;52;1;103,2;5684,2;12.46;2;0;0;0
58382;2024-02-07;North;prepaid;monthly;fiber;23;0;47,09;1163,81;10.42;0;0;0;1
56160;2024-12-17;Center-West;prepaid;annual;fiber;9;0;163,98;1404,11;8.61;2;0;0;0
14927;2024-07-19;Center-West;postpaid;annual;dsl;20;0;131,68;2882,84;10.04;1;0;0;1
93751;2024-02-15;Center-West;postpaid;monthly;dsl;60;0;169,84;11072,16;5.47;1;0;0;0
24093;2024-04-17;South;prepaid;monthly; fiber ;59;1;171,12;9331,43;2.6;0;1;0;0
54549;2024-10-22;Center-West;postpaid;annual;fiber;22;1;106,88;2189,41;16.06;0;0;1;0
31873;11/07/2024;Center-West;prepaid;annual;dsl;14;0;157,95;2158,01;15.51;1;0;0;0
18780;13/09/2024;Center-West;prepaid;annual;fiber;30;0;140,51;4360,52;4.26;1;0;0;0
57960;2024-06-27;Southeast;postpaid;monthly;dsl;24;0;84,08;1819,1;9.72;1;2;0;1
75201;2024-06-26;Northeast;postpaid;annual;dsl;33;1;128,6;4339,01;;1;1;0;0
72694;18/11/2024;Center-West;postpaid;annual;fiber;56;0;172,91;10372,23;13.96;1;0;0;0
20285;18/07/2024;Northeast;prepaid;annual;FIBRE;24;1;144,6;3455,2;6.55;0;0;0;0
80430;28/09/2024;South;prepaid;monthly;fiber;13;0;136,41;1624,45;11.72;0;0;0;0
92235;2024-12-22;Northeast;prepaid;monthly;FIBRE;8;0;63,28;474,85;4.98;1;2;0;1
89303;2024-06-15;Southeast;prepaid;monthly;dsl;49;1;154,67;7754,03;16.97;2;1;0;0
95180;2024-10-06;North;prepaid;annual;dsl;15;1;88,45;1357,74;;0;0;0;0
10685;2024-11-21;Northeast;postpaid;annual;cable;16;1;123,61;1837,55;12.0;0;0;0;0
92070;27/12/2024;North;postpaid;monthly;fiber;58;1;131,66;7826,89;13.24;1;0;0;0
96175;2024-05-31;Northeast;postpaid;monthly;dsl;7;1;107,29;722,12;9.36;2;0;0;1
29065;11/02/2024;South;prepaid;monthly;fiber;47;0;54,84;2372,78;13.24;0;0;0;0
32897;2024-11-25;Northeast;prepaid;annual;cable;1;1;134,62;;17.3;1;0;0;1
14781;24/05/2024;Northeast;postpaid;annual;fiber;67;0;67,09;4660,64;5.43;2;0;0;0
14699;2024-01-28;Northeast;prepaid;monthly;dsl;51;1;69,8;3390,69;19.57;0;1;1;1
30059;2024-03-31;South;postpaid;monthly;dsl;59;0;49,02;3051,83;7.74;0;0;1;0
68395;2024-11-10;South;prepaid;annual;fiber;48;0;122,99;5388,94;13.65;0;0;0;0
27303;29/04/2024;South;postpaid;monthly;cable;29;1;47,61;1317,02;9.19;1;0;0;1
76221;2024-08-09;North;postpaid;monthly;fiber;71;1;81,78;5742,47;12.38;1;0;0;0
82997;2024-12-18;North;postpaid;monthly;fiber;56;0;163,43;9120,72;18.75;0;0;0;0
29221;2024-09-06;South;postpaid;monthly;dsl;7;1;97,96;701,91;10.48;1;0;0;0
58371;21/07/2024;North;postpaid;monthly;dsl;41;1;164,18;6479,83;13.12;1;0;0;0
74219;2024-05-09;South;prepaid;annual;fiber;39;0;103,91;3778,71;21.85;0;0;1;0
71744;31/10/2024;South;postpaid;monthly;fiber;21;1;56,83;1305,1;;3;0;0;1
67887;02/10/2024;Northeast;postpaid;annual;FIBRE;33;1;143,84;4381,82;6.12;2;0;0;0
38532;2024-01-04;Center-West;postpaid;annual;cable;70;1;83,02;5236,9;17.99;0;0;0;0
11880;2024-06-08;South;prepaid;monthly;dsl;7;0;174,96;1235,27;;0;0;0;0
18637;2024-07-09;Center-West;prepaid;monthly;fiber;66;0;69,32;4257,59;8.7;3;1;0;0
42325;2024-05-06;North;postpaid;monthly;fiber;50;1;153,32;7912,9;19.73;1;1;0;0
48860;2024-12-15;Southeast;postpaid;monthly;cable;8;1;104,08;;6.62;0;0;0;0
41032;2024-12-18;South;prepaid;annual;cable;22;1;156,32;3441,11;13.75;1;0;0;0
80787;04/05/2024;Southeast;prepaid;monthly;fiber;60;0;57,46;3335,15;23.98;0;2;1;0
97636;2024-01-02;Southeast;prepaid;annual;dsl;50;0;125,05;6489,06;5.11;1;1;0;0
76512;2024-06-29;South;postpaid;monthly;fiber;6;1;46,98;287,08;24.37;0;0;0;0
91839;29/08/2024;North;prepaid;monthly;fiber;11;1;150,83;1585,67;8.3;0;0;0;1
89743;2024-04-19;Northeast;prepaid;monthly;cable;66;0;65,35;3980,36;;3;0;0;0
49616;06/09/2024;Southeast;prepaid;monthly;cable;12;0;94,14;1046,6;3.83;2;0;0;1
10449;16/09/2024;Center-West;postpaid;annual;fiber;45;0;128,4;;12.26;1;0;1;0
68430;08/01/2024;South;prepaid;annual;cable;71;1;101,73;7156,2;5.48;1;0;0;0
68027;2024-01-04;Southeast;prepaid;monthly;dsl;12;1;146,83;1824,16;14.09;0;0;0;0
75926;2024-07-25;Northeast;postpaid;annual;dsl;4;1;133,23;484,44;9.96;0;0;0;0
56928;2024-07-27;Northeast;prepaid;annual;dsl;59;0;49,56;3199,74;12.14;0;0;0;0
47279;2024-10-29;Northeast;postpaid;monthly;dsl;68;1;146,02;10043,08;15.28;0;0;1;0
16571;2024-02-10;Southeast;postpaid;monthly;cable;37;1;93,52;3261,01;27.77;0;0;0;0
60522;02/06/2024;Southeast;prepaid;monthly;FIBRE;17;0;119,66;1913,56;10.56;1;0;0;0
71798;2024-06-14;South;prepaid;monthly;dsl;5;0;62,49;335,91;14.2;0;0;0;0
52680;29/08/2024;North;prepaid;annual;fiber;65;0;93,46;5568,88;13.02;0;0;0;0
13237;03/07/2024;Center-West;prepaid;monthly;cable;57;0;152,57;8013,64;12.04;1;0;0;1
19642;2024-09-06;South;prepaid;monthly;fiber;64;0;168,94;11420,2;4.3;1;0;0;1
52753;2024-05-28;Southeast;prepaid;annual;fiber;56;1;170,8;10420,66;6.34;0;0;0;0
40484;2024-02-09;Center-West;prepaid;monthly;dsl;31;1;135,01;4135,78;4.52;2;0;0;1
40901;2024-01-19;Southeast;postpaid;annual;fiber;35;0;41,84;1346,31;22.66;0;0;0;1
60014;20/01/2024;Southeast;prepaid;monthly;fiber;28;1;96,39;2801,11;22.91;0;0;0;0
48526;2024-07-22;North;prepaid;monthly;fiber;52;1;58,96;2926,12;15.32;0;1;0;0
39028;06/06/2024;North;postpaid;monthly;dsl;8;0;134,64;1173,89;18.07;0;0;1;0
30933;2024-04-01;Northeast;prepaid;monthly;fiber;3;1;54,21;175,68;4.61;1;1;0;0
46210;2024-08-10;Center-West;prepaid;monthly;fiber;69;0;176,64;13113,18;14.18;0;0;0;0
80280;2024-06-09;Center-West;prepaid;annual;dsl;23;1;59,18;1225,8;;0;0;1;0
94160;2024-04-22;South;prepaid;annual;cable;3;0;37,91;123,73;5.43;0;1;0;0
34212;03/02/2024;Center-West;prepaid;annual;dsl;48;0;156,53;7790,81;18.08;0;0;0;0
65125;14/02/2024;Northeast;postpaid;monthly;fiber;29;0;60,34;;14.14;0;0;0;0
31008;2024-02-29;Southeast;postpaid;annual;cable;17;1;33,6;596,15;4.93;2;0;0;1
31718;02/03/2024;Center-West;prepaid;monthly;cable;31;1;112,21;3770,67;21.46;0;0;0;0
53604;2024-08-12;Southeast;prepaid;annual;dsl;32;0;175,39;5438,07;10.01;1;1;0;0
37651;2024-08-12;North;postpaid;annual;dsl;44;1;70,12;3195,87;15.79;2;0;0;0
63034;28/12/2024;Northeast;postpaid;monthly;fiber;67;0;91,31;5912,75;7.79;1;1;0;0
31932;2024-01-30;South;prepaid;monthly;dsl;63;1;65,58;4260,01;12.31;0;0;0;0
36300;2024-12-24;South;prepaid;annual;dsl;59;0;113,7;6744,41;16.38;1;0;0;0
78977;2024-09-23;North;prepaid;annual;fiber;35;1;78,42;2541,16;5.19;0;0;0;0
52342;2024-02-11;Center-West;postpaid;monthly; fiber ;40;0;118,7;4280,3;24.79;2;0;0;1
69141;26/07/2024;South;prepaid;annual;fiber;10;1;101,7;1070,72;15.47;1;0;0;0
52532;2024-07-30;Northeast;prepaid;monthly;dsl;41;0;169,34;6556,53;13.09;1;0;0;0
68733;07/02/2024;North;prepaid;monthly;fiber;48;0;130,5;6150,28;2.04;1;0;0;1
67198;25/11/2024;Southeast;prepaid;annual;dsl;63;0;132,39;8997,43;10.61;0;0;0;0
27591;2024-09-15;Northeast;postpaid;annual;cable;4;1;102,97;440,42;18.25;1;0;0;0
76966;2024-05-25;Center-West;postpaid;monthly;fiber;62;0;75,47;4807,81;2.45;1;2;0;0
69943;2024-06-01;North;postpaid;monthly;FIBRE;37;1;77,09;2725,02;22.77;0;0;0;0
63265;2024-10-20;Southeast;prepaid;monthly; fiber ;7;1;105,6;683,7;3.73;0;0;0;1
28344;2024-08-11;Southeast;prepaid;monthly;fiber;71;1;58,79;3906,04;12.25;0;0;0;0
33312;2024-02-21;North;postpaid;monthly;cable;34;1;49,86;;25.55;1;0;0;0
45544;2024-08-07;North;postpaid;monthly;dsl;30;0;85,85;2642,82;13.39;1;1;1;0
93217;2024-12-25;North;prepaid;annual;cable;14;1;49,57;681,96;16.96;1;0;0;0
89699;2024-11-14;South;prepaid;monthly;cable;6;0;64,61;422,12;18.1;2;1;1;1
56417;2024-08-22;North;postpaid;monthly;fiber;6;1;110,25;665,86;14.6;0;1;0;0
82153;2024-07-15;South;postpaid;monthly;dsl;19;1;148,51;2766,8;6.14;0;2;0;1
44657;2024-08-13;Northeast;postpaid;monthly;fiber;21;0;63,72;1238,02;9.17;0;0;0;1
25920;10/04/2024;Northeast;postpaid;monthly;FIBRE;33;0;148,75;4500,89;6.2;1;0;1;0
50054;2024-07-31;Northeast;prepaid;monthly; fiber ;44;1;32,33;1470,82;24.12;1;1;0;1
18645;01/11/2024;Southeast;prepaid;monthly;FIBRE;71;0;179,55;11614,12;9.3;0;2;0;0
51990;2024-11-25;Center-West;prepaid;monthly;dsl;57;0;107,54;5617,38;19.06;0;0;0;0
36155;04/08/2024;Southeast;postpaid;monthly;dsl;35;0;101,38;3875,81;15.75;0;0;0;0
82222;22/04/2024;Center-West;postpaid;annual;fiber;65;0;127,58;8447,15;11.93;2;0;0;0
27233;19/03/2024;Southeast;prepaid;monthly;fiber;40;1;101,28;;6.0;0;0;0;0
22133;2024-03-19;North;postpaid;monthly;dsl;31;0;91,2;2640,29;6.93;2;0;0;0
78489;25/03/2024;Southeast;prepaid;monthly;dsl;16;0;85,65;1493,78;7.51;0;0;0;0
33069;2024-07-14;Southeast;prepaid;monthly;dsl;30;1;176,67;5519,48;4.71;1;0;0;0
14328;10/06/2024;Northeast;prepaid;monthly;fiber;3;0;159,22;460,04;29.22;0;0;1;1
98914;25/12/2024;Northeast;postpaid;annual;fiber;11;1;105,36;1252,98;15.16;1;0;0;0
17256;13/08/2024;Southeast;postpaid;monthly;dsl;68;1;155,47;9736,01;11.91;0;0;1;0
36649;24/12/2024;Center-West;postpaid;monthly;dsl;14;1;52,36;790,92;2.9;0;0;0;0
48317;01/12/2024;South;postpaid;monthly;fiber;41;1;109,42;4630,69;9.69;0;0;0;0
59227;2024-02-03;South;postpaid;monthly;fiber;8;0;97,53;781,58;10.2;1;0;0;0
34159;2024-04-07;South;postpaid;annual;fiber;43;0;78,73;3642,99;11.38;1;2;0;0
73063;2024-01-18;North;postpaid;monthly;dsl;70;1;167,77;10601,52;11.53;0;1;1;0
23145;21/08/2024;Southeast;prepaid;monthly;fiber;33;1;154,87;5168,3;2.69;0;0;0;0
24427;2024-10-22;North;postpaid;monthly;dsl;10;1;166,06;1663,24;14.63;0;0;0;0
42976;2024-11-29;South;postpaid;monthly;cable;2;0;125,28;233,28;4.47;0;0;0;0
37300;2024-08-22;Southeast;postpaid;monthly;FIBRE;54;1;86,43;4442,76;8.0;0;1;1;1
46977;2024-03-27;South;prepaid;monthly;fiber;8;0;143,52;1075,62;14.03;1;0;1;0
17991;16/08/2024;Northeast;postpaid;monthly;fiber;23;1;46,29;1010,67;;2;1;0;0
41606;2024-04-04;Northeast;postpaid;monthly;fiber;60;0;157,96;9863,98;12.14;0;0;0;0
27582;2024-09-12;South;prepaid;annual;cable;39;0;34,32;1462,97;17.22;0;0;0;1
24617;2024-01-14;South;postpaid;monthly;cable;62;0;152,73;9753,11;9.12;0;0;0;1
59532;2024-01-12;Northeast;prepaid;monthly;fiber;62;0;135,59;8494,02;10.64;0;0;1;1
19535;2024-08-11;Northeast;prepaid;annual;cable;47;0;43,27;;17.33;1;0;0;0
81840;2024-05-29;Center-West;prepaid;monthly;fiber;67;1;52,05;3236,22;4.76;0;0;1;0
28440;20/02/2024;Center-West;postpaid;annual;dsl;3;0;97,86;308,28;24.41;0;0;0;0
57632;2024-06-23;Center-West;postpaid;annual;dsl;18;1;74,98;1460,8;16.21;1;0;0;0
35204;15/08/2024;Center-West;prepaid;monthly;fiber;20;0;160,09;3120,61;7.54;1;0;0;0
86550;2024-08-28;North;postpaid;monthly;dsl;65;1;58,93;3536,5;17.72;0;0;0;0
97542;12/01/2024;South;prepaid;annual;dsl;45;0;92,56;4330,38;;1;0;0;0
89764;2024-07-30;South;prepaid;monthly;fiber;18;0;69,07;1304,42;22.38;1;1;0;0
64568;2024-01-29;South;postpaid;monthly;cable;15;1;49,08;683,47;3.06;1;0;0;0
16629;2024-10-02;Northeast;postpaid;monthly;fiber;58;1;68,96;3792,79;4.42;1;0;0;0
96119;20/09/2024;Northeast;postpaid;monthly;fiber;61;1;159,0;9388,66;6.49;0;0;0;0
71005;2024-07-17;Center-West;postpaid;annual;cable;2;1;137,33;264,96;6.86;1;0;0;1
42476;2024-10-22;Southeast;postpaid;annual;fiber;26;0;167,14;4150,69;12.86;0;0;0;0
24124;18/08/2024;North;prepaid;annual; fiber ;39;1;90,79;3601,91;16.98;0;0;0;0
20521;2024-08-05;South;prepaid;annual;fiber;17;1;66,06;1201,91;3.52;1;0;0;0
50740;02/01/2024;Center-West;prepaid;annual;fiber;52;1;33,95;1796,0;23.18;1;1;0;0
45801;2024-03-10;South;postpaid;monthly;fiber;54;1;104,27;5248,34;14.17;2;0;1;0
77466;2024-08-20;Southeast;postpaid;annual;FIBRE;60;1;35,96;;28.92;1;0;0;0
28791;2024-12-11;North;postpaid;annual;dsl;56;0;30,64;1876,07;10.37;0;1;0;0
24519;2024-07-05;Center-West;prepaid;annual;fiber;60;1;120,71;6530,76;;1;0;0;0
82008;27/12/2024;Center-West;prepaid;annual;cable;26;0;54,72;1546,38;30.36;3;0;0;0
89873;30/05/2024;Southeast;postpaid;monthly;cable;22;1;113,97;2489,91;6.86;1;0;0;0
81796;18/02/2024;South;postpaid;monthly;fiber;23;1;116,03;2404,87;;0;0;0;0
34097;2024-09-11;Southeast;prepaid;annual;cable;61;1;138,58;8021,37;8.86;1;0;0;0
96057;2024-09-19;South;prepaid;monthly;cable;47;1;87,47;4206,57;8.46;2;0;1;0
64497;2024-01-01;North;prepaid;monthly;cable;23;0;135,77;;12.63;1;0;0;0
44301;2024-11-17;South;prepaid;monthly;dsl;52;0;84,89;4788,06;8.61;0;0;0;0
42106;2024-10-07;Southeast;prepaid;monthly;fiber;17;1;44,67;688,14;17.69;1;1;1;0
85113;2024-08-03;North;prepaid;monthly;FIBRE;19;0;76,5;;15.02;1;0;0;0
43921;2024-11-19;Southeast;postpaid;monthly;cable;1;0;31,14;30,18;6.52;0;1;0;0
33580;22/09/2024;South;prepaid;monthly;dsl;69;0;99,37;7133,03;10.31;1;0;0;0
20819;2024-02-11;Southeast;prepaid;monthly;cable;17;1;141,05;2631,08;18.3;1;0;0;1
38012;2024-08-29;Southeast;prepaid;monthly;dsl;54;1;147,71;8693,78;13.48;2;0;0;0
24444;2024-05-09;North;postpaid;monthly;fiber;9;1;64,81;573,83;15.6;0;1;0;0
62831;2024-12-25;Center-West;prepaid;annual;fiber;3;1;45,85;141,32;6.33;3;1;0;0
72782;2024-11-13;Northeast;prepaid;monthly;cable;48;0;57,81;3007,24;11.07;0;1;0;0
68043;2024-09-16;Southeast;prepaid;monthly;fiber;7;1;177,56;1305,07;4.97;0;0;0;1
53541;2024-01-23;Southeast;postpaid;monthly;dsl;11;1;76,82;786,11;11.92;2;0;0;0
33164;2024-11-27;South;postpaid;monthly;cable;24;0;94,39;2455,37;9.96;1;0;0;0
49872;2024-03-23;Northeast;prepaid;annual;fiber;42;0;41,34;1718,69;12.4;1;0;1;0
86913;2024-10-15;Northeast;prepaid;monthly;fiber;2;1;148,4;;6.02;1;0;0;0
72327;2024-10-21;Center-West;prepaid;monthly;dsl;9;1;97,27;799,67;14.23;0;0;0;0
75861;30/06/2024;South;postpaid;annual;cable;24;1;43,11;1109,04;18.62;1;0;0;0
61180;2024-05-10;Southeast;postpaid;monthly;dsl;51;1;100,94;5574,65;2.18;0;0;0;0
11627;2024-03-16;Southeast;prepaid;annual;fiber;7;0;136,99;1034,69;;1;0;0;0
39194;03/05/2024;Southeast;prepaid;annual;fiber;21;1;100,96;1990,32;;1;1;0;0
26366;2024-01-28;Southeast;postpaid;annual;fiber;14;0;175,29;2262,36;8.79;0;0;0;0
43883;25/05/2024;Center-West;postpaid;annual;fiber;22;1;160,75;3340,09;7.57;0;1;0;0
50699;2024-06-01;South;prepaid;monthly;fiber;19;0;107,22;1936,05;4.78;1;0;1;1
75392;2024-12-18;Center-West;prepaid;monthly;cable;46;0;171,08;7611,05;12.46;0;0;0;0
51448;2024-06-16;North;prepaid;monthly;fiber;5;0;151,71;760,14;12.06;0;0;0;1
16951;2024-01-22;North;postpaid;monthly;cable;67;0;85,24;6266,72;7.57;0;0;0;0
34570;22/02/2024;North;postpaid;monthly;cable;18;1;145,71;2553,73;13.57;1;1;0;0
14214;2024-05-14;Center-West;postpaid;monthly;dsl;71;1;105,88;7101,31;9.7;0;0;1;1
92525;2024-04-20;Southeast;postpaid;monthly;dsl;52;0;110,87;5426,69;25.23;0;0;0;0
41582;2024-05-12;Southeast;prepaid;monthly; fiber ;26;1;108,09;2862,3;3.65;1;0;0;0
72540;2024-06-11;North;prepaid;annual;dsl;22;0;150,55;;6.18;1;1;0;0
83745;23/12/2024;South;prepaid;monthly;fiber;68;1;167,79;11319,13;9.12;1;1;1;0
22926;2024-01-18;North;postpaid;monthly;fiber;71;1;77,93;5881,46;19.08;1;0;0;0
93618;2024-04-15;Northeast;postpaid;monthly;dsl;44;1;126,29;5018,17;16.25;1;1;0;0
78307;2024-04-29;North;prepaid;annual;FIBRE;4;0;124,26;507,97;;1;1;0;0
44840;2024-12-10;South;prepaid;monthly;fiber;65;0;163,12;10826,53;4.34;1;0;0;1
17739;22/08/2024;South;postpaid;annual;dsl;34;0;97,08;3564,02;7.06;1;0;0;0
52593;2024-05-27;Northeast;postpaid;monthly; fiber ;2;0;58,52;110,12;9.71;1;1;0;0
77270;2024-01-13;South;postpaid;monthly;fiber;57;0;60,46;3358,67;17.65;0;1;0;0
81717;2024-06-15;North;prepaid;annual;fiber;3;1;37,69;112,93;10.17;0;0;0;0
69411;10/11/2024;North;postpaid;monthly;FIBRE;27;0;45,11;1223,8;14.91;1;1;0;1
60310;2024-09-04;Northeast;postpaid;monthly;dsl;6;1;75,18;431,46;13.74;1;0;0;0
85509;2024-12-04;Northeast;postpaid;monthly;dsl;32;0;45,38;1455,06;14.97;2;0;0;1
87134;24/06/2024;North;postpaid;monthly;fiber;58;0;160,66;;6.7;2;1;0;0
82605;12/04/2024;South;postpaid;monthly;dsl;10;0;84,3;821,25;16.47;0;0;0;0
11189;20/03/2024;South;postpaid;monthly;cable;10;1;85,27;928,48;14.44;1;1;0;1
98607;2024-08-10;North;postpaid;monthly;dsl;68;1;143,63;9151,71;24.18;0;0;0;0
50635;2024-11-02;South;prepaid;annual;dsl;13;1;75,2;906,65;8.34;0;1;1;0
90815;2024-07-30;Northeast;prepaid;monthly;dsl;8;1;137,28;995,02;11.93;0;0;0;1
10240;2024-04-12;South;postpaid;monthly;cable;42;0;153,36;6740,11;4.75;0;1;0;0
70720;13/08/2024;Northeast;postpaid;annual;cable;20;0;84,03;1720,74;3.59;0;0;0;0
61675;2024-11-08;Northeast;prepaid;monthly;fiber;68;1;101,67;6501,08;;0;0;0;0
27704;05/08/2024;Center-West;prepaid;annual; fiber ;12;1;78,33;921,91;13.37;1;1;0;0
70707;2024-12-19;Southeast;postpaid;monthly;FIBRE;41;0;93,47;3596,17;3.37;0;0;0;0
29761;2024-04-05;Northeast;postpaid;annual;dsl;66;1;117,11;8036,32;14.27;2;0;0;1
10817;2024-07-13;Southeast;postpaid;annual;fiber;53;1;82,45;4053,3;8.3;3;0;1;0
43006;2024-03-28;South;prepaid;monthly;cable;3;0;99,62;314,13;14.82;1;0;0;1
50505;04/03/2024;Southeast;postpaid;annual;fiber;14;1;104,43;1415,21;16.91;1;0;0;0
24242;2024-02-12;Southeast;postpaid;annual;dsl;9;0;33,68;301,63;12.7;1;1;0;0
84557;29/02/2024;Southeast;prepaid;annual;fiber;65;0;54,55;3763,48;8.99;3;0;1;1
96341;2024-04-26;Southeast;prepaid;monthly;FIBRE;15;1;111,21;;10.86;0;0;0;0
87773;2024-11-06;Center-West;postpaid;monthly;fiber;4;1;30,4;;15.18;1;1;0;0
87061;2024-03-12;Southeast;prepaid;monthly;dsl;28;1;135,63;3708,86;16.42;0;0;0;0
90885;2024-04-13;South;postpaid;annual; fiber ;21;0;165,82;3498,14;6.53;2;0;0;1
22615;2024-09-24;Northeast;postpaid;monthly; fiber ;12;1;143,19;1602,94;4.14;0;0;1;0
39683;2024-06-29;Center-West;postpaid;monthly;dsl;33;0;77,12;2431,73;4.99;1;1;0;0
31110;26/08/2024;Center-West;prepaid;annual;cable;64;0;97,48;6309,7;9.3;2;0;0;0
36052;2024-10-13;Southeast;postpaid;monthly;dsl;17;1;127,61;2040,6;16.11;2;1;0;1
57475;17/06/2024;Center-West;prepaid;monthly;dsl;70;1;132,07;9454,34;9.63;0;0;0;0
18534;2024-01-21;Northeast;postpaid;monthly;fiber;48;1;176,62;8066,22;4.61;1;0;0;0
70532;18/06/2024;Southeast;prepaid;annual;cable;28;0;103,95;2990,22;12.49;1;2;0;0
25388;2024-06-07;North;postpaid;monthly;fiber;49;0;67,43;3055,31;10.28;0;0;1;0
80260;2024-12-09;Center-West;postpaid;monthly;cable;25;0;84,33;2109,2;16.72;1;0;0;0
89715;2024-09-01;South;prepaid;monthly;cable;16;1;168,37;2828,69;;0;0;0;0
96738;2024-08-13;Southeast;prepaid;monthly;fiber;17;0;124,91;2045,07;13.13;0;0;0;0
19374;2024-07-28;Center-West;postpaid;monthly;fiber;1;0;159,64;168,06;12.28;2;0;0;0
11070;2024-05-19;Center-West;prepaid;monthly;dsl;47;0;138,61;6293,65;14.63;2;0;0;0
65377;2024-05-28;Center-West;prepaid;annual;dsl;6;0;174,81;1106,06;18.11;0;0;0;0
77057;2024-03-25;Center-West;postpaid;monthly;dsl;15;1;105,18;1693,54;2.62;1;0;0;0
51114;08/05/2024;Center-West;postpaid;monthly;cable;1;1;172,49;156,89;7.15;1;1;0;1
43496;2024-09-22;North;postpaid;monthly;dsl;5;0;162,88;776,03;9.8;1;1;0;1
32973;2024-01-30;Southeast;prepaid;monthly;fiber;65;0;156,46;11119,79;7.1;0;0;0;0
60853;2024-07-17;Northeast;postpaid;annual;dsl;2;1;170,86;313,94;11.69;0;0;0;0
22321;2024-08-08;South;postpaid;monthly;fiber;45;0;108,83;4534,85;9.88;1;2;0;0
39556;2024-02-22;North;prepaid;annual;dsl;24;0;141,42;3065,05;4.64;0;0;0;0
69089;22/01/2024;Northeast;prepaid;annual;cable;10;1;113,3;1079,98;14.97;0;0;0;1
30354;2024-06-06;Center-West;prepaid;annual;fiber;22;1;146,44;3279,42;5.48;0;0;0;0
47024;2024-07-09;South;prepaid;annual;cable;7;1;144,56;962,43;11.79;1;0;0;0
78220;2024-03-09;South;postpaid;monthly;cable;23;0;143,76;3616,42;5.04;1;1;0;0
73847;2024-02-18;Northeast;prepaid;annual;fiber;59;0;94,27;5518,29;11.76;2;1;0;0
57619;2024-04-18;Southeast;postpaid;annual;cable;45;0;149,44;6875,74;9.8;4;0;0;0
82782;15/01/2024;North;prepaid;monthly;dsl;58;1;161,47;8857,76;10.65;1;0;0;0
65089;14/08/2024;Northeast;prepaid;monthly;fiber;50;1;125,44;6435,8;12.19;2;1;0;0
57295;2024-06-26;North;prepaid;monthly;fiber;66;1;98,2;6185,93;17.11;1;0;0;0
50906;2024-08-02;South;postpaid;annual;fiber;8;1;157,99;1375,13;8.02;0;0;1;0
46556;2024-04-21;Center-West;postpaid;monthly;dsl;12;0;146,77;1874,27;4.41;0;0;0;0
11775;2024-08-06;South;prepaid;annual;fiber;30;0;100,44;2719,05;9.3;0;0;0;0
69266;2024-06-27;Northeast;prepaid;monthly;FIBRE;38;0;116,98;;17.4;1;0;0;1
22660;15/12/2024;North;prepaid;monthly;cable;56;0;132,87;7314,06;1.69;1;1;0;0
58825;2024-02-29;Southeast;postpaid;monthly;dsl;9;1;133,25;1210,02;4.37;1;2;0;1
61741;2024-06-12;North;prepaid;monthly;dsl;8;1;76,66;650,56;9.59;0;0;1;0
54939;2024-12-18;Southeast;postpaid;monthly;cable;57;0;73,9;4524,02;18.35;2;0;0;1
32176;10/12/2024;Center-West;prepaid;annual;fiber;40;0;163,1;6626,42;7.42;1;0;0;0
36109;2024-01-06;Northeast;prepaid;monthly;fiber;30;1;170,55;5318,24;9.35;0;1;1;0
58514;04/05/2024;South;postpaid;annual;dsl;16;0;90,31;;6.9;0;0;0;0
15445;19/02/2024;North;postpaid;annual;fiber;50;0;167,01;7660,33;8.15;2;0;0;0
68623;2024-09-08;Northeast;prepaid;annual;fiber;57;0;100,6;5168,55;15.39;1;0;0;0
26503;2024-09-16;South;postpaid;monthly;dsl;3;1;55,08;149,47;16.75;2;0;0;1
10416;2024-07-24;South;prepaid;annual;fiber;4;1;139,93;585,29;15.97;2;0;1;0
60927;2024-12-05;North;prepaid;annual;dsl;56;0;36,88;1944,47;14.61;2;1;0;1
82856;2024-01-12;South;prepaid;annual;dsl;63;1;47,09;3090,11;5.22;0;1;0;0
38315;17/01/2024;Northeast;postpaid;monthly;dsl;17;1;171,15;2672,15;24.43;0;0;0;1
68571;2024-12-06;Southeast;postpaid;annual;fiber;51;0;107,64;;23.21;1;0;1;0
92730;2024-01-09;Center-West;prepaid;monthly;fiber;60;1;69,96;4302,92;9.8;1;0;0;0
67908;2024-12-17;South;postpaid;monthly;cable;9;1;102,06;896,33;17.96;0;0;0;1
13656;2024-07-22;North;postpaid;annual;cable;14;1;116,73;1739,74;2.32;0;0;1;0
31708;18/08/2024;Southeast;postpaid;annual;fiber;10;1;125,84;1307,44;18.97;0;0;0;0
89428;09/06/2024;South;postpaid;monthly;fiber;57;1;82,23;5000,78;;0;0;0;0
23667;2024-08-18;Northeast;postpaid;monthly;dsl;55;0;88,11;5049,58;5.58;1;0;0;0
94374;15/03/2024;South;postpaid;annual;fiber;10;1;112,46;1023,31;19.45;0;0;0;1
14338;08/02/2024;Southeast;prepaid;monthly;fiber;13;1;124,0;1634,09;22.94;2;0;0;0
87562;2024-02-18;North;prepaid;monthly;FIBRE;48;1;168,2;8143,6;2.73;0;0;1;0
12549;2024-03-02;Southeast;postpaid;annual;fiber;64;1;88,84;6051,89;;1;0;0;0
54598;07/11/2024;South;prepaid;annual;FIBRE;56;1;161,2;8447,58;19.3;1;1;0;0
47792;2024-06-10;North;postpaid;monthly;fiber;12;1;178,98;2029,85;21.12;2;1;0;1
69169;2024-02-15;North;prepaid;monthly;cable;28;0;80,85;;2.24;2;0;0;0
94940;2024-04-01;Northeast;postpaid;monthly;fiber;5;0;34,09;168,8;3.71;1;0;0;1
80783;2024-09-10;Northeast;prepaid;monthly;fiber;18;1;120,66;1956,91;4.02;0;1;1;1
96558;2024-05-13;Center-West;postpaid;annual;fiber;40;1;165,55;6779,96;15.14;0;0;1;0
19003;2024-10-28;Southeast;prepaid;annual;cable;25;0;38,01;884,05;23.87;0;0;0;0
62969;2024-01-08;South;prepaid;monthly;fiber;44;0;59,57;2438,24;13.29;3;1;0;0
26626;2024-01-09;Southeast;postpaid;monthly;fiber;22;1;131,42;;7.67;2;0;0;0
35732;2024-10-09;Southeast;postpaid;monthly;dsl;41;0;151,45;6156,41;22.48;0;0;0;0
18504;2024-09-28;South;postpaid;monthly;dsl;45;1;43,0;1824,94;23.03;2;0;0;0
51984;2024-02-02;North;postpaid;monthly;cable;14;0;84,56;1073,89;25.12;2;1;0;0
97661;2024-09-06;Center-West;prepaid;monthly;fiber;4;0;65,81;248,56;5.56;0;0;0;0
31611;2024-03-16;Northeast;postpaid;annual;fiber;25;0;174,73;;4.44;0;0;0;0
78106;2024-07-17;Northeast;prepaid;monthly;fiber;3;1;132,37;357,83;3.37;1;1;0;0
11361;26/09/2024;Northeast;postpaid;annual;dsl;12;1;101,35;1155,96;4.39;0;0;0;0
15148;2024-01-29;Southeast;prepaid;monthly;fiber;21;1;159,35;3163,67;2.55;1;0;0;0
66343;2024-12-29;Center-West;prepaid;annual;fiber;25;0;110,65;2632,81;17.83;0;0;1;0
45069;27/11/2024;Center-West;postpaid;annual;fiber;20;1;166,7;3147,64;13.08;1;0;0;0
91145;2024-04-22;Southeast;postpaid;monthly;cable;4;1;65,82;255,54;45.42;1;0;1;0
39035;27/11/2024;North;prepaid;monthly;FIBRE;13;1;34,1;467,05;10.31;0;0;0;0
95824;2024-07-14;Center-West;postpaid;annual;fiber;63;1;94,31;6105,47;11.11;2;1;0;0
82719;2024-05-04;North;postpaid;monthly;cable;51;0;60,64;2986,63;1.48;2;1;1;0
30940;14/11/2024;Center-West;prepaid;monthly;dsl;32;0;155,36;5186,64;19.68;0;0;0;0
91295;2024-05-02;Center-West;postpaid;monthly;dsl;2;1;109,94;212,56;8.13;0;1;0;0
76012;2024-06-05;North;prepaid;annual;dsl;26;1;73,3;1895,69;5.68;0;2;0;0
55008;2024-07-18;Southeast;prepaid;monthly;fiber;66;0;146,04;9831,86;12.65;0;0;1;0
95433;2024-03-19;South;postpaid;monthly;cable;58;1;109,03;6395,97;9.85;2;0;0;0
82180;15/11/2024;South;prepaid;monthly;fiber;54;1;105,42;5552,69;12.36;2;1;0;0
93595;2024-11-11;North;prepaid;annual;cable;18;1;57,12;979,62;25.27;1;0;0;0
79049;06/12/2024;North;postpaid;monthly;fiber;29;1;179,28;5361,01;6.58;1;1;0;1
56752;12/11/2024;North;prepaid;annual;dsl;3;1;128,85;378,56;6.74;0;0;0;0
69331;2024-04-01;Southeast;postpaid;annual;dsl;61;0;158,22;9806,32;16.83;1;0;0;0
96784;2024-07-31;South;postpaid;monthly;fiber;9;0;143,96;1273,04;6.86;0;0;0;0
56552;2024-07-22;Northeast;prepaid;monthly;fiber;44;0;105,44;4910,03;40.92;0;0;0;0
98670;2024-10-20;Southeast;postpaid;annual;dsl;21;0;31,46;718,74;9.51;0;0;1;0
54553;2024-05-13;South;prepaid;annual;fiber;41;1;130,0;5802,92;13.03;0;0;0;0
23951;2024-07-13;Center-West;postpaid;monthly;cable;59;0;45,11;2414,58;19.81;0;0;0;0
20730;2024-03-20;Southeast;prepaid;monthly;fiber;23;0;174,22;3986,0;11.42;0;1;1;0
64430;2024-07-10;North;postpaid;monthly;dsl;2;1;67,39;131,12;9.84;1;0;0;0
31990;2024-01-02;South;prepaid;monthly;dsl;48;1;85,1;3750,19;18.42;4;0;1;0
94977;06/01/2024;Southeast;postpaid;monthly;fiber;38;0;112,73;4573,82;6.37;0;1;0;0
79977;2024-04-17;North;prepaid;monthly;dsl;10;0;105,39;1089,27;12.76;3;3;0;0
51482;13/09/2024;North;prepaid;monthly;dsl;4;0;128,27;520,19;5.51;0;0;0;0
95481;2024-04-29;Southeast;postpaid;annual;dsl;38;1;147,52;6076,68;17.5;0;0;0;0
72742;07/09/2024;Southeast;postpaid;annual;dsl;44;1;143,65;6501,57;9.39;1;0;0;1
59986;2024-08-26;Southeast;postpaid;annual;dsl;9;0;166,21;1621,65;12.91;1;0;0;0
46359;18/04/2024;Northeast;prepaid;annual;fiber;43;1;100,49;4468,2;20.73;2;0;0;0
44290;23/08/2024;Center-West;prepaid;annual;fiber;32;1;110,13;3226,79;5.93;0;0;1;0
21513;2024-05-29;Southeast;prepaid;monthly;fiber;10;1;161,11;1455,69;14.24;1;0;1;1
72138;23/12/2024;South;prepaid;annual;dsl;44;0;72,35;;17.65;1;0;0;0
48322;07/01/2024;South;postpaid;monthly;cable;46;1;66,89;3098,81;16.33;0;0;0;0
76923;2024-08-30;South;postpaid;monthly;fiber;12;1;31,37;363,75;9.31;0;0;0;0
67422;2024-10-28;South;postpaid;annual;dsl;48;0;140,77;6892,68;4.0;1;0;0;0
78020;2024-02-25;Southeast;prepaid;annual;FIBRE;16;1;133,14;2103,33;21.18;0;1;0;1
74724;2024-12-22;North;prepaid;monthly;dsl;43;1;71,51;2949,1;4.0;0;1;0;0
76235;2024-08-03;South;postpaid;annual;dsl;58;1;49,49;2784,62;3.49;0;1;0;0
85752;25/07/2024;South;prepaid;monthly;dsl;67;0;36,38;2497,75;10.56;1;1;0;0
81006;2024-03-01;South;postpaid;monthly;dsl;19;1;103,18;2014,7;7.03;2;0;0;0
88046;05/08/2024;Center-West;prepaid;monthly;dsl;25;1;59,02;1603,27;13.5;0;0;1;1
86471;26/02/2024;Northeast;prepaid;monthly;fiber;7;1;149,01;1104,83;16.89;0;0;0;0
29801;2024-05-27;North;postpaid;annual;dsl;69;0;172,51;12492,03;9.26;0;0;0;0
22889;2024-12-04;South;prepaid;monthly;fiber;24;1;146,53;3722,79;32.78;2;0;0;0
55151;2024-03-26;Center-West;postpaid;monthly;cable;57;1;157,74;8122,66;6.17;0;0;0;0
25373;2024-03-06;Center-West;prepaid;annual;dsl;67;0;178,62;13117,66;3.06;1;1;0;0
71157;2024-01-03;Southeast;prepaid;monthly;fiber;34;0;141,12;5236,97;10.41;0;0;0;0
31197;2024-06-23;Center-West;prepaid;monthly;fiber;50;0;115,1;;10.99;1;1;0;0
41659;2024-09-24;Northeast;prepaid;monthly;fiber;34;1;151,5;5502,9;14.86;0;1;0;0
63660;2024-11-27;Southeast;postpaid;monthly;cable;41;0;114,58;4584,37;;2;0;0;0
84524;2024-02-08;Northeast;prepaid;monthly; fiber ;18;0;94,88;1781,74;3.91;1;0;1;0
64508;09/08/2024;Southeast;postpaid;annual;dsl;60;0;34,88;1994,27;11.31;0;1;0;0
42998;2024-02-28;Southeast;postpaid;annual;FIBRE;9;1;126,45;1238,55;13.51;3;0;0;0
67564;2024-06-16;Southeast;prepaid;monthly;dsl;47;1;164,63;8350,97;11.82;0;0;0;0
85106;05/04/2024;North;prepaid;monthly;dsl;66;1;133,97;9400,97;13.76;1;1;0;0
64733;02/05/2024;Northeast;prepaid;monthly;fiber;58;0;90,62;4791,92;12.65;2;0;0;0
21762;2024-07-08;North;postpaid;annual;dsl;54;1;122,53;6046,14;11.84;3;0;1;0
86073;2024-02-15;Southeast;postpaid;monthly;fiber;47;0;151,94;7181,59;7.67;1;0;0;0
20889;2024-11-14;Southeast;prepaid;monthly;cable;68;1;144,64;10582,04;7.36;0;1;0;0
75906;2024-11-09;Center-West;postpaid;annual;fiber;62;0;103,68;6068,02;26.08;2;0;1;0
12754;03/04/2024;Center-West;postpaid;monthly;dsl;20;1;84,25;1560,37;5.79;2;0;0;1
43767;2024-10-20;Northeast;prepaid;monthly;fiber;45;1;89,53;3995,18;26.38;0;0;0;0
50408;26/08/2024;Southeast;prepaid;monthly;dsl;31;1;166,19;5598,86;6.81;0;0;0;0
46453;2024-12-01;Center-West;postpaid;monthly;fiber;19;1;55,48;1147,9;22.71;2;1;0;0
27886;03/10/2024;Northeast;prepaid;annual;dsl;59;0;159,45;;17.35;0;0;0;0
84937;2024-10-09;North;prepaid;monthly;fiber;3;1;59,29;178,2;15.17;4;0;1;0
19494;04/07/2024;Southeast;prepaid;monthly;fiber;10;1;177,13;1926,3;1.03;2;0;0;0
76250;2024-06-27;Center-West;postpaid;monthly;cable;8;1;97,25;852,94;7.53;0;0;0;1
56999;2024-03-24;North;prepaid;monthly;FIBRE;15;1;140,01;2272,32;12.38;1;1;0;0
76883;2024-03-11;Southeast;prepaid;monthly; fiber ;37;1;139,41;5093,4;18.18;1;1;0;0
73514;2024-07-14;South;prepaid;annual;dsl;67;0;145,88;;10.35;0;0;0;0
38296;2024-11-17;North;postpaid;monthly;fiber;69;1;148,41;10756,07;4.4;3;0;0;0
34766;2024-07-01;Southeast;prepaid;annual;cable;64;0;35,86;2186,1;10.81;0;1;1;0
55724;2024-03-15;South;postpaid;annual;fiber;54;1;71,0;3721,47;13.78;0;0;0;0
39550;2024-08-02;North;prepaid;monthly;cable;33;1;64,46;2142,94;9.43;2;0;0;0
42457;2024-06-19;Center-West;prepaid;annual;cable;56;1;134,79;8094,55;25.06;0;0;0;0
51829;2024-03-31;Southeast;postpaid;annual;fiber;20;1;132,5;2639,45;11.28;0;0;0;1
55568;28/08/2024;North;postpaid;annual;FIBRE;48;1;74,56;3277,23;18.88;1;0;0;0
56177;2024-05-04;Center-West;prepaid;monthly;dsl;1;1;149,03;151,41;7.54;0;0;0;0
52627;2024-11-05;Center-West;postpaid;monthly;dsl;65;0;76,74;4566,74;;0;0;0;0
50400;2024-10-22;Center-West;postpaid;monthly;fiber;69;1;81,44;5324,21;6.74;1;1;0;0
24987;2024-11-03;Southeast;prepaid;annual;fiber;53;0;89,83;4390,54;16.49;0;0;0;0
50330;2024-12-03;Center-West;postpaid;monthly;fiber;13;1;141,69;1871,34;9.34;0;2;0;1
34370;13/05/2024;Center-West;postpaid;monthly;dsl;19;0;31,77;572,98;4.53;0;0;0;0
50682;25/09/2024;South;prepaid;monthly;dsl;53;1;165,97;8999,57;8.4;1;0;1;0
34710;14/02/2024;North;postpaid;monthly; fiber ;36;1;133,81;4973,17;6.0;1;0;0;0
29838;2024-09-22;North;prepaid;annual;dsl;39;1;117,99;4579,12;8.84;1;1;0;0
74520;2024-06-27;North;prepaid;annual;dsl;29;0;65,6;1712,9;4.61;1;0;1;0
40536;07/05/2024;South;postpaid;annual;cable;60;0;147,83;8037,37;3.99;0;1;0;0
46800;2024-11-14;Center-West;postpaid;monthly;fiber;12;1;160,92;1924,04;5.76;0;0;0;1
57914;2024-05-12;Center-West;postpaid;monthly;fiber;32;1;105,23;3172,1;2.73;0;0;1;0
32253;2024-04-15;South;postpaid;annual;FIBRE;16;0;73,87;1177,75;20.35;2;0;0;0
52245;2024-08-23;Center-West;postpaid;monthly;dsl;50;0;87,08;4420,79;10.71;1;0;0;0
26909;2024-07-15;South;prepaid;annual;fiber;21;1;92,44;1928,19;11.45;1;0;0;0
54246;13/10/2024;Northeast;postpaid;monthly;fiber;22;1;75,89;1682,2;9.01;0;0;1;0
42098;2024-02-27;North;postpaid;monthly;dsl;13;1;136,83;1944,68;5.16;0;0;1;0
21652;2024-12-27;North;postpaid;monthly;dsl;62;1;81,33;5175,83;13.81;0;0;1;0
89952;2024-09-28;Southeast;postpaid;annual; fiber ;16;1;153,18;2302,18;12.77;0;0;0;0
52381;02/05/2024;Northeast;prepaid;monthly;FIBRE;62;1;99,55;5754,97;5.38;1;0;0;0
98205;2024-08-09;South;prepaid;annual;fiber;66;1;124,34;8946,9;16.74;0;0;0;0
11029;2024-01-02;South;prepaid;monthly;FIBRE;69;0;172,19;13022,81;4.69;0;0;1;0
13279;2024-09-26;Southeast;prepaid;monthly;FIBRE;25;1;96,91;;11.24;0;1;1;1
72290;2024-01-19;Center-West;postpaid;annual;FIBRE;47;1;55,55;2799,64;18.24;0;0;0;0
73361;2024-04-15;Southeast;postpaid;monthly;fiber;59;0;112,49;6819,14;22.46;0;0;0;0
35324;2024-10-20;Northeast;prepaid;monthly;cable;6;1;104,5;569,84;9.45;0;0;1;0
39384;2024-09-03;Center-West;prepaid;annual;cable;5;1;147,39;777,19;6.33;0;0;1;0
28447;2024-07-13;Southeast;postpaid;annual;fiber;15;1;159,03;2323,13;3.56;1;0;1;0
59313;03/03/2024;North;prepaid;monthly;dsl;70;1;136,89;9730,6;8.52;1;0;0;0
68579;2024-10-02;North;postpaid;annual;fiber;7;1;175,72;1326,05;8.31;0;1;0;1
96174;2024-06-01;South;prepaid;monthly;cable;55;1;70,38;3891,62;18.88;1;0;0;0
68987;2024-08-26;Northeast;prepaid;monthly;cable;60;1;65,88;4020,49;11.34;0;0;0;0
48675;03/11/2024;North;prepaid;monthly;dsl;65;1;73,69;5084,56;4.53;0;0;1;0
46019;2024-12-29;North;postpaid;monthly;dsl;38;0;130,64;5268,32;16.58;0;0;0;0
57673;2024-07-05;North;prepaid;monthly; fiber ;38;1;64,88;2529,03;18.42;1;0;0;0
80815;2024-08-09;Center-West;postpaid;monthly;fiber;53;1;43,26;2080,8;12.18;0;1;1;0
18115;2024-11-24;Northeast;prepaid;annual;fiber;46;0;176,66;8734,72;16.87;1;1;0;0
23650;2024-06-15;South;prepaid;monthly;fiber;56;1;77,19;4430,08;10.4;1;1;0;0
96112;2024-10-25;Center-West;postpaid;monthly;dsl;26;1;63,36;1662,13;15.91;1;0;0;1
18993;2024-09-30;Center-West;prepaid;annual;fiber;67;1;83,81;6006,6;7.52;0;0;0;0
12470;11/07/2024;Center-West;prepaid;annual;fiber;31;1;53,76;;1.17;1;0;0;0
60492;21/12/2024;Northeast;postpaid;monthly;dsl;18;0;35,37;585,54;22.88;2;0;0;0
87051;2024-05-04;South;postpaid;annual;dsl;54;0;75,81;3894,46;4.83;1;0;0;0
89571;2024-12-15;Northeast;prepaid;annual;dsl;45;0;80,68;3930,15;38.28;0;2;0;0
81259;29/09/2024;South;prepaid;monthly;dsl;4;1;151,65;641,83;28.7;2;0;1;0
98582;2024-07-24;South;postpaid;monthly;cable;12;1;95,35;1141,95;23.33;1;2;0;0
52120;30/09/2024;North;postpaid;monthly;fiber;3;1;140,51;448,59;6.39;3;0;0;0
27328;10/04/2024;Center-West;postpaid;annual;dsl;41;1;140,36;;8.69;0;0;0;0
19415;08/07/2024;North;postpaid;monthly;fiber;63;0;148,35;9906,85;7.82;1;0;0;0
53425;2024-09-19;South;postpaid;monthly;fiber;23;1;167,78;4241,88;6.63;1;1;0;1
91986;2024-02-20;North;prepaid;annual;cable;8;1;104,79;915,3;7.56;0;0;0;0
25812;2024-12-26;South;prepaid;monthly;fiber;61;1;45,59;;14.42;0;0;0;0
94435;26/04/2024;Northeast;postpaid;monthly;fiber;52;0;35,8;1924,18;8.95;1;0;0;0
97925;2024-09-29;South;postpaid;annual;FIBRE;39;0;58,04;2485,49;5.35;0;0;0;0
84267;2024-06-23;North;postpaid;annual;cable;15;1;154,38;2504,46;3.21;1;0;1;0
17632;2024-11-12;South;postpaid;annual;cable;48;0;116,15;5554,28;17.53;1;0;0;0
16158;10/12/2024;South;prepaid;monthly;fiber;27;1;51,02;1301,5;;1;0;1;1
27415;10/02/2024;Center-West;postpaid;monthly;dsl;18;0;49,9;838,3;10.84;1;0;0;0
36593;09/10/2024;South;postpaid;monthly; fiber ;21;1;163,73;3190,39;1.68;1;2;0;1
12402;27/07/2024;Southeast;prepaid;monthly;dsl;5;1;108,0;;5.43;1;1;0;1
71757;2024-10-10;South;postpaid;monthly; fiber ;35;1;55,78;2050,61;11.0;1;0;0;0
37810;2024-11-23;North;postpaid;annual;fiber;54;1;164,51;8941,83;13.86;1;0;0;0
49971;2024-03-15;Southeast;prepaid;annual;dsl;59;0;138,11;8073,57;1.3;1;1;0;0
48190;2024-11-06;South;postpaid;monthly;cable;52;0;101,67;4759,57;10.74;2;1;0;0
29749;2024-02-26;Southeast;postpaid;monthly;fiber;63;1;99,76;6252,31;12.48;0;1;1;0
45191;2024-04-25;North;postpaid;monthly;fiber;69;1;130,9;8155,53;5.9;1;2;0;1
90790;2024-12-20;Northeast;prepaid;monthly;cable;16;1;80,75;1341,1;20.04;1;0;0;1
57047;2024-03-12;Center-West;postpaid;annual;fiber;31;1;179,99;6122,41;4.51;0;0;0;1
34037;2024-04-14;South;postpaid;monthly;fiber;24;0;147,68;3821,0;12.63;1;1;0;1
28297;09/10/2024;Center-West;postpaid;annual;dsl;49;0;126,14;5801,42;7.98;1;0;0;0
12598;2024-08-27;South;prepaid;monthly;fiber;60;1;133,12;;14.7;0;0;0;0
97242;2024-10-27;Northeast;postpaid;monthly;fiber;64;0;179,41;10946,18;10.5;2;0;0;0
99553;2024-10-01;North;postpaid;annual;fiber;7;1;31,62;223,16;18.96;0;0;0;0
99847;2024-03-27;Northeast;postpaid;monthly;fiber;37;0;33,42;1226,44;5.36;0;0;1;0
50344;2024-07-09;Northeast;postpaid;monthly;dsl;9;0;147,75;1265,28;7.96;0;1;1;0
82469;2024-01-22;North;prepaid;annual;cable;24;1;61,41;;14.84;1;1;1;0
67856;2024-01-28;South;postpaid;monthly;fiber;35;1;132,77;4812,33;11.48;2;0;0;0
12261;2024-10-13;North;prepaid;monthly;dsl;45;0;105,5;4924,15;15.0;2;1;0;1
41424;2024-05-02;Center-West;postpaid;monthly;fiber;57;1;77,8;4152,9;16.5;0;0;0;0
56668;2024-06-28;Center-West;prepaid;monthly;fiber;71;0;64,7;4153,14;16.07;1;1;0;0
35543;06/12/2024;Center-West;postpaid;monthly;dsl;24;1;146,51;3724,44;12.44;0;0;1;0
94358;2024-09-12;Southeast;prepaid;monthly;fiber;40;0;55,65;2297,24;16.34;0;0;0;0
86561;2024-07-22;North;postpaid;annual;dsl;5;1;53,81;266,58;9.88;2;0;0;0
58434;20/07/2024;Southeast;postpaid;annual;fiber;8;0;96,29;790,92;14.29;1;0;0;0
42882;2024-12-13;Northeast;prepaid;monthly;dsl;69;1;47,89;3559,22;4.97;1;0;0;0
62803;2024-05-12;Center-West;prepaid;monthly;cable;67;1;126,23;8229,31;;2;0;1;0
55460;2024-02-29;Southeast;postpaid;monthly; fiber ;67;0;178,8;11851,45;12.12;1;0;0;0
89869;03/12/2024;Northeast;postpaid;monthly;cable;19;0;142,19;2713,77;24.43;0;0;0;0
25006;2024-01-25;Center-West;prepaid;monthly; fiber ;47;0;120,49;5874,39;9.23;1;0;0;0
43345;06/11/2024;Center-West;prepaid;annual; fiber ;17;1;89,2;1514,1;4.09;0;0;0;0
44827;2024-08-28;South;prepaid;monthly;fiber;49;1;178,2;9105,2;4.04;1;2;0;0
20142;11/03/2024;Southeast;postpaid;monthly;cable;35;0;161,99;5413,41;24.37;0;0;0;1
83606;2024-04-11;Center-West;postpaid;annual;dsl;67;0;153,09;9481,51;21.69;0;0;0;0
19684;2024-05-25;Center-West;prepaid;annual;cable;27;0;64,5;1589,26;13.04;0;1;0;0
32569;2024-07-27;North;postpaid;monthly;dsl;46;1;48,54;2046,56;3.33;0;0;0;0
59155;2024-07-03;Center-West;postpaid;monthly;fiber;47;0;56,69;2409,46;13.18;0;0;0;0
77620;2024-05-13;Southeast;postpaid;annual;cable;56;0;68,8;4224,1;13.84;1;0;0;0
56024;2024-07-18;Northeast;prepaid;monthly;cable;4;1;42,25;177,73;10.8;1;1;0;1
94090;2024-03-31;Southeast;prepaid;annual;dsl;33;1;163,26;5428,39;13.14;1;0;1;0
11519;01/01/2024;Center-West;prepaid;annual;dsl;33;1;57,78;1816,03;8.46;1;0;0;0
18668;02/02/2024;Northeast;prepaid;monthly;cable;17;0;63,99;1137,97;3.36;0;1;1;0
64874;2024-05-04;Center-West;prepaid;monthly;FIBRE;58;0;163,22;10406,13;17.4;1;0;0;0
72090;2024-07-20;North;prepaid;monthly;cable;60;1;173,72;10134,71;12.79;1;2;0;0
46132;2024-02-10;Southeast;prepaid;monthly;cable;6;0;63,27;370,61;21.72;1;0;0;0
67859;20/01/2024;Southeast;postpaid;monthly;dsl;49;1;74,13;;15.86;1;2;0;0
53053;2024-10-07;South;prepaid;annual;fiber;62;0;150,02;9089,13;6.31;1;0;1;0
50014;19/09/2024;Northeast;postpaid;annual;fiber;21;1;175,54;3965,89;2.81;2;0;0;0
70406;2024-06-26;Southeast;prepaid;annual;cable;45;1;127,45;5357,02;13.6;0;0;0;0
57105;2024-04-05;Center-West;postpaid;annual;cable;45;0;96,39;4696,41;10.83;1;0;1;0
17706;2024-08-16;South;prepaid;annual;dsl;2;0;131,19;;11.3;0;0;0;0
44431;2024-02-21;North;postpaid;monthly;cable;58;1;147,04;8929,76;;0;1;0;0
75571;04/01/2024;South;postpaid;monthly;dsl;54;1;46,9;2440,23;2.52;0;1;1;0
71500;30/10/2024;North;prepaid;annual;cable;20;0;95,29;2023,91;9.82;1;0;0;0
45332;06/10/2024;North;postpaid;monthly;FIBRE;23;1;158,6;3406,28;6.3;1;1;0;0
44906;25/11/2024;Southeast;prepaid;monthly;fiber;55;0;135,81;7670,58;11.79;1;0;0;1
37446;2024-10-28;North;postpaid;monthly;dsl;57;0;53,07;3029,07;6.54;1;0;1;0
85609;16/02/2024;Northeast;prepaid;monthly;fiber;6;1;143,28;823,14;8.45;3;0;0;1
63738;2024-01-21;Center-West;prepaid;monthly;fiber;26;1;130,12;3373,89;;1;0;0;0
98863;13/12/2024;South;prepaid;annual;dsl;45;1;69,7;3424,92;8.47;3;2;1;1
64997;2024-11-18;Center-West;postpaid;monthly;fiber;10;0;81,6;858,14;16.79;1;0;0;0
13752;2024-06-20;Center-West;prepaid;monthly;dsl;71;0;77,16;4994,28;8.12;0;0;0;0
87618;2024-07-25;Center-West;postpaid;monthly;fiber;15;1;178,99;2941,26;17.63;4;1;0;1
38620;2024-02-13;South;prepaid;monthly;cable;62;0;57,56;3725,99;1.9;2;0;0;0
18043;2024-03-20;Center-West;prepaid;monthly;fiber;5;0;154,41;733,86;;0;0;0;0
27457;2024-05-14;North;prepaid;monthly;dsl;63;0;109,6;7540,13;2.41;1;1;0;0
46417;2024-03-26;Southeast;postpaid;monthly;dsl;3;1;162,08;485,79;15.38;3;0;0;1
66519;2024-07-19;South;postpaid;annual;fiber;49;0;177,28;8761,86;10.12;1;0;0;0
17711;21/05/2024;Northeast;prepaid;monthly;fiber;26;1;174,16;4299,87;9.07;1;0;0;0
37840;2024-04-05;Southeast;postpaid;annual;FIBRE;33;1;158,14;5736,58;7.23;2;0;0;0
85633;27/03/2024;North;prepaid;annual;fiber;8;0;92,04;707,49;16.89;4;0;0;0
56817;11/10/2024;Northeast;prepaid;monthly;fiber;49;1;70,69;3562,22;12.21;1;0;0;0
54454;2024-08-23;Southeast;postpaid;monthly;FIBRE;45;1;77,92;3564,84;7.32;0;0;0;0
35272;12/02/2024;North;prepaid;monthly;dsl;23;1;127,97;3069,33;29.72;0;0;0;1
12058;2024-10-03;South;prepaid;annual;fiber;34;1;81,28;2527,93;8.38;1;1;0;0
89889;2024-11-18;North;postpaid;annual;fiber;40;1;95,23;3806,58;3.28;0;0;0;0
71429;2024-04-02;South;prepaid;annual;fiber;49;0;41,96;1945,03;18.85;1;0;0;0
24183;2024-06-01;Center-West;postpaid;annual;fiber;39;1;145,65;5251,31;7.5;0;0;0;0
92658;2024-02-10;Southeast;postpaid;monthly;dsl;5;1;46,72;234,79;5.71;1;0;0;0
25184;22/12/2024;Center-West;postpaid;annual;dsl;39;0;80,55;3111,96;14.92;1;1;0;0
96312;20/09/2024;Northeast;postpaid;monthly;dsl;25;0;118,57;2937,16;;2;0;0;0
56366;2024-06-12;Center-West;postpaid;annual;fiber;30;1;109,68;3211,49;7.13;0;0;0;0
23244;2024-02-01;Center-West;prepaid;monthly;fiber;27;0;163,97;4261,08;6.84;1;1;0;1
18044;2024-01-06;Southeast;postpaid;annual;fiber;26;0;128,8;3033,12;16.4;1;0;0;0
41037;2024-06-15;Center-West;postpaid;monthly;dsl;17;0;148,36;2569,13;11.16;0;0;0;0
49663;2024-05-22;North;postpaid;monthly;fiber;24;1;75,52;1961,27;16.42;0;0;0;0
37784;2024-06-06;Center-West;prepaid;monthly;cable;51;0;49,84;2537,16;9.81;0;0;0;0
64163;2024-05-23;Center-West;postpaid;annual;dsl;16;0;141,5;2170,59;5.1;0;0;0;0
97705;13/12/2024;North;postpaid;monthly;dsl;54;1;53,04;2754,25;12.89;0;1;0;0
28564;2024-05-10;South;prepaid;monthly;dsl;32;0;155,12;4726,49;13.97;2;0;0;0
76975;2024-05-30;Southeast;postpaid;monthly;cable;44;1;171,45;7451,09;;0;0;0;0
15071;2024-10-01;Southeast;prepaid;monthly;fiber;9;1;72,44;593,78;9.81;0;0;1;0
35342;2024-05-07;South;prepaid;annual;fiber;15;1;144,15;2048,29;5.7;1;0;0;0
97739;01/08/2024;Center-West;postpaid;annual;cable;65;1;95,6;6764,43;3.83;2;0;0;0
83694;2024-09-24;North;prepaid;annual;dsl;60;1;74,85;4450,69;15.25;3;0;0;0
92079;2024-11-26;North;prepaid;annual;fiber;5;0;94,67;430,42;4.87;0;1;0;0
82511;2024-01-12;South;prepaid;monthly;fiber;65;1;127,02;7449,77;;1;0;0;0
21327;16/08/2024;North;prepaid;monthly;fiber;60;1;178,21;11717,4;17.15;0;0;0;0
62563;2024-07-12;Northeast;postpaid;monthly;cable;10;0;75,01;792,25;14.09;1;1;0;0
76911;2024-08-01;Center-West;postpaid;annual; fiber ;18;0;135,89;2330,88;15.79;2;0;0;0
66833;2024-12-25;Northeast;postpaid;monthly;fiber;13;0;80,23;1007,61;20.04;0;1;1;0
55486;2024-04-09;Northeast;prepaid;annual;FIBRE;61;0;67,71;4341,32;2.99;1;0;0;0
25735;2024-10-26;Center-West;postpaid;monthly;cable;61;0;124,78;7826,35;14.03;0;0;0;0
85725;2024-08-29;North;postpaid;monthly;dsl;52;0;144,19;7737,72;11.43;1;0;0;0
45159;31/05/2024;Center-West;postpaid;monthly;fiber;18;1;137,61;2414,35;11.33;0;0;0;0
30928;2024-09-12;South;prepaid;annual;cable;66;0;171,39;12075,62;14.05;0;0;0;0
16969;2024-10-12;Southeast;prepaid;annual; fiber ;61;0;46,11;2929,75;4.19;0;1;0;0
47095;2024-01-17;North;postpaid;monthly;dsl;62;1;111,1;7200,8;21.76;2;0;0;0
21856;2024-07-20;Southeast;postpaid;annual;dsl;26;1;73,63;1798,36;13.24;0;0;0;0
66681;19/01/2024;Southeast;prepaid;annual;fiber;50;1;152,54;7327,69;2.77;2;0;0;0
97290;11/01/2024;Center-West;postpaid;monthly;dsl;48;1;39,3;1834,42;14.71;0;1;1;0
45546;2024-03-17;Northeast;prepaid;annual;cable;11;1;56,37;595,84;2.96;1;0;0;0
12472;2024-03-14;South;prepaid;monthly;fiber;42;0;145,8;5758,11;17.18;1;1;0;0
81228;2024-08-01;Center-West;postpaid;monthly;fiber;39;0;83,2;3357,62;16.96;0;0;0;0
93588;2024-10-29;Southeast;postpaid;monthly;cable;42;1;132,27;5721,83;4.88;2;1;0;0
38768;20/08/2024;South;prepaid;monthly;fiber;25;1;179,78;4539,28;3.3;1;0;1;0
49165;2024-11-03;Northeast;postpaid;monthly;dsl;48;1;98,98;4858,47;13.68;2;0;0;0
14583;10/05/2024;South;postpaid;monthly;fiber;63;0;109,95;7581,85;3.02;3;0;0;0
77733;2024-11-26;Northeast;prepaid;monthly;cable;43;1;176,3;6926,6;8.95;1;1;0;1
99569;30/03/2024;Center-West;postpaid;annual;dsl;62;0;141,96;9107,75;23.46;0;0;0;0
10563;2024-09-26;Southeast;postpaid;annual;cable;55;1;59,51;3475,81;9.45;0;1;0;0
38595;2024-03-01;Southeast;postpaid;monthly;fiber;23;0;150,65;3421,11;16.76;1;0;0;1
52388;2024-07-30;Center-West;postpaid;monthly;cable;53;1;107,38;5474,38;20.57;1;0;1;1
58159;2024-04-20;North;postpaid;monthly;dsl;48;0;148,11;7178,23;19.0;0;0;0;0
71405;2024-08-12;North;prepaid;annual;dsl;68;1;119,78;;11.65;1;0;0;0
88699;14/06/2024;North;prepaid;annual;dsl;25;0;64,1;1719,63;6.22;0;0;0;0
56085;2024-02-10;North;postpaid;monthly; fiber ;12;0;152,17;1885,3;20.6;0;0;0;0
69789;2024-08-06;Northeast;postpaid;annual;dsl;49;0;30,3;1527,35;0.24;0;0;1;0
82306;2024-09-28;North;prepaid;monthly;fiber;45;0;163,2;7924,96;1.55;1;1;0;0
88427;13/11/2024;Southeast;prepaid;annual;fiber;44;1;152,79;6766,75;3.93;1;1;0;1
73729;28/11/2024;Northeast;postpaid;monthly;dsl;53;1;175,52;9043,88;11.37;0;1;0;0
47011;2024-08-19;Northeast;prepaid;monthly;fiber;37;0;35,33;1225,69;22.99;0;0;0;1
25880;2024-08-23;Southeast;prepaid;monthly;dsl;3;0;95,65;265,94;20.14;0;1;0;0
92980;2024-07-18;South;postpaid;monthly;fiber;63;1;55,37;3398,95;9.08;0;0;0;0
98986;2024-12-06;Northeast;postpaid;monthly;fiber;20;1;86,1;1559,47;17.17;1;0;1;0
58571;06/05/2024;Northeast;postpaid;monthly;dsl;18;1;83,97;1553,32;10.16;0;0;0;0
79522;2024-06-30;Southeast;postpaid;monthly;fiber;58;1;119,63;7459,21;8.07;0;1;1;0
14156;2024-06-06;Southeast;prepaid;annual;cable;57;1;95,61;5604,24;13.99;0;0;0;0
79096;2024-04-30;North;postpaid;annual;cable;36;0;174,84;6899,71;9.28;1;0;0;0
19367;2024-08-23;North;prepaid;monthly;fiber;49;1;71,67;3809,91;13.38;0;0;1;0
55820;2024-01-22;Center-West;prepaid;annual;FIBRE;6;1;92,81;567,3;18.04;1;0;0;0
69288;20/08/2024;North;postpaid;monthly;fiber;20;1;135,1;2502,31;15.11;0;1;1;0
81182;01/11/2024;Center-West;postpaid;annual;dsl;18;1;71,48;1208,45;4.78;1;0;0;0
49553;18/03/2024;South;postpaid;monthly;fiber;30;0;138,57;4036,69;6.87;2;1;0;0
58832;2024-03-28;North;prepaid;annual;cable;26;1;136,31;3310,64;23.24;1;0;0;0
79712;2024-10-22;Southeast;postpaid;annual;cable;5;0;136,84;672,46;17.25;1;1;0;1
76188;2024-04-18;North;postpaid;annual;fiber;49;1;131,26;7067,93;11.64;1;0;0;0
61713;2024-10-29;Southeast;postpaid;annual;dsl;43;0;152,62;7214,54;8.32;2;0;1;0
77069;2024-08-17;North;postpaid;monthly;fiber;27;1;179,24;5083,68;16.87;0;0;0;0
76516;24/12/2024;South;prepaid;annual;dsl;64;0;38,3;2506,69;7.55;1;1;0;0
45932;2024-06-23;Southeast;postpaid;monthly;fiber;26;0;104,57;2910,37;13.63;0;1;1;0
15671;2024-11-22;Southeast;postpaid;monthly;dsl;9;1;151,96;1494,07;9.83;1;0;1;0
33531;2024-12-02;North;postpaid;annual;fiber;61;0;30,01;1958,43;11.81;2;0;0;0
76592;2024-02-07;Center-West;postpaid;monthly;cable;10;0;111,77;1151,46;8.85;0;1;0;0
38705;19/03/2024;Southeast;postpaid;monthly;FIBRE;6;1;128,97;771,78;;0;0;0;0
32501;2024-06-07;North;prepaid;annual;dsl;34;1;58,76;1947,86;2.2;1;0;1;0
64903;2024-04-09;South;prepaid;monthly;cable;42;1;90,12;3738,12;4.54;1;0;0;0
98639;2024-01-21;Center-West;postpaid;monthly;dsl;20;0;148,42;2766,72;9.04;0;0;0;0
96286;20/12/2024;North;postpaid;monthly;dsl;60;1;40,0;2286,09;11.15;0;1;0;0
18159;2024-10-07;Center-West;postpaid;annual;fiber;20;0;50,23;1057,85;21.32;1;0;0;0
26942;2024-05-07;South;prepaid;annual; fiber ;69;0;152,71;10831,71;17.76;0;0;0;0
70833;2024-11-14;Southeast;prepaid;monthly;fiber;46;0;151,38;6706,95;3.66;0;0;1;0
35312;2024-12-06;North;postpaid;annual;cable;14;1;118,56;1664,41;11.93;0;1;0;0
90901;27/06/2024;Northeast;postpaid;monthly;fiber;30;1;92,43;2702,3;10.9;0;0;1;1
99215;18/02/2024;Center-West;prepaid;annual;fiber;6;1;45,85;260,75;3.01;2;1;0;0
53222;2024-03-08;Center-West;postpaid;annual;dsl;60;1;151,72;8386,46;13.62;1;0;0;1
29466;28/10/2024;Center-West;prepaid;annual;fiber;47;1;66,26;3133,62;12.12;2;0;0;0
59564;16/06/2024;Northeast;postpaid;monthly;cable;31;1;166,98;5310,03;17.98;0;0;1;1
56929;2024-07-04;South;prepaid;monthly;fiber;49;0;146,38;6457,67;;2;2;0;0
63048;2024-02-17;North;prepaid;monthly;fiber;44;0;42,14;1682,87;6.29;1;0;0;0
78617;2024-01-13;Southeast;prepaid;monthly;dsl;43;1;125,32;5051,11;11.24;1;1;0;0
78828;2024-02-02;North;postpaid;monthly;dsl;29;1;168,09;5118,39;4.73;0;1;0;0
50642;2024-09-13;South;postpaid;monthly;cable;25;0;161,88;4236,18;9.15;0;0;0;0
63398;2024-02-14;Southeast;postpaid;monthly;fiber;19;1;122,0;2279,79;5.82;1;0;0;1
51501;2024-11-02;South;postpaid;annual;fiber;56;1;55,79;3435,61;20.93;2;0;0;0
33385;2024-02-07;North;prepaid;monthly;fiber;34;0;132,04;4494,48;9.96;2;0;0;1
54940;2024-03-07;South;prepaid;monthly;fiber;34;0;129,92;4556,01;5.78;0;0;0;0
11757;2024-11-21;Center-West;postpaid;annual;dsl;52;0;118,31;6195,45;24.11;0;1;0;0
47069;2024-07-13;North;prepaid;monthly;FIBRE;38;0;69,86;2883,6;;2;0;0;0
19820;12/01/2024;Center-West;postpaid;monthly;dsl;68;0;165,04;10388,94;6.55;0;0;0;0
20093;2024-03-11;Northeast;postpaid;monthly;cable;18;0;105,39;1728,22;8.46;0;0;0;0
21163;2024-04-13;Southeast;postpaid;monthly;fiber;3;1;74,57;225,95;16.11;1;0;0;1
66374;08/04/2024;South;prepaid;monthly;dsl;30;1;68,28;2111,85;13.81;1;0;0;0
34061;2024-03-16;Northeast;postpaid;annual; fiber ;38;1;72,15;2927,07;11.82;0;0;0;0
77520;06/05/2024;North;prepaid;monthly;cable;59;0;99,16;5838,66;4.4;0;0;0;0
26071;2024-06-11;South;prepaid;monthly;fiber;46;1;64,63;2775,68;23.19;0;1;0;0
30734;2024-02-02;North;postpaid;monthly;dsl;67;0;107,61;7010,67;17.51;0;0;0;0
18523;2024-04-03;Center-West;postpaid;monthly;fiber;7;1;58,8;434,74;30.48;0;1;0;1
73433;2024-12-24;South;postpaid;monthly;fiber;39;0;70,64;2637,85;10.02;1;0;0;0
61574;01/04/2024;Southeast;prepaid;annual;fiber;59;1;47,95;3032,06;10.47;2;0;0;0
43748;2024-02-28;South;postpaid;monthly;fiber;36;1;83,61;2781,15;2.05;1;0;0;1
27605;21/11/2024;Center-West;postpaid;monthly;cable;20;1;90,9;1790,49;9.12;0;0;0;0
55708;2024-01-30;Northeast;postpaid;monthly;FIBRE;55;1;90,56;5191,85;3.31;0;1;0;0
85285;2024-08-29;Center-West;postpaid;annual;cable;63;1;138,73;8489,2;8.61;0;1;0;0
65393;23/01/2024;Center-West;prepaid;annual;fiber;19;1;102,5;2011,11;19.57;2;0;0;0
28580;2024-04-18;Southeast;postpaid;monthly; fiber ;40;0;133,95;5876,35;13.63;2;0;1;0
23048;2024-09-05;South;postpaid;annual; fiber ;58;1;34,97;1842,84;20.47;2;0;0;0
60452;2024-04-27;Southeast;postpaid;monthly;fiber;11;0;95,49;952,21;16.77;1;1;0;0
52252;2024-08-14;Southeast;postpaid;annual;cable;1;1;43,47;44,36;9.04;0;1;0;0
94741;2024-05-14;Center-West;postpaid;monthly;fiber;53;1;99,32;5740,21;4.86;3;1;0;1
97321;2024-05-05;Center-West;postpaid;annual;cable;54;0;122,28;6590,47;17.24;0;0;0;0
46001;2024-05-24;Southeast;postpaid;annual;fiber;12;0;149,51;1781,69;10.03;0;1;0;0
95760;19/01/2024;Northeast;prepaid;annual;fiber;43;1;112,53;4573,67;18.85;2;1;0;0
23373;2024-03-09;North;prepaid;monthly;fiber;52;1;86,93;4398,46;12.38;1;0;1;0
20974;2024-08-07;Southeast;postpaid;annual;dsl;69;1;69,67;4330,73;13.75;0;0;0;0
39832;07/05/2024;Center-West;postpaid;annual;dsl;58;0;173,62;10119,31;;1;0;0;0
20049;19/12/2024;Center-West;postpaid;monthly;cable;16;0;59,74;1016,21;21.76;1;0;1;1
84001;2024-11-15;North;postpaid;monthly;fiber;41;0;36,36;1574,49;9.81;2;1;0;1
90150;2024-09-26;Northeast;postpaid;monthly;fiber;53;1;48,88;2559,79;10.0;2;1;0;0
97130;2024-09-19;South;prepaid;monthly;dsl;20;1;179,63;;16.06;2;0;0;0
71869;2024-10-18;Northeast;prepaid;annual;dsl;12;1;165,92;2061,73;6.55;0;0;0;0
59607;2024-01-15;North;postpaid;monthly;cable;32;0;78,04;2714,85;15.43;0;1;0;0
20462;2024-03-15;Center-West;postpaid;annual;fiber;52;0;30,58;;16.83;0;1;1;0
62644;2024-10-22;Southeast;postpaid;annual;dsl;38;1;145,08;5511,61;32.69;0;0;1;0
74324;2024-12-01;Southeast;postpaid;annual;FIBRE;43;1;75,08;3493,49;15.01;0;1;0;0
88976;2024-05-28;Center-West;postpaid;annual;cable;48;0;33,32;1755,33;20.83;0;0;0;0
23260;2024-07-14;South;postpaid;annual;fiber;68;1;98,49;6987,75;8.87;1;0;0;0
12984;21/09/2024;South;postpaid;monthly;cable;46;0;93,62;4654,3;;1;0;0;0
66636;2024-06-11;Northeast;prepaid;monthly;fiber;10;0;84,26;916,87;10.51;1;1;0;0
43868;2024-05-23;Southeast;postpaid;annual;dsl;29;0;128,01;3764,37;7.44;0;0;0;0
67800;2024-12-28;North;postpaid;annual;cable;13;0;138,9;1731,33;15.31;3;0;0;1
21553;2024-10-10;South;prepaid;monthly;cable;54;1;113,88;6435,95;6.19;0;0;0;0
51009;06/12/2024;Southeast;postpaid;annual; fiber ;71;1;32,1;2126,73;5.96;0;1;1;0
59043;2024-08-30;Center-West;postpaid;annual;fiber;55;0;33,36;1773,93;5.63;1;1;0;0
77685;2024-02-01;Southeast;postpaid;monthly;cable;18;1;162,26;2861,22;13.85;2;0;0;0
51656;2024-09-02;Southeast;postpaid;annual;dsl;50;1;57,97;3099,96;5.98;2;0;0;0
45126;2024-05-17;Northeast;prepaid;annual;dsl;2;0;89,71;177,04;;0;1;1;1
73004;17/11/2024;Center-West;prepaid;monthly; fiber ;20;1;45,53;;6.02;0;0;0;0
20248;2024-12-01;Southeast;prepaid;monthly;fiber;22;0;64,4;1520,05;2.07;0;0;0;0
32660;2024-10-28;Northeast;prepaid;monthly;FIBRE;34;0;102,8;3240,78;8.15;1;1;1;1
98495;2024-07-16;North;postpaid;annual;dsl;23;1;65,33;1555,72;15.58;1;0;0;0
43111;2024-06-28;Center-West;postpaid;monthly;fiber;31;1;128,86;4134,99;14.58;0;0;0;1
86891;2024-04-22;Southeast;postpaid;annual;fiber;1;1;85,1;85,96;14.85;1;0;0;0
98184;2024-08-29;Center-West;prepaid;annual;cable;58;1;148,27;9299,21;16.73;3;0;0;0
32413;2024-08-13;Northeast;prepaid;annual;dsl;29;1;120,29;3509,0;15.77;1;0;0;1
61240;2024-05-18;Center-West;prepaid;monthly;cable;58;0;68,09;;8.87;1;0;1;0
33399;2024-12-15;South;postpaid;monthly;FIBRE;5;0;151,26;782,19;16.01;0;0;0;0
82385;2024-08-28;Center-West;prepaid;monthly;FIBRE;62;1;169,81;10353,55;5.45;1;0;0;0
35479;11/04/2024;Northeast;postpaid;monthly;dsl;45;0;48,01;;;0;0;0;0
77192;07/04/2024;Southeast;postpaid;monthly;fiber;17;1;130,45;2356,67;5.62;2;1;0;0
97083;22/02/2024;Center-West;postpaid;monthly;dsl;54;1;124,62;6240,87;7.56;2;0;0;0
25282;2024-07-27;Northeast;prepaid;monthly;fiber;54;0;130,46;6866,34;21.64;0;0;0;0
13022;2024-06-04;South;prepaid;monthly;dsl;52;1;34,68;1679,7;8.99;1;0;0;1
51155;2024-10-24;North;postpaid;monthly;fiber;62;0;34,22;2293,3;7.54;2;0;1;0
17284;04/02/2024;South;postpaid;monthly;dsl;68;1;74,22;4573,15;17.98;1;0;0;0
26840;2024-07-03;North;prepaid;annual;cable;12;0;42,03;494,61;7.08;1;0;0;0
39295;05/02/2024;Center-West;postpaid;monthly;fiber;21;0;84,91;1678,31;14.32;1;2;0;0
26054;2024-09-06;Center-West;postpaid;annual; fiber ;3;0;160,86;478,1;12.39;0;0;1;0
73071;2024-07-25;South;postpaid;annual;fiber;5;0;83,17;440,16;10.28;1;0;0;0
86560;2024-04-14;Center-West;prepaid;monthly;dsl;8;1;88,93;;6.59;0;0;1;0
92450;2024-12-27;North;prepaid;annual;fiber;50;0;70,13;3340,34;25.0;2;0;0;1
79174;2024-10-26;Northeast;prepaid;annual;fiber;44;1;93,24;4378,8;7.33;0;0;0;0
89325;12/03/2024;Northeast;prepaid;annual;dsl;3;1;149,63;430,28;22.3;1;0;0;0
78824;21/06/2024;North;postpaid;monthly;dsl;30;1;154,63;4462,26;14.88;0;0;0;0
12213;2024-09-08;North;postpaid;monthly;dsl;8;0;93,16;712,97;;0;1;0;0
90734;2024-05-24;North;postpaid;monthly; fiber ;14;1;89,53;1299,17;12.27;1;0;0;0
26108;2024-06-19;Center-West;postpaid;annual;cable;4;1;59,26;255,32;25.48;1;0;0;0
88476;2024-01-12;South;prepaid;monthly;FIBRE;38;0;176,34;6534,23;29.18;1;0;0;0
77303;2024-06-25;South;prepaid;monthly;fiber;6;1;76,65;503,32;9.61;0;0;0;0
29405;2024-02-06;South;postpaid;monthly;dsl;56;0;81,4;4242,14;7.6;1;0;0;0
99734;2024-11-02;Southeast;postpaid;monthly;fiber;67;0;94,48;6800,6;11.57;2;1;0;0
33060;15/02/2024;South;postpaid;monthly;dsl;61;1;42,07;2491,45;9.36;2;0;1;0
79978;2024-01-24;Southeast;prepaid;monthly;fiber;59;0;79,28;4368,17;20.41;0;0;0;0
58560;2024-06-26;Southeast;prepaid;annual;fiber;54;0;169,59;9485,51;15.31;1;1;0;0
85740;2024-05-26;Northeast;prepaid;monthly;dsl;65;0;41,16;2542,66;5.13;1;0;0;1
61035;2024-01-29;Southeast;postpaid;monthly;fiber;63;0;66,07;3862,58;5.03;1;0;0;0
58589;30/07/2024;North;postpaid;monthly;dsl;16;1;62,66;1000,58;;0;0;0;0
88108;2024-08-14;Northeast;postpaid;monthly;dsl;43;1;65,26;2624,75;20.33;2;0;0;0
25328;2024-08-06;Northeast;postpaid;annual;fiber;22;0;173,19;3826,61;6.83;1;1;0;0
79926;2024-02-27;North;prepaid;monthly;dsl;60;1;136,28;8887,68;14.62;0;1;1;0
41805;2024-01-12;Southeast;postpaid;annual;cable;1;1;167,97;151,31;16.8;2;0;0;0
38737;2024-08-15;Center-West;prepaid;annual;cable;30;1;158,64;4632,64;15.07;2;0;0;0
85831;17/12/2024;Center-West;postpaid;annual;FIBRE;27;0;123,71;3418,18;4.38;1;0;0;0
27768;06/07/2024;Northeast;postpaid;annual;dsl;61;0;113,97;6936,44;8.65;2;0;0;0
89101;28/09/2024;Southeast;postpaid;monthly;cable;21;0;106,36;2273,71;8.72;0;0;0;0
59635;2024-04-13;Southeast;prepaid;monthly;dsl;64;0;133,43;7725,54;16.81;0;1;0;0
79592;2024-01-30;South;postpaid;monthly;fiber;36;1;135,27;4902,56;8.18;1;1;0;0
49851;18/06/2024;Southeast;postpaid;annual;fiber;49;0;119,92;6064,33;5.25;2;1;0;1
56568;2024-01-24;Center-West;prepaid;monthly;dsl;38;1;97,34;3771,87;16.22;0;0;0;0
50526;2024-06-17;South;prepaid;monthly;dsl;31;0;131,3;3697,91;;1;0;0;0
38517;2024-04-29;South;postpaid;monthly;cable;22;0;53,5;1084,03;3.48;0;1;0;0
39903;18/02/2024;Center-West;prepaid;annual;cable;20;0;112,73;;8.48;0;0;0;0
62640;03/12/2024;Center-West;prepaid;annual;fiber;46;0;107,89;4610,89;3.76;2;0;0;0
39730;2024-06-18;South;prepaid;monthly;dsl;24;0;110,2;2544,21;3.04;2;0;0;0
16518;2024-08-22;South;prepaid;monthly;fiber;62;1;106,62;6538,1;1.85;0;0;0;0
68513;2024-08-22;North;postpaid;monthly; fiber ;10;0;142,54;1408,44;14.05;0;0;0;1
41775;18/11/2024;Northeast;postpaid;annual;FIBRE;16;1;143,62;2093,5;11.09;0;0;0;0
87455;10/09/2024;Center-West;prepaid;monthly;cable;4;0;79,44;314,68;32.16;1;0;1;0
46762;2024-04-11;Center-West;postpaid;monthly;fiber;62;0;82,61;5041,78;7.63;0;0;0;0
89084;2024-11-21;Center-West;prepaid;annual;fiber;30;1;32,47;931,55;23.78;0;0;0;0
38980;2024-10-29;Southeast;prepaid;monthly;fiber;3;1;46,99;141,46;14.5;1;0;0;0
62513;2024-09-20;South;prepaid;annual;fiber;4;1;69,35;290,19;7.95;0;0;0;0
45552;2024-02-26;North;postpaid;monthly;dsl;66;0;144,86;10501,91;5.53;3;0;0;0
43359;2024-07-13;Southeast;postpaid;annual;fiber;63;0;149,68;;12.62;3;0;0;0
15891;2024-12-24;South;postpaid;monthly;FIBRE;20;1;67,2;1394,47;6.07;0;0;0;0
57643;2024-04-19;Southeast;prepaid;monthly;FIBRE;47;1;160,46;7142,72;;0;0;0;0
10475;2024-11-23;Center-West;prepaid;annual;cable;18;1;86,35;1656,76;5.94;0;0;0;0
87914;2024-06-19;Southeast;prepaid;monthly;dsl;60;1;149,71;8683,5;4.87;1;0;0;0
10462;2024-07-09;Southeast;postpaid;annual;cable;51;0;100,03;4787,51;2.89;2;0;0;0
78993;2024-12-22;Southeast;prepaid;monthly;fiber;32;0;136,89;4227,58;11.96;0;0;0;0
38585;2024-04-15;Southeast;postpaid;monthly;FIBRE;66;1;83,45;5018,87;10.43;0;0;0;0
54134;10/12/2024;North;postpaid;monthly;fiber;16;0;40,59;635,84;4.76;0;1;0;0
16143;2024-10-23;South;postpaid;monthly;cable;71;0;68,11;5127,08;9.81;1;0;0;0
65095;2024-09-26;Center-West;postpaid;annual;fiber;21;0;134,56;2547,6;3.81;0;0;0;0
91744;2024-01-18;South;prepaid;monthly;fiber;64;1;167,69;9659,17;10.94;0;0;0;0
46307;13/01/2024;North;postpaid;monthly;cable;61;0;124,24;7087,7;9.99;1;0;1;0
33835;2024-05-01;Northeast;prepaid;monthly;cable;40;1;145,34;5460,51;15.79;1;0;0;0
22216;24/01/2024;Northeast;postpaid;monthly;fiber;9;1;32,12;297,4;3.66;0;2;1;1
55897;2024-05-03;Northeast;postpaid;monthly;dsl;54;1;144,01;7248,24;1.78;1;0;1;0
85350;2024-12-21;South;prepaid;annual;fiber;50;1;155,33;7608,6;22.64;0;1;0;0
25833;2024-10-15;North;postpaid;monthly;fiber;62;0;91,9;5855,06;13.31;2;0;1;0
69647;2024-10-22;Center-West;prepaid;monthly;fiber;17;0;104,08;1678,34;6.84;1;2;0;0
16205;2024-08-05;Center-West;prepaid;monthly;cable;17;1;37,86;601,1;21.62;0;1;0;1
99609;2024-06-27;Northeast;postpaid;monthly;fiber;26;1;56,2;1574,36;31.72;0;0;0;0
80102;2024-05-24;Northeast;postpaid;monthly;dsl;27;1;38,47;980,36;13.83;0;0;0;0
96430;2024-05-26;Center-West;postpaid;annual;fiber;1;0;139,71;150,69;9.82;0;0;1;0
56132;31/05/2024;Northeast;postpaid;annual;dsl;11;1;149,98;1797,29;4.44;4;1;0;0
35026;07/03/2024;Center-West;postpaid;annual;dsl;35;1;46,3;1759,11;8.28;0;0;0;0
35603;18/01/2024;Southeast;prepaid;monthly;dsl;69;0;168,24;;4.43;0;0;0;0
51724;2024-07-08;South;prepaid;annual;cable;10;1;155,93;1628,33;13.66;1;0;0;0
70064;2024-07-08;Southeast;postpaid;annual;dsl;18;1;116,44;1989,74;37.22;0;0;0;0
30392;2024-08-25;Southeast;prepaid;annual;dsl;62;0;176,74;10003,04;14.55;1;0;0;0
44277;09/03/2024;North;postpaid;annual; fiber ;3;1;162,37;489,03;21.65;1;1;1;0
93363;2024-02-16;South;prepaid;monthly;cable;7;1;63,4;408,47;9.62;1;2;0;1
32694;13/12/2024;North;prepaid;annual;fiber;64;1;173,11;11697,09;13.42;0;0;0;0
10524;21/06/2024;North;postpaid;annual;FIBRE;18;1;96,44;1738,24;8.81;0;0;0;0
97857;2024-04-11;Northeast;postpaid;annual;dsl;22;0;53,23;1068,87;3.52;1;1;0;0
56228;2024-05-09;Center-West;postpaid;annual;fiber;2;0;60,01;125,29;2.24;0;2;0;1
61228;2024-01-21;Center-West;postpaid;annual;dsl;29;1;132,63;3835,44;35.29;0;1;0;0
52801;20/11/2024;South;prepaid;monthly;fiber;71;1;178,13;12553,19;7.32;0;0;0;0
19542;19/10/2024;South;postpaid;annual;fiber;70;1;96,79;6860,51;9.73;0;1;0;0
29277;2024-09-16;Northeast;prepaid;annual;cable;46;0;115,97;5642,71;2.34;1;0;1;0
21528;2024-10-16;Southeast;postpaid;annual;cable;48;1;75,04;3343,0;8.86;1;0;0;0
44407;25/11/2024;North;prepaid;annual;FIBRE;46;1;156,82;6656,14;16.3;1;0;0;0
41886;24/08/2024;North;postpaid;monthly;cable;50;1;47,27;2208,09;15.46;1;1;0;0
91625;2024-05-10;Southeast;prepaid;monthly;fiber;37;0;117,34;4172,47;11.02;0;0;0;0
24895;2024-02-04;Northeast;postpaid;monthly;fiber;15;0;117,93;1857,44;16.89;0;0;0;0
51665;2024-02-29;South;postpaid;annual;cable;62;1;30,17;1905,6;7.46;1;0;0;0
92212;2024-06-11;Southeast;postpaid;annual;dsl;63;1;171,08;9834,91;22.09;0;0;0;0
41748;2024-10-30;Northeast;prepaid;annual;dsl;11;0;176,15;2061,95;43.75;1;1;0;1
75781;03/05/2024;Southeast;postpaid;annual;fiber;7;1;100,12;637,14;20.05;0;0;0;0
81029;03/06/2024;Northeast;prepaid;monthly;fiber;57;1;138,85;7450,59;9.84;0;0;0;0
34626;2024-12-11;Southeast;prepaid;monthly;FIBRE;4;1;157,31;678,06;6.39;0;1;0;0
20498;28/07/2024;North;prepaid;annual;cable;58;1;47,51;2672,81;4.56;1;0;0;0
69228;19/11/2024;Center-West;prepaid;annual;fiber;70;1;42,69;2893,05;10.69;0;0;0;0
21812;2024-09-20;South;postpaid;annual; fiber ;3;0;133,4;375,31;4.57;2;0;0;1
53533;07/07/2024;Northeast;prepaid;annual;fiber;57;1;113,92;6076,21;12.52;0;0;1;0
43140;15/08/2024;Northeast;prepaid;annual;dsl;10;1;131,91;1195,2;10.05;0;0;1;1
50801;2024-09-23;Center-West;postpaid;monthly;fiber;21;0;115,8;2601,2;6.31;1;0;0;0
53511;2024-10-19;Southeast;postpaid;annual;dsl;39;0;138,96;5669,49;11.45;0;0;0;1
84900;13/09/2024;Northeast;postpaid;monthly;dsl;49;0;53,24;2544,09;12.2;3;0;0;0
92132;05/03/2024;Center-West;postpaid;monthly;fiber;7;1;62,34;458,66;14.49;1;0;0;0
78035;2024-03-31;Northeast;prepaid;monthly;fiber;8;1;65,55;501,63;10.42;1;0;0;0
54003;01/02/2024;Southeast;postpaid;monthly;fiber;21;1;92,48;;13.82;3;0;0;0
41745;2024-04-14;Center-West;prepaid;monthly;dsl;49;0;143,93;7594,24;21.02;0;0;0;0
26700;03/05/2024;Southeast;prepaid;annual;cable;29;1;154,71;4239,31;4.88;1;0;1;0
32780;2024-02-16;North;prepaid;monthly;fiber;20;0;90,19;1931,61;4.67;1;0;1;1
13858;11/07/2024;North;postpaid;monthly;dsl;12;0;120,31;1370,55;16.52;0;0;0;1
54324;2024-12-07;North;prepaid;monthly;fiber;69;1;74,28;5547,57;7.32;0;0;0;0
84180;02/10/2024;North;postpaid;monthly;cable;50;0;101,37;4792,78;21.4;1;0;1;0
39592;11/11/2024;Southeast;prepaid;annual;cable;70;0;171,14;11481,67;18.49;1;1;0;0
19526;15/10/2024;North;postpaid;monthly;dsl;36;1;70,39;2560,63;21.77;0;0;0;1
81980;2024-11-12;Center-West;postpaid;monthly;fiber;59;0;148,19;8219,39;3.4;1;1;1;1
26379;26/07/2024;North;prepaid;annual;fiber;46;0;36,33;1512,53;10.1;1;0;0;0
28539;2024-06-25;South;prepaid;annual;cable;38;0;81,79;2984,43;13.89;1;0;0;0
21666;09/10/2024;Center-West;postpaid;annual;fiber;34;1;128,82;4319,91;5.38;0;1;0;0
28277;2024-08-05;Southeast;postpaid;annual;dsl;36;0;146,4;4756,49;9.79;2;0;0;0
60093;28/07/2024;North;prepaid;monthly;cable;30;1;118,83;3768,52;12.89;0;2;0;0
78155;2024-11-05;North;postpaid;annual;dsl;46;1;160,38;7051,39;6.65;0;0;1;0
50495;2024-03-29;North;prepaid;monthly;dsl;35;1;153,12;5011,54;5.32;1;0;0;0
39022;27/01/2024;Center-West;prepaid;monthly;dsl;69;0;122,63;8675,52;8.51;0;0;0;0
26133;2024-09-30;North;prepaid;monthly;cable;64;1;82,22;5659,55;22.4;1;0;0;0
20282;13/09/2024;Center-West;postpaid;annual;fiber;33;0;84,56;2763,33;14.41;1;0;0;0
91427;05/08/2024;Southeast;prepaid;monthly;cable;29;1;122,26;3493,0;11.93;3;1;0;0
82960;01/03/2024;Northeast;postpaid;monthly;fiber;54;0;128,48;6933,99;17.83;0;0;0;0
42674;2024-07-26;North;prepaid;monthly;dsl;46;1;89,19;3822,25;10.33;0;0;1;0
20306;27/06/2024;South;postpaid;annual;cable;17;1;89,63;1465,81;7.77;0;0;0;0
46523;2024-10-22;South;prepaid;monthly;dsl;60;1;56,52;3360,71;5.58;1;1;0;0
51462;2024-04-01;Northeast;postpaid;monthly;fiber;49;1;30,04;1617,61;9.25;2;1;1;0
60889;2024-01-14;Northeast;postpaid;monthly;fiber;45;1;99,22;4366,52;15.87;2;0;1;1
89502;2024-09-04;Northeast;prepaid;annual;cable;56;0;154,63;7880,26;1.55;0;0;1;0
93146;25/03/2024;Southeast;prepaid;monthly;dsl;17;0;144,98;2344,47;7.83;0;0;0;1
77105;2024-05-10;North;postpaid;annual;FIBRE;57;1;179,09;11084,37;9.64;1;1;0;0
15730;07/09/2024;Center-West;postpaid;monthly;cable;9;0;130,41;1253,59;7.74;2;0;0;0
62035;2024-05-09;Southeast;postpaid;monthly;cable;57;1;65,09;3800,62;2.55;0;1;0;0
66017;2024-03-20;North;prepaid;monthly;cable;42;0;131,6;5565,41;18.19;0;0;0;1
92286;2024-01-10;North;postpaid;monthly;dsl;42;1;154,27;6661,41;13.93;1;1;0;0
10221;11/03/2024;Center-West;prepaid;monthly;cable;52;0;126,15;7166,07;8.05;0;0;1;0
75277;2024-01-04;South;prepaid;monthly;cable;23;1;102,26;2323,6;17.39;1;0;0;0
77859;2024-12-13;North;postpaid;annual;fiber;55;0;122,78;7157,96;3.92;0;0;0;0
81543;2024-04-24;Northeast;postpaid;monthly;cable;2;1;33,87;;14.19;1;1;0;1
15363;2024-12-06;Southeast;postpaid;monthly;dsl;50;0;69,77;;6.04;0;1;0;0
72534;2024-05-17;Center-West;postpaid;monthly;cable;57;0;53,66;2989,13;14.87;0;1;0;0
54074;2024-06-20;Center-West;prepaid;monthly;dsl;1;0;92,01;96,06;12.32;1;0;0;0
70768;2024-02-14;Northeast;postpaid;monthly;dsl;50;1;163,96;7762,63;12.53;1;0;0;0
35097;2024-02-07;Northeast;prepaid;monthly;fiber;55;1;58,19;3084,56;12.82;1;0;0;0
52371;2024-03-26;Northeast;prepaid;monthly; fiber ;38;1;40,65;1499,11;9.61;1;0;0;1
42569;2024-10-13;Northeast;prepaid;monthly;fiber;43;1;146,54;6898,3;12.35;2;0;0;0
98664;2024-12-13;Center-West;postpaid;annual;dsl;5;1;160,19;832,28;4.66;0;0;0;0
40349;2024-10-13;North;postpaid;annual;cable;71;0;109,71;7822,88;9.73;0;0;0;0
23194;2024-04-17;North;prepaid;annual;FIBRE;69;0;86,48;5903,7;4.52;0;0;0;0
34224;2024-05-11;Northeast;postpaid;monthly;fiber;55;1;94,58;5393,37;25.76;0;0;0;0
19333;2024-03-28;Southeast;postpaid;annual;dsl;2;0;128,85;277,96;6.04;3;0;0;1
55935;03/10/2024;Center-West;postpaid;monthly; fiber ;31;0;154,69;4536,96;23.27;1;0;0;0
64075;2024-11-04;Northeast;postpaid;monthly; fiber ;59;0;58,42;3613,25;18.89;0;0;0;0
67527;2024-02-02;Northeast;prepaid;annual;fiber;49;0;165,34;7688,93;8.54;1;0;0;0
45182;21/02/2024;South;postpaid;monthly;dsl;65;0;128,61;8822,74;6.91;0;0;0;0
61638;2024-06-15;South;postpaid;monthly;dsl;44;1;140,74;6488,25;9.12;3;0;1;0
55474;2024-12-02;North;postpaid;annual;cable;51;0;43,04;2279,24;30.35;1;0;0;0
45960;18/01/2024;Northeast;postpaid;annual;fiber;24;1;167,75;3838,51;8.1;0;2;0;0
13131;2024-04-03;Northeast;postpaid;monthly;fiber;58;1;109,23;6958,57;20.99;1;0;0;0
94364;2024-11-17;Northeast;prepaid;monthly;dsl;38;0;84,32;3097,55;23.12;0;1;1;0
90813;21/06/2024;Center-West;postpaid;monthly;cable;57;1;89,84;5510,81;7.3;1;0;0;0
69019;2024-05-07;Center-West;prepaid;annual;fiber;15;1;73,96;1038,34;9.61;1;0;0;0
75146;27/10/2024;Northeast;prepaid;monthly;cable;20;1;54,45;;3.38;2;1;0;0
58063;02/03/2024;South;postpaid;monthly;dsl;7;1;35,2;222,9;12.06;2;0;0;0
21569;04/03/2024;North;postpaid;monthly;cable;48;1;69,66;3076,61;12.07;1;1;0;0
38782;23/02/2024;North;postpaid;annual; fiber ;53;1;104,49;5478,2;;0;2;0;0
58356;31/10/2024;Northeast;postpaid;annual; fiber ;21;1;130,01;2907,04;9.26;0;0;0;0
89449;2024-02-09;Center-West;postpaid;monthly; fiber ;28;0;140,0;4052,23;16.43;0;0;0;0
93341;2024-08-24;South;postpaid;annual;dsl;41;1;119,34;4965,47;19.11;0;0;0;0
93289;09/02/2024;North;postpaid;monthly;cable;54;0;47,41;2310,74;17.47;3;0;0;1
39544;13/09/2024;Southeast;prepaid;annual;fiber;22;0;94,73;2222,51;10.28;0;0;0;1
44771;21/06/2024;Northeast;postpaid;monthly;fiber;35;0;130,11;4395,87;15.34;0;0;0;0
35850;2024-04-07;North;prepaid;monthly;fiber;14;1;141,48;2000,99;10.74;0;0;1;1
85931;2024-03-03;North;prepaid;monthly;dsl;58;0;78,68;4857,08;8.94;1;1;0;0
18975;2024-09-04;North;prepaid;annual;cable;63;1;169,27;9710,4;11.23;1;0;0;0
51631;05/10/2024;South;postpaid;annual;fiber;53;0;149,31;7622,69;8.08;1;0;0;0
49551;2024-07-30;North;postpaid;monthly;dsl;58;1;157,76;9982,34;5.71;0;0;0;0
60005;2024-07-04;Northeast;postpaid;monthly;dsl;55;1;129,98;6572,24;21.67;0;0;1;0
43846;2024-07-01;South;postpaid;monthly;cable;60;1;92,06;5374,08;16.56;0;0;0;0
46909;2024-11-14;Southeast;postpaid;monthly;cable;31;0;170,13;5694,84;;1;0;0;0
74756;2024-05-17;South;prepaid;monthly;fiber;15;1;165,22;2290,13;6.52;1;0;1;0
74761;2024-10-27;Southeast;postpaid;monthly;dsl;69;1;154,27;11035,88;12.41;3;0;0;0
26307;2024-02-11;South;postpaid;annual;cable;1;1;163,67;169,86;10.69;2;2;1;1
36996;2024-09-26;Northeast;postpaid;annual;cable;29;0;167,49;4607,77;7.61;0;0;0;0
12192;14/12/2024;Southeast;prepaid;annual;dsl;52;1;141,95;6857,39;;0;0;0;0
51537;2024-03-03;Northeast;prepaid;monthly;fiber;57;0;60,05;3600,88;7.03;1;0;0;0
73403;2024-03-14;South;postpaid;monthly;dsl;49;0;110,78;5133,87;12.82;2;0;0;0
99970;2024-06-17;Center-West;prepaid;monthly;dsl;35;0;122,4;4521,79;18.33;0;0;0;0
39061;2024-08-11;Northeast;prepaid;monthly;fiber;66;1;146,01;10421,67;11.16;1;0;0;0
67498;2024-11-30;South;postpaid;annual;cable;17;0;104,27;1612,01;9.46;1;1;0;0
26162;27/06/2024;North;prepaid;annual;fiber;11;1;106,93;1124,42;5.55;0;0;0;0
73038;2024-10-05;Southeast;prepaid;monthly;cable;45;1;179,33;8437,94;3.95;0;1;0;1
17572;2024-05-18;Southeast;postpaid;monthly;fiber;23;0;97,83;2279,75;4.65;2;0;0;0
82392;2024-07-17;Center-West;postpaid;annual; fiber ;34;0;49,5;1688,45;12.92;0;1;0;0
12196;22/03/2024;Center-West;postpaid;monthly;dsl;33;0;136,45;4474,24;13.14;1;0;0;1
23514;19/07/2024;Southeast;prepaid;monthly;dsl;19;0;84,38;1749,76;3.01;0;0;0;0
63103;22/11/2024;South;prepaid;annual;cable;71;1;67,28;5041,61;4.52;1;0;0;0
83419;2024-05-06;Southeast;prepaid;monthly;dsl;28;1;124,27;3516,46;7.94;0;0;0;0
64744;2024-11-12;South;postpaid;monthly; fiber ;48;0;173,16;8024,18;8.33;0;1;0;0
80326;2024-11-05;South;prepaid;annual;cable;12;1;76,92;835,12;33.94;1;0;0;0
53875;2024-08-11;South;postpaid;annual;dsl;71;0;85,84;6311,26;2.41;0;0;0;0
96787;2024-11-24;North;postpaid;monthly;fiber;71;1;99,82;6598,83;9.02;1;2;0;0
12146;2024-11-02;Southeast;postpaid;monthly;cable;5;1;133,2;620,32;4.1;0;2;0;1
88242;2024-09-06;Center-West;prepaid;annual;fiber;46;1;89,39;3786,7;12.47;0;0;0;0
97679;2024-12-03;Northeast;prepaid;annual; fiber ;43;0;93,76;4338,9;;0;1;0;0
92583;2024-12-30;Northeast;prepaid;monthly;dsl;13;0;135,14;1784,12;8.24;1;0;0;0
49980;26/04/2024;Southeast;prepaid;monthly;dsl;55;0;177,77;10369,76;1.41;2;2;0;1
24365;2024-10-12;Northeast;postpaid;annual;dsl;55;1;77,48;;15.82;1;0;0;0
26936;2024-06-20;Center-West;prepaid;monthly;cable;60;1;117,8;7033,33;31.2;0;1;0;0
63245;2024-10-27;Southeast;postpaid;monthly;fiber;43;1;149,16;6573,61;10.07;0;0;0;0
34812;2024-02-23;Northeast;postpaid;monthly;cable;51;1;61,82;3415,17;11.02;1;1;0;0
89977;2024-07-02;South;prepaid;monthly;fiber;52;1;152,75;8100,43;16.94;1;0;0;0
76518;28/07/2024;Northeast;prepaid;annual;fiber;55;0;83,24;4240,77;10.59;0;0;1;0
19919;20/06/2024;North;prepaid;monthly;fiber;42;1;46,65;2041,78;10.44;2;1;0;0
16415;2024-12-09;Center-West;prepaid;monthly; fiber ;53;1;33,74;1736,88;15.73;0;0;1;0
86782;2024-05-13;Southeast;postpaid;annual;fiber;5;0;34,96;165,8;2.67;0;1;1;1
40893;2024-08-07;South;postpaid;monthly;cable;44;1;149,65;7044,13;12.33;1;0;0;0
53237;27/06/2024;South;postpaid;monthly;cable;15;1;131,24;1991,96;7.27;1;0;0;0
90871;05/07/2024;South;postpaid;monthly;dsl;29;0;149,02;4315,19;21.25;1;0;1;0
41061;2024-08-06;South;prepaid;annual; fiber ;55;1;142,94;8397,9;12.29;1;0;0;0
95291;2024-07-25;South;prepaid;annual;cable;9;0;87,15;853,52;7.27;0;1;0;0
49058;2024-07-16;Southeast;prepaid;annual;fiber;54;0;169,95;9432,13;14.35;0;0;0;0
87258;2024-12-03;Northeast;prepaid;monthly;dsl;19;1;161,69;3284,09;17.03;0;0;0;0
73902;2024-03-15;North;postpaid;monthly;dsl;54;1;82,25;4372,42;10.67;1;0;0;0
12630;2024-02-20;Center-West;postpaid;monthly;FIBRE;55;0;145,94;8674,45;23.14;1;0;0;0
11418;2024-06-09;Northeast;prepaid;annual;dsl;2;0;152,95;319,32;20.46;0;0;0;0
12611;2024-11-04;Southeast;prepaid;monthly;cable;17;0;103,27;1899,78;12.08;2;0;0;0
90416;30/06/2024;Southeast;prepaid;annual; fiber ;58;0;48,06;2990,37;7.79;0;1;0;0
27765;2024-05-11;North;postpaid;annual;dsl;25;1;80,11;1944,86;2.78;0;0;0;0
10717;16/07/2024;North;prepaid;monthly;cable;32;1;178,32;6145,05;8.95;1;0;0;0
20926;2024-12-15;South;prepaid;monthly;fiber;2;1;137,39;277,26;7.35;0;0;0;1
35663;2024-01-21;Northeast;prepaid;monthly;fiber;50;1;146,21;7742,05;11.92;2;0;1;0
67379;14/08/2024;North;postpaid;monthly;fiber;7;1;166,79;1216,44;9.95;1;1;0;1
51260;2024-09-23;Northeast;postpaid;annual;cable;20;1;60,41;;10.8;1;0;0;0
79609;15/05/2024;Southeast;postpaid;monthly;fiber;34;0;175,26;6202,03;11.98;3;0;1;1
40347;2024-12-19;Center-West;prepaid;annual;FIBRE;55;0;107,72;6185,97;19.17;2;0;0;0
28847;23/07/2024;South;prepaid;monthly;fiber;36;1;141,7;5608,18;8.05;0;0;0;0
55033;2024-03-09;North;postpaid;monthly;cable;70;0;77,73;5842,62;8.37;1;0;0;0
92802;2024-06-05;North;prepaid;annual;cable;38;0;79,41;3085,43;15.53;1;0;0;0
15329;12/11/2024;Center-West;prepaid;annual;dsl;19;0;83,94;1674,81;23.78;1;0;0;0
29598;2024-11-15;South;postpaid;monthly;cable;14;1;82,21;1094,6;13.47;1;0;1;1
62466;2024-03-15;South;prepaid;annual;dsl;56;1;39,38;2226,69;33.72;1;0;0;0
12110;09/05/2024;South;prepaid;annual;cable;33;1;76,44;2765,51;10.36;2;0;0;0
49147;2024-01-20;South;postpaid;annual;fiber;43;1;127,11;5106,92;14.0;0;0;0;0
41169;2024-02-09;Southeast;postpaid;annual;fiber;27;0;165,3;4817,1;8.12;0;0;0;0
78312;28/09/2024;Southeast;prepaid;monthly;cable;20;1;36,25;760,31;38.59;2;0;1;0
15961;2024-07-13;South;prepaid;monthly;fiber;43;1;32,49;1338,2;17.29;1;0;0;1
39497;10/11/2024;North;postpaid;annual;fiber;21;1;118,86;2718,92;12.91;2;0;0;0
16710;06/01/2024;South;prepaid;monthly;dsl;71;0;134,95;9438,33;39.95;2;0;0;0
88266;2024-11-04;South;prepaid;monthly;dsl;52;0;121,24;6269,14;7.64;1;1;0;0
56756;18/08/2024;Northeast;postpaid;monthly;fiber;59;1;175,96;10345,23;2.19;0;1;0;0
53113;2024-02-02;South;postpaid;monthly;fiber;21;0;64,33;1268,59;6.08;0;1;0;0
66494;2024-08-30;Center-West;postpaid;monthly;fiber;3;1;102,19;315,04;7.2;1;1;0;1
32163;2024-01-03;Northeast;prepaid;monthly;fiber;4;1;167,39;672,44;13.42;4;1;1;0
81518;12/12/2024;Southeast;prepaid;monthly;fiber;61;1;122,62;8202,05;16.71;0;0;0;0
10461;19/11/2024;South;postpaid;monthly;dsl;63;1;116,57;7748,08;4.07;1;0;0;0
54924;2024-04-29;Southeast;postpaid;annual;dsl;49;1;169,93;8223,72;14.42;0;0;0;0
40913;2024-04-04;South;prepaid;annual;fiber;42;1;80,84;3659,74;2.52;0;0;0;0
45648;2024-01-18;South;postpaid;monthly;fiber;15;0;53,58;871,98;5.37;0;0;0;0
13284;19/03/2024;Southeast;prepaid;monthly;dsl;54;0;49,38;2705,19;18.29;2;0;1;1
34375;26/07/2024;Southeast;postpaid;monthly;fiber;37;0;153,28;6193,12;23.85;1;0;0;0
49347;2024-11-04;North;postpaid;annual; fiber ;43;1;158,54;6844,63;18.58;0;0;0;0
70998;03/03/2024;Northeast;prepaid;annual;fiber;2;0;65,08;122,85;8.82;1;0;1;0
70497;16/04/2024;South;postpaid;annual;dsl;37;0;98,56;3665,09;6.71;3;0;0;1
36299;05/04/2024;Center-West;postpaid;annual;fiber;50;0;117,73;5871,59;19.96;0;0;0;0
41055;2024-06-28;South;prepaid;monthly;fiber;55;1;50,86;2804,3;6.05;1;1;0;0
50481;2024-01-08;Center-West;prepaid;monthly;dsl;11;1;157,32;1618,21;14.5;0;1;0;1
90375;03/12/2024;South;postpaid;monthly;cable;3;0;92,83;262,01;7.78;0;0;1;0
47077;2024-03-07;North;prepaid;monthly;dsl;61;1;159,52;9524,46;13.75;3;1;0;0
21839;2024-09-10;Northeast;prepaid;monthly;cable;23;0;144,01;3481,58;3.92;1;0;0;0
84029;2024-07-02;Southeast;prepaid;annual;dsl;34;1;74,24;2388,73;24.88;1;0;0;0
95898;07/06/2024;Center-West;postpaid;monthly; fiber ;45;1;137,49;5668,97;4.33;1;0;0;1
64877;2024-03-28;South;prepaid;annual;fiber;35;0;141,11;4708,92;5.76;0;0;0;0
66221;2024-07-02;North;postpaid;monthly;fiber;68;1;76,69;5107,41;11.92;0;2;0;0
80558;2024-07-01;Northeast;prepaid;monthly;fiber;60;1;68,06;3720,58;22.73;0;0;0;0
33285;2024-04-30;Northeast;prepaid;annual;fiber;28;0;153,51;4220,93;5.14;1;0;0;0
43922;2024-06-16;Southeast;postpaid;monthly;fiber;14;1;131,69;1875,75;8.91;1;0;0;0
33825;2024-11-08;Center-West;prepaid;monthly;dsl;70;1;140,94;10506,18;10.58;2;0;0;0
95181;2024-07-19;Northeast;prepaid;monthly;dsl;51;1;76,96;3912,68;18.74;1;1;0;0
91169;2024-07-21;Center-West;prepaid;annual;fiber;54;1;138,33;7815,02;4.65;0;0;1;0
75690;2024-06-13;North;postpaid;monthly;dsl;33;1;137,15;4686,91;15.5;0;0;0;0
12092;2024-10-26;Northeast;prepaid;annual;fiber;35;1;79,99;2822,24;21.21;0;0;0;0
52998;13/07/2024;North;prepaid;annual;dsl;13;1;70,57;928,41;12.6;3;1;0;0
97561;30/12/2024;Center-West;prepaid;annual;dsl;31;0;94,71;2812,77;3.39;1;0;0;0
49190;18/03/2024;Center-West;prepaid;monthly;fiber;39;0;140,86;5105,17;16.23;0;0;0;0
48836;2024-06-21;Center-West;prepaid;annual;FIBRE;10;0;59,04;593,93;22.1;4;0;0;1
47158;26/12/2024;North;postpaid;monthly;cable;46;0;161,14;7072,11;8.82;3;0;0;1
76223;2024-01-08;Northeast;prepaid;annual;dsl;44;0;68,29;2926,71;4.03;0;0;0;0
21142;2024-11-16;South;prepaid;monthly;dsl;60;1;155,95;9823,5;12.81;0;1;0;0
78148;20/11/2024;North;postpaid;monthly;fiber;4;0;53,37;220,75;10.36;0;2;0;0
36222;2024-06-03;Northeast;postpaid;monthly;fiber;17;0;140,92;2226,9;4.93;3;1;0;0
62389;28/03/2024;Southeast;prepaid;annual;fiber;31;0;114,21;3278,46;15.92;1;1;0;0
54274;27/11/2024;Northeast;prepaid;annual;cable;63;1;129,22;8721,49;13.04;1;1;0;0
99419;2024-04-03;Southeast;prepaid;monthly;fiber;17;0;176,12;2927,26;10.18;3;0;1;0
88694;30/08/2024;North;postpaid;monthly;fiber;70;1;37,88;2483,05;9.46;0;2;0;0
24656;03/05/2024;North;prepaid;annual;cable;68;0;52,37;3641,69;12.89;1;0;0;0
50211;2024-01-02;North;prepaid;annual;fiber;7;0;41,86;320,42;5.36;1;1;0;0
11827;19/12/2024;North;prepaid;annual;fiber;26;1;107,95;2865,15;18.69;0;0;0;0
41043;2024-05-17;North;prepaid;monthly;dsl;19;1;150,42;2916,14;21.29;2;0;0;0
88269;2024-08-23;North;prepaid;annual;fiber;35;0;38,22;1441,72;9.52;3;0;1;1
79689;27/06/2024;North;prepaid;annual;cable;66;1;146,91;9112,56;8.46;1;0;0;0
88764;26/09/2024;North;postpaid;monthly;fiber;27;0;94,96;;;1;0;0;1
78356;20/01/2024;Northeast;postpaid;monthly;dsl;48;1;171,21;7792,05;4.24;0;0;0;0
80911;2024-02-19;North;postpaid;monthly; fiber ;10;1;87,4;906,04;7.87;0;0;0;0
56773;27/11/2024;Northeast;postpaid;monthly;cable;41;0;177,69;7383,46;11.22;1;0;0;0
54774;2024-05-17;Center-West;prepaid;annual;cable;26;0;113,48;3160,51;16.29;0;1;0;0
91518;2024-04-27;Center-West;postpaid;monthly;cable;66;1;178,5;11973,23;4.69;1;0;0;0
47205;2024-03-29;Southeast;postpaid;monthly;cable;56;0;124,78;7127,19;9.79;1;1;0;0
96643;17/09/2024;Northeast;postpaid;monthly;dsl;16;1;81,95;1307,56;10.19;1;0;0;0
20083;2024-01-07;South;postpaid;annual;fiber;45;1;150,51;6170,27;;0;1;1;0
46382;2024-10-05;Southeast;prepaid;annual;fiber;25;0;103,04;2560,95;7.31;0;0;0;0
28348;27/08/2024;Northeast;prepaid;monthly;fiber;32;0;76,32;2219,2;23.05;0;1;0;0
87153;2024-08-16;Southeast;prepaid;annual;fiber;33;0;101,75;3434,25;18.25;0;0;0;0
25709;2024-01-04;Center-West;prepaid;monthly; fiber ;59;1;160,79;8983,98;11.86;1;1;1;1
35454;29/02/2024;Northeast;postpaid;annual;dsl;21;1;139,85;2650,96;21.68;0;1;1;0
29100;2024-11-13;Center-West;prepaid;annual;dsl;1;1;56,07;59,01;14.66;1;0;0;0
37112;2024-11-30;Northeast;prepaid;monthly;cable;14;1;155,79;2106,35;20.15;2;0;0;0
98970;2024-08-28;Center-West;postpaid;annual;fiber;59;0;94,71;5756,88;17.3;0;0;0;0
86305;23/01/2024;Southeast;postpaid;monthly;dsl;22;1;42,43;968,36;13.53;1;1;0;0
65931;2024-07-13;Center-West;postpaid;annual;dsl;5;0;52,08;260,37;13.83;1;0;0;0
58324;2024-07-23;Southeast;prepaid;monthly;cable;29;1;39,92;1042,12;12.11;1;0;0;1
20343;2024-06-11;South;postpaid;annual;dsl;62;1;131,49;8641,38;;1;0;1;0
86525;16/10/2024;Southeast;postpaid;monthly;fiber;62;1;68,63;4147,34;18.86;1;1;0;0
54803;2024-06-08;North;postpaid;monthly;fiber;68;0;44,45;2873,93;11.49;0;0;0;0
79164;2024-08-23;Northeast;postpaid;monthly;cable;49;1;84,85;4359,61;22.56;1;0;0;0
42200;2024-04-24;South;postpaid;annual;dsl;59;1;160,04;9988,74;7.25;1;0;0;0
19759;2024-09-17;Center-West;prepaid;monthly;cable;55;1;124,31;7264,57;12.46;0;0;0;1
74407;01/09/2024;Northeast;postpaid;annual;dsl;2;1;102,93;216,94;7.37;0;0;0;1
57805;2024-10-04;Northeast;postpaid;monthly;dsl;30;1;139,98;3935,28;10.97;1;1;0;1
21802;09/08/2024;Center-West;prepaid;annual;dsl;38;0;41,38;1659,58;8.72;0;0;0;0
91822;2024-10-23;North;prepaid;monthly;cable;33;0;162,42;5085,68;11.39;0;0;0;0
15873;2024-04-24;South;prepaid;monthly;cable;59;0;56,66;3213,62;7.27;0;0;0;0
49453;11/02/2024;Center-West;prepaid;annual;FIBRE;70;0;33,21;2212,81;;0;0;1;0
18995;13/12/2024;North;postpaid;monthly;fiber;39;1;84,35;3104,57;4.42;2;1;0;0
58957;2024-11-03;Northeast;postpaid;monthly;fiber;7;0;38,77;275,64;9.24;0;1;0;0
53272;19/05/2024;South;prepaid;annual;fiber;26;1;55,06;1465,15;7.79;0;1;0;0
10976;2024-09-13;South;prepaid;monthly;cable;15;1;140,85;2217,39;1.37;0;0;0;0
74281;2024-09-21;Southeast;prepaid;monthly;cable;34;1;90,71;2897,98;19.49;0;1;1;1
70795;2024-03-27;South;prepaid;monthly;fiber;17;0;31,03;524,66;26.79;1;0;0;0
94440;2024-06-12;Southeast;postpaid;annual;fiber;6;1;126,56;773,92;14.14;0;0;1;0
80693;2024-01-30;Northeast;postpaid;annual;dsl;13;1;136,07;1721,68;10.69;1;0;0;0
73356;2024-02-10;Southeast;postpaid;annual;cable;36;1;165,29;5619,23;7.79;2;0;0;1
30607;2024-11-03;Northeast;prepaid;annual;dsl;11;1;53,19;535,71;12.39;1;1;1;0
33237;2024-11-27;Center-West;postpaid;monthly;fiber;2;1;158,57;303,07;16.17;0;1;0;1
68673;14/04/2024;Northeast;postpaid;monthly;fiber;20;0;136,31;2738,11;19.04;2;1;0;1
74987;17/10/2024;North;prepaid;monthly;dsl;46;0;114,54;4919,43;16.35;0;0;0;0
23424;06/07/2024;Southeast;postpaid;monthly;dsl;45;0;69,27;3351,56;7.11;2;1;1;0
57839;2024-03-05;Center-West;postpaid;monthly;cable;28;1;98,68;2877,41;8.3;1;0;0;0
72041;2024-04-07;Southeast;postpaid;annual;cable;48;1;59,74;2639,21;5.4;1;1;1;0
48993;2024-06-07;Northeast;prepaid;monthly;fiber;14;0;137,65;1812,47;6.56;0;0;0;0
38150;12/12/2024;Northeast;prepaid;monthly;fiber;52;1;135,54;6415,88;16.05;1;0;0;1
65812;07/11/2024;Southeast;postpaid;monthly;fiber;2;1;58,73;125,82;10.57;2;0;0;1
86178;2024-07-17;Northeast;prepaid;monthly;FIBRE;10;0;67,89;642,46;16.43;0;0;0;1
89816;2024-09-25;Southeast;prepaid;monthly;fiber;66;0;165,17;11919,94;18.01;5;0;0;0
90834;2024-09-14;South;postpaid;monthly;fiber;34;0;100,75;3751,93;11.7;1;0;0;0
88830;2024-08-27;Center-West;prepaid;monthly;FIBRE;40;1;112,67;4276,27;16.92;1;0;0;0
66643;2024-12-19;Center-West;postpaid;monthly;cable;29;1;173,79;5468,68;9.37;0;0;0;0
82783;24/10/2024;South;postpaid;annual; fiber ;46;0;61,05;2725,63;11.89;0;0;0;0
39136;15/01/2024;Center-West;postpaid;annual;cable;54;0;124,07;6475,35;4.32;0;0;1;0
55162;2024-04-25;Center-West;postpaid;annual;fiber;56;1;146,1;8851,01;9.03;0;0;0;0
62201;2024-01-22;Northeast;postpaid;annual;fiber;18;0;77,92;1428,9;;0;0;1;0
78813;2024-11-05;Southeast;prepaid;annual; fiber ;45;1;76,32;3561,45;3.66;0;0;0;0
95326;2024-01-28;South;prepaid;monthly;fiber;56;1;164,52;9056,97;;0;0;0;0
38515;2024-11-27;Northeast;postpaid;annual;fiber;30;0;44,91;1353,3;9.91;1;1;0;0
94140;31/03/2024;Center-West;prepaid;monthly;cable;28;1;53,6;1583,06;8.48;1;0;0;1
96679;2024-01-22;Center-West;prepaid;monthly;cable;45;1;91,64;3852,04;8.74;1;1;0;0
17414;2024-04-27;North;prepaid;monthly;fiber;41;0;149,76;6738,94;4.64;3;0;0;0
24659;29/11/2024;South;postpaid;monthly;fiber;18;0;98,25;1874,8;15.12;0;1;0;0
46185;2024-05-11;Center-West;prepaid;annual; fiber ;69;0;70,58;4643,98;15.1;2;1;1;1
73572;18/12/2024;South;postpaid;monthly;dsl;40;1;93,04;3870,49;7.07;0;1;0;0
43691;2024-11-07;South;prepaid;annual;fiber;41;1;96,82;3583,07;5.21;4;1;1;1
80367;2024-05-21;Center-West;postpaid;annual;fiber;15;1;139,05;2190,49;13.27;0;0;1;0
12608;2024-05-20;North;prepaid;monthly;cable;48;1;160,31;8152,58;23.67;1;0;1;0
95876;2024-11-20;South;prepaid;monthly;cable;66;1;78,19;4788,98;11.01;1;0;0;0
72985;2024-08-01;Southeast;postpaid;monthly;dsl;52;0;136,28;6810,42;16.22;1;1;0;1
82003;2024-01-20;North;postpaid;monthly;fiber;37;1;135,21;5151,7;8.19;2;0;0;1
48865;12/08/2024;Center-West;prepaid;annual;fiber;46;0;145,04;6947,85;12.16;1;0;0;0
33982;12/09/2024;North;prepaid;annual;fiber;17;0;116,29;1806,32;2.42;2;0;1;1
63185;2024-03-21;Northeast;prepaid;annual;dsl;5;1;32,2;158,64;7.77;0;0;0;0
51293;2024-06-19;South;prepaid;monthly;dsl;46;1;128,38;5881,86;5.11;1;0;1;0
81823;01/05/2024;Northeast;postpaid;annual;fiber;13;0;121,84;1641,65;29.69;0;0;0;1
27907;26/06/2024;Northeast;prepaid;annual;cable;7;1;121,73;826,52;10.6;1;0;0;0
41502;2024-09-17;Northeast;postpaid;monthly;fiber;56;1;72,19;3929,2;38.0;0;1;0;0
82340;2024-11-29;Northeast;prepaid;monthly;dsl;31;0;44,68;1306,72;10.53;1;0;0;0
34563;2024-12-05;North;postpaid;monthly; fiber ;61;1;58,4;3854,15;13.16;0;0;0;0
88522;2024-08-15;South;prepaid;monthly;fiber;62;1;62,43;3557,0;9.85;1;0;0;0
90275;2024-05-22;Northeast;postpaid;annual;fiber;9;0;56,04;503,28;8.45;0;0;0;0
37665;2024-11-22;Center-West;prepaid;annual;dsl;55;1;66,68;3405,47;12.9;2;1;0;0
65837;03/07/2024;Center-West;postpaid;monthly;fiber;24;1;40,3;876,31;15.8;1;0;0;0
16776;2024-03-07;South;postpaid;annual;fiber;50;1;70,4;3657,07;6.06;1;0;0;0
57008;2024-03-15;Northeast;postpaid;monthly;dsl;4;0;179,68;670,66;8.34;0;0;0;0
84260;2024-09-18;Southeast;prepaid;monthly;dsl;34;0;106,71;3687,94;4.19;0;1;0;0
19806;2024-07-14;North;prepaid;annual;dsl;45;0;81,66;3766,29;3.15;2;0;0;0
89820;2024-03-26;North;prepaid;annual;dsl;32;0;138,07;4838,89;;0;0;0;0
98887;2024-06-16;South;prepaid;annual;dsl;40;0;100,42;3961,35;;1;0;0;0
23989;2024-02-28;Center-West;postpaid;monthly;dsl;1;0;34,42;31,5;9.4;3;0;0;0
90262;24/11/2024;Center-West;postpaid;annual;fiber;1;1;112,11;111,22;14.86;1;0;0;0
86165;2024-11-13;Southeast;postpaid;annual;fiber;43;1;75,61;3013,04;16.2;1;0;1;0
67447;2024-12-16;South;postpaid;annual;fiber;30;0;115,68;3483,09;19.4;1;1;0;0
66207;2024-08-03;South;prepaid;monthly;FIBRE;41;1;55,98;2285,71;2.5;1;0;0;0
75147;2024-05-16;Center-West;prepaid;monthly;fiber;26;0;102,38;2637,63;10.79;0;0;0;0
94042;2024-02-22;North;postpaid;annual;fiber;1;0;59,05;62,5;5.15;1;0;0;0
32972;2024-07-26;Northeast;prepaid;annual;fiber;50;1;74,82;3645,95;6.59;0;0;0;0
51167;2024-07-16;Center-West;prepaid;monthly;dsl;10;1;133,07;1399,96;6.25;0;0;0;0
78982;12/06/2024;Northeast;postpaid;monthly;dsl;56;1;64,15;3795,0;12.6;2;0;0;0
51738;2024-08-24;Southeast;postpaid;annual;dsl;1;0;92,57;90,06;7.53;2;1;0;0
73303;21/05/2024;Southeast;postpaid;monthly;cable;66;1;40,97;2604,12;2.48;0;0;0;0
31016;23/11/2024;South;prepaid;monthly;fiber;18;0;133,07;;13.84;1;0;0;0
79998;30/11/2024;South;postpaid;monthly; fiber ;64;1;110,84;7488,57;5.07;0;0;0;0
18597;2024-03-10;Northeast;prepaid;monthly;fiber;1;0;152,07;159,23;5.23;1;0;0;1
45761;13/01/2024;Southeast;prepaid;annual;dsl;32;1;110,26;3282,0;40.95;0;0;0;0
22869;2024-03-09;South;prepaid;monthly;fiber;30;0;179,13;5005,11;22.12;2;0;0;1
68187;08/04/2024;South;postpaid;monthly;cable;12;0;66,17;836,55;7.55;0;0;0;0
17710;2024-09-19;Southeast;postpaid;annual;FIBRE;34;1;141,32;4447,48;5.75;2;0;0;0
11886;2024-03-22;Southeast;postpaid;annual;fiber;16;0;94,85;1607,63;15.43;0;0;0;0
48321;2024-05-26;Southeast;prepaid;monthly;dsl;32;1;86,39;2610,33;;2;0;0;0
56461;2024-06-04;North;postpaid;monthly;fiber;27;1;139,73;3759,57;25.11;0;0;0;0
88740;2024-09-17;North;prepaid;annual;dsl;15;1;173,33;2438,35;16.24;1;1;0;0
61719;2024-06-23;North;postpaid;monthly;dsl;56;1;143,34;7633,77;25.0;0;0;0;0
37510;2024-03-13;North;prepaid;monthly;dsl;38;1;79,52;3069,26;14.26;0;0;0;0
97808;2024-10-29;Northeast;prepaid;monthly;dsl;60;0;106,48;6839,1;24.06;2;0;0;0
97977;20/08/2024;Center-West;postpaid;monthly;fiber;58;0;62,57;3695,58;6.89;0;1;0;0
62742;2024-10-18;North;postpaid;annual; fiber ;19;1;123,04;2202,6;19.13;0;0;0;0
60972;2024-03-15;Northeast;postpaid;monthly;dsl;21;0;90,39;1918,41;10.21;2;1;0;1
37830;10/12/2024;Northeast;prepaid;monthly;fiber;68;1;64,22;4083,33;15.96;1;1;1;0
72967;01/06/2024;Northeast;postpaid;monthly;fiber;23;1;33,16;765,15;25.67;0;0;1;0
52900;2024-06-28;Southeast;prepaid;monthly;fiber;7;1;168,8;1115,74;8.96;0;0;0;0
73697;2024-11-26;Center-West;prepaid;monthly;dsl;39;0;41,82;1723,1;6.59;2;1;1;1
98157;2024-08-20;Southeast;postpaid;annual;fiber;69;1;79,4;5865,55;20.11;0;0;0;0
74266;2024-03-22;North;prepaid;monthly;cable;17;1;58,57;1020,45;12.46;1;0;1;1
26668;2024-09-10;Northeast;postpaid;monthly;fiber;46;0;104,12;4688,68;2.45;0;0;1;0
13348;2024-03-20;North;prepaid;monthly;fiber;24;1;59,24;1517,93;13.15;2;0;0;0
42030;2024-05-23;South;prepaid;annual;fiber;28;1;140,43;3824,58;6.42;0;0;0;0
28414;2024-09-13;Center-West;postpaid;monthly; fiber ;33;1;63,72;;15.35;1;0;0;0
81890;2024-09-10;Southeast;prepaid;annual; fiber ;11;1;57,82;588,3;18.0;1;0;0;0
58912;28/03/2024;South;postpaid;annual;dsl;28;1;62,53;1879,8;7.56;1;0;0;0
57293;2024-01-17;Center-West;postpaid;monthly; fiber ;20;1;74,63;1384,73;10.13;3;0;0;1
13075;2024-07-22;Northeast;prepaid;annual;fiber;59;0;126,27;;7.62;1;0;0;0
76638;2024-01-08;Southeast;postpaid;monthly;FIBRE;17;0;61,44;1092,9;14.56;0;1;0;0
42396;2024-07-30;Northeast;prepaid;annual; fiber ;61;1;134,53;8766,36;22.02;0;0;0;0
28743;02/06/2024;Center-West;prepaid;annual;cable;2;1;94,53;;0.82;0;1;0;1
38777;2024-11-11;Southeast;prepaid;monthly;fiber;29;0;59,55;1641,09;8.08;0;0;0;0
60069;2024-12-12;North;postpaid;annual;dsl;20;0;66,01;1317,74;29.25;1;0;0;1
44088;2024-01-20;North;postpaid;monthly;fiber;32;0;109,1;3701,94;9.67;0;1;0;0
46144;17/11/2024;Southeast;postpaid;monthly;fiber;55;0;86,79;4745,82;12.51;1;0;0;0
26459;05/12/2024;South;postpaid;annual;cable;68;1;107,06;;38.7;2;0;0;0
63524;08/08/2024;Southeast;prepaid;annual; fiber ;52;1;151,89;7992,24;27.38;0;0;0;0
40638;2024-09-03;Southeast;postpaid;monthly;cable;36;1;36,87;1202,95;14.98;0;1;0;0
78432;05/03/2024;North;postpaid;annual;fiber;37;1;89,04;3453,93;9.88;1;1;0;0
85312;2024-11-09;North;postpaid;annual;fiber;71;0;92,32;6770,35;17.73;2;1;0;0
49200;04/01/2024;South;postpaid;monthly;cable;71;1;67,64;4537,74;7.56;1;0;0;0
79518;2024-06-12;South;postpaid;annual;fiber;55;1;96,28;4996,02;7.88;2;0;0;0
88540;17/12/2024;Southeast;prepaid;annual;cable;12;0;114,99;1455,47;5.06;1;1;0;1
38427;2024-02-21;Northeast;postpaid;annual;cable;19;0;117,74;2145,01;7.03;2;0;0;0
65582;2024-05-31;South;postpaid;annual;fiber;20;1;130,47;2643,31;9.76;3;1;0;0
71814;2024-11-10;Center-West;postpaid;monthly;FIBRE;17;1;41,52;713,89;14.29;0;1;0;0
59234;2024-12-23;North;prepaid;monthly;cable;69;0;99,0;6977,26;15.13;0;0;1;0
75406;2024-05-30;Center-West;postpaid;monthly;fiber;12;1;143,64;1564,39;9.1;0;0;0;0
20009;2024-02-25;Northeast;prepaid;monthly;dsl;61;0;98,26;;12.68;1;1;1;0
85569;18/07/2024;South;postpaid;monthly;FIBRE;58;1;128,47;7858,46;23.03;3;0;0;0
14382;2024-09-09;Northeast;postpaid;annual;fiber;38;1;118,57;4730,45;17.16;3;1;0;0
61078;2024-05-24;South;prepaid;monthly;dsl;22;1;99,71;2163,98;6.49;1;0;0;0
13410;2024-09-27;Southeast;postpaid;annual;dsl;19;0;41,84;733,62;10.93;0;0;0;0
56717;2024-01-28;South;prepaid;monthly;dsl;48;0;124,98;6037,59;21.26;0;0;0;0
97878;2024-02-25;South;postpaid;monthly;dsl;48;0;110,18;5403,03;7.15;1;0;0;0
88903;2024-03-21;Southeast;postpaid;annual;fiber;39;1;30,85;1279,62;6.19;0;0;0;0
30447;2024-04-12;Southeast;prepaid;annual;fiber;41;0;61,03;2636,33;7.57;1;0;0;0
54391;2024-12-14;Center-West;postpaid;monthly;fiber;59;1;39,21;;9.93;0;0;0;0
80129;2024-08-11;North;prepaid;annual;fiber;54;1;115,54;6395,3;6.42;4;0;0;0
28944;2024-08-05;North;postpaid;monthly;fiber;54;1;32,27;1751,75;7.76;0;0;1;0
71801;2024-10-20;Center-West;postpaid;monthly;dsl;20;1;156,36;2952,08;23.47;2;1;0;0
54838;2024-07-05;South;prepaid;monthly; fiber ;5;1;172,12;820,15;21.59;0;0;0;0
49350;2024-07-21;North;postpaid;annual;fiber;33;0;176,34;6064,17;2.27;2;0;0;0
57768;15/01/2024;Center-West;postpaid;monthly;dsl;25;1;63,99;1671,23;3.57;3;0;0;0
45198;2024-10-16;Northeast;postpaid;annual;fiber;24;1;104,27;2611,54;17.15;0;0;1;0
79834;2024-11-15;South;postpaid;monthly;cable;37;1;163,68;5860,13;7.37;0;0;0;0
94086;08/08/2024;South;postpaid;monthly; fiber ;66;0;133,1;8800,8;5.98;0;0;0;0
73047;25/12/2024;Southeast;postpaid;annual;FIBRE;58;1;74,81;4075,92;13.68;0;0;0;0
53145;2024-09-25;Southeast;prepaid;monthly;cable;48;1;155,09;;15.87;0;1;1;0
69134;24/01/2024;Southeast;prepaid;monthly;dsl;51;0;116,09;5750,39;17.02;0;0;0;0
94312;2024-02-13;Northeast;postpaid;monthly;cable;30;1;139,5;4038,04;3.12;1;1;0;0
76292;25/09/2024;Northeast;prepaid;monthly;fiber;40;0;175,41;;16.27;0;0;0;1
30331;2024-09-22;North;postpaid;monthly;fiber;31;0;179,63;5065,5;14.19;1;1;0;0
32261;16/12/2024;Northeast;prepaid;monthly;dsl;58;1;105,72;6059,16;9.47;0;0;1;0
66357;2024-05-16;Southeast;postpaid;monthly;fiber;71;0;53,49;3821,76;18.69;2;0;0;0
22168;2024-12-05;South;postpaid;monthly;dsl;31;0;122,93;3482,93;17.97;0;2;0;0
65750;2024-08-30;South;prepaid;monthly;fiber;52;1;126,58;6413,05;20.08;1;0;0;0
28617;2024-08-26;Center-West;prepaid;monthly;fiber;4;0;115,82;;6.22;0;0;0;0
82817;2024-08-23;Northeast;prepaid;monthly;fiber;29;1;93,31;;6.02;2;0;1;0
40342;2024-07-17;Center-West;postpaid;annual;dsl;62;1;117,23;7123,42;39.49;0;0;0;0
55932;2024-01-21;South;postpaid;annual;fiber;49;1;110,11;5488,5;20.14;2;2;0;0
93124;2024-01-26;Center-West;postpaid;monthly;cable;38;0;171,7;6349,11;7.5;1;0;0;1
79023;01/07/2024;Southeast;postpaid;monthly;FIBRE;16;0;155,64;2301,83;9.35;0;0;0;0
91553;2024-07-17;South;prepaid;monthly;fiber;58;1;89,05;5473,51;16.04;1;0;0;0
68380;04/10/2024;North;prepaid;monthly; fiber ;69;0;115,63;8451,48;17.29;1;0;0;0
12084;2024-11-13;Southeast;prepaid;monthly;dsl;28;1;114,91;3365,77;3.0;0;0;0;0
14884;2024-06-18;Center-West;prepaid;annual;cable;58;0;106,61;5901,99;13.4;0;0;0;1
11179;2024-02-25;Center-West;postpaid;annual;fiber;42;1;38,71;1646,57;17.98;1;0;0;0
25701;2024-08-22;North;postpaid;monthly;fiber;29;1;136,89;3946,12;7.78;0;0;0;0
54336;25/02/2024;South;postpaid;annual;dsl;24;0;139,69;3472,85;3.05;0;0;0;0
30475;30/05/2024;Southeast;postpaid;monthly;fiber;36;0;102,63;3855,73;16.61;0;0;0;0
76180;2024-10-23;Northeast;postpaid;annual;dsl;30;1;165,24;4851,97;4.44;0;1;0;0
13483;25/10/2024;North;prepaid;annual;dsl;44;0;177,59;8246,89;22.27;1;1;0;0
69969;2024-12-19;Northeast;postpaid;monthly; fiber ;11;0;151,94;1712,82;5.64;0;0;0;0
87839;2024-07-30;Northeast;postpaid;monthly;dsl;34;1;169,18;6025,41;12.61;0;0;0;0
10161;2024-01-31;Southeast;postpaid;monthly;dsl;53;1;103,13;5697,13;3.35;0;0;0;0
55530;23/11/2024;Southeast;postpaid;annual;fiber;60;1;167,14;10574,54;12.33;0;0;0;0
38154;2024-02-25;Northeast;postpaid;monthly;fiber;20;0;170,25;3452,55;10.95;2;1;0;0
76629;2024-05-31;Southeast;postpaid;annual; fiber ;43;0;123,54;5433,73;9.25;0;0;1;0
98389;2024-05-25;Center-West;postpaid;monthly;dsl;22;1;52,61;1066,72;7.72;2;0;0;1
32798;2024-08-25;Southeast;postpaid;monthly;dsl;57;0;52,85;3030,71;9.49;1;0;0;0
77857;08/12/2024;Northeast;prepaid;annual;fiber;26;1;100,85;2835,75;7.93;1;0;0;0
82350;2024-08-12;Center-West;prepaid;monthly;fiber;48;1;140,34;6446,1;15.91;2;0;1;0
28432;2024-02-02;North;postpaid;monthly; fiber ;31;0;105,21;3195,26;12.78;1;0;0;0
71279;25/02/2024;Southeast;prepaid;annual;fiber;19;1;149,98;2905,0;11.93;1;0;0;0
53401;2024-01-14;Center-West;postpaid;monthly;fiber;41;0;145,47;5722,94;12.4;0;0;0;1
60142;2024-05-02;Southeast;postpaid;annual;fiber;45;0;60,54;2566,46;8.51;1;0;1;0
33528;2024-12-03;North;postpaid;annual;fiber;49;1;49,91;2643,86;13.85;1;0;0;0
61260;2024-01-18;Center-West;prepaid;monthly;dsl;57;1;135,88;7067,86;18.08;0;1;1;0
29609;2024-06-05;Northeast;postpaid;monthly;dsl;48;1;78,06;3554,32;14.92;0;1;0;0
72417;2024-09-10;Southeast;postpaid;monthly;fiber;61;1;169,71;10629,88;17.82;1;0;0;0
96850;2024-07-29;Center-West;prepaid;annual;dsl;31;0;160,28;5307,17;15.71;0;1;0;0
98719;2024-09-26;Southeast;postpaid;annual; fiber ;37;1;97,69;3349,91;13.58;3;1;0;0
69521;2024-05-08;Northeast;prepaid;annual;fiber;35;1;117,08;3943,26;5.06;1;0;0;0
37752;2024-11-30;Northeast;prepaid;annual;cable;42;0;157,07;7012,66;6.97;0;2;0;1
40374;2024-08-19;South;prepaid;monthly;dsl;10;0;160,71;1499,54;3.32;1;1;0;1
32012;2024-01-29;North;postpaid;monthly;fiber;61;0;113,55;6319,15;18.07;0;0;0;0
62124;2024-07-13;Southeast;postpaid;monthly;fiber;38;0;175,79;6067,16;5.15;2;0;0;1
90824;2024-07-15;Center-West;postpaid;annual;dsl;40;0;108,15;4669,43;6.52;0;0;0;0
58782;2024-01-07;South;prepaid;monthly;fiber;63;1;36,17;2423,39;8.84;2;0;0;0
42787;2024-04-13;South;postpaid;monthly;cable;34;1;114,4;3864,18;8.88;0;0;0;0
27736;2024-03-05;North;postpaid;monthly;fiber;33;0;146,55;5229,83;9.84;2;1;0;0
68878;2024-12-23;Northeast;prepaid;monthly;fiber;41;0;177,74;6696,29;18.33;1;0;1;0
78134;2024-01-20;North;prepaid;monthly;dsl;67;1;45,81;2785,23;13.45;1;0;0;0
98785;2024-07-30;North;prepaid;monthly;dsl;18;0;96,08;1725,6;15.22;0;1;0;0
75289;08/02/2024;North;postpaid;annual;fiber;12;0;118,0;1493,92;;1;0;0;0
79364;2024-03-14;Center-West;prepaid;annual;cable;8;1;162,22;1186,94;15.4;0;0;0;0
13095;28/02/2024;South;postpaid;monthly;cable;53;0;137,38;7059,81;5.87;0;0;0;0
92223;2024-12-11;Center-West;postpaid;annual;fiber;1;0;64,69;60,03;;0;2;0;1
20812;2024-11-27;Northeast;postpaid;monthly;FIBRE;51;0;158,91;8458,23;7.56;2;0;0;0
55622;2024-11-27;Center-West;postpaid;annual;fiber;63;0;129,64;7786,84;7.85;0;0;0;0
27976;17/03/2024;Center-West;postpaid;monthly;dsl;49;0;164,27;8122,71;33.98;0;0;0;0
53326;2024-01-06;Northeast;prepaid;monthly;dsl;13;1;155,16;;;1;0;1;0
95646;2024-12-27;South;postpaid;monthly;fiber;48;1;49,39;2336,72;2.8;2;1;1;1
79745;19/05/2024;Northeast;prepaid;monthly;cable;32;0;174,07;5103,96;;0;0;0;1
30226;2024-11-25;Northeast;prepaid;monthly;fiber;2;0;98,14;212,02;10.14;1;1;0;1
65493;2024-08-08;South;postpaid;annual;cable;15;0;177,38;2740,02;;0;0;0;0
16606;2024-06-04;Northeast;prepaid;annual;cable;53;1;58,05;3108,25;6.52;0;1;1;0
68522;23/09/2024;South;prepaid;monthly;fiber;40;0;149,0;5756,74;9.86;1;0;0;0
15112;2024-01-28;North;postpaid;monthly;fiber;36;1;75,73;2467,82;10.77;1;0;0;0
79679;30/11/2024;Northeast;prepaid;annual;fiber;56;0;36,72;2009,14;10.73;2;1;0;0
13213;2024-12-17;Southeast;prepaid;monthly;cable;38;1;179,11;6404,2;10.15;2;0;0;0
86053;2024-05-14;South;postpaid;monthly;fiber;69;0;75,53;5210,93;;0;0;0;0
11566;2024-09-30;Northeast;postpaid;monthly;cable;4;1;42,08;155,0;18.45;0;1;0;0
64659;2024-03-28;North;postpaid;monthly;fiber;21;0;159,07;3379,04;6.36;1;1;0;1
17297;27/04/2024;Center-West;prepaid;monthly;fiber;14;0;94,8;1413,86;17.84;2;1;0;0
75110;2024-06-26;Southeast;postpaid;monthly;cable;30;1;116,47;3434,5;6.79;1;1;0;0
71567;08/04/2024;Northeast;postpaid;monthly;fiber;65;0;177,73;10513,02;14.34;0;0;0;0
47013;2024-09-01;Center-West;prepaid;annual;dsl;30;0;102,11;3113,47;2.57;2;2;0;1
71096;2024-11-19;Center-West;prepaid;annual;fiber;23;1;40,06;1001,6;17.11;0;0;0;0
80923;22/09/2024;Southeast;prepaid;annual;fiber;7;1;133,68;1018,08;13.52;2;0;0;0
72635;2024-10-12;Center-West;postpaid;monthly; fiber ;28;0;136,59;3732,49;7.09;0;0;0;0
27461;2024-12-06;South;prepaid;annual;fiber;17;1;59,13;991,17;11.3;0;0;0;0
34556;2024-03-17;South;postpaid;annual;dsl;14;1;111,81;1499,34;10.13;1;0;0;0
24660;2024-04-19;South;postpaid;monthly;FIBRE;10;0;85,38;923,5;12.03;1;0;0;0
21503;2024-03-17;Northeast;prepaid;monthly;fiber;45;1;37,49;1589,14;;1;0;0;0
97588;2024-03-23;Northeast;postpaid;annual;fiber;51;1;76,74;3957,68;10.23;1;0;0;0
71240;2024-10-18;North;prepaid;monthly;dsl;53;1;166,43;8803,94;23.98;0;0;0;0
83012;24/08/2024;Southeast;prepaid;annual;cable;4;1;75,04;275,4;8.28;0;0;0;0
62516;12/11/2024;Center-West;postpaid;annual;dsl;66;1;63,46;4190,82;14.16;2;1;0;0
96246;27/12/2024;South;prepaid;annual;cable;37;0;171,14;6412,96;13.05;0;2;0;0
96598;2024-07-10;Southeast;postpaid;annual;fiber;40;1;87,35;3337,11;8.8;0;0;1;0
31424;12/05/2024;North;postpaid;annual;fiber;63;1;171,08;10075,18;22.4;2;0;0;0
60114;26/02/2024;North;prepaid;annual;dsl;20;0;162,04;3206,05;6.08;1;0;0;0
73531;2024-08-13;Northeast;prepaid;annual;fiber;36;0;100,57;3957,75;15.71;0;0;0;0
90691;2024-03-30;Center-West;prepaid;monthly;dsl;6;1;87,74;574,64;14.09;2;0;0;0
25263;13/08/2024;Southeast;postpaid;annual;dsl;35;1;50,66;1734,16;13.38;5;1;0;0
64200;2024-08-26;South;postpaid;monthly; fiber ;19;1;58,59;1179,05;11.24;1;0;0;0
17909;2024-12-25;North;prepaid;monthly;cable;13;1;64,87;889,9;17.77;0;0;1;0
73447;2024-03-04;Northeast;postpaid;monthly; fiber ;44;1;100,55;4814,62;4.9;0;0;0;0
83342;27/07/2024;Northeast;postpaid;monthly;dsl;10;0;85,82;885,69;6.94;0;0;1;0
74403;2024-01-12;South;postpaid;monthly;FIBRE;70;0;150,06;10074,12;13.7;2;0;0;1
43178;2024-07-09;Northeast;prepaid;monthly;dsl;17;1;74,5;1388,98;7.25;2;0;0;1
31461;19/04/2024;Center-West;prepaid;monthly;fiber;6;1;93,68;544,49;6.43;1;0;0;0
61887;09/04/2024;North;prepaid;annual;cable;32;0;48,41;1435,64;20.88;0;0;0;0
19133;2024-08-22;Center-West;prepaid;annual;cable;28;1;70,68;1971,61;21.51;2;0;0;0
42880;2024-01-14;Northeast;postpaid;annual;dsl;47;0;147,45;7570,79;14.2;0;0;0;0
39490;2024-06-27;South;prepaid;monthly;dsl;48;0;136,07;6722,24;7.36;1;0;0;0
92626;2024-09-16;South;prepaid;monthly;dsl;43;0;90,33;3973,03;8.41;1;0;0;0
22271;2024-12-15;Northeast;prepaid;annual;dsl;41;0;116,62;4620,06;12.39;2;0;0;0
96633;2024-12-17;South;prepaid;monthly;dsl;56;1;98,75;5787,93;9.81;1;0;0;0
40361;2024-02-19;South;postpaid;annual;dsl;47;0;164,28;7227,81;16.01;1;0;0;0
12684;2024-01-18;South;postpaid;annual;cable;10;1;89,2;820,04;5.52;0;1;0;1
78740;2024-12-04;Northeast;prepaid;monthly;dsl;33;0;138,32;4905,67;5.63;2;0;0;0
62927;2024-10-25;South;postpaid;monthly;fiber;49;1;62,78;3087,75;10.27;2;0;0;1
76752;21/06/2024;Northeast;prepaid;monthly;cable;19;0;95,11;1946,67;21.57;1;0;0;1
59139;2024-05-26;Center-West;postpaid;monthly;fiber;62;1;109,4;6152,68;13.98;1;1;1;0
51885;2024-12-10;Center-West;postpaid;monthly;fiber;35;1;45,7;1664,82;11.78;1;0;0;0
36472;2024-06-18;Center-West;postpaid;annual;cable;23;1;118,11;;11.74;1;0;1;0
17753;2024-03-06;Southeast;postpaid;annual;fiber;28;1;116,2;3024,87;21.03;0;0;0;0
68699;2024-03-30;North;postpaid;monthly;fiber;44;1;53,81;2229,29;26.96;1;0;0;0
84917;2024-04-05;South;postpaid;monthly;dsl;51;1;179,8;8326,35;;1;1;0;0
59600;2024-08-07;Center-West;prepaid;monthly;cable;19;0;43,87;914,87;12.54;0;0;1;1
83065;2024-05-11;Northeast;prepaid;monthly;fiber;13;0;164,3;2200,2;13.21;1;0;0;0
51367;20/04/2024;South;postpaid;annual;fiber;7;0;103,73;784,75;8.44;1;0;0;0
28160;2024-02-15;North;postpaid;annual;fiber;36;0;63,41;2120,84;6.76;0;0;0;0
11466;2024-02-28;Northeast;postpaid;annual;fiber;66;1;46,92;3279,76;2.98;0;1;0;0
23035;10/03/2024;North;postpaid;monthly;fiber;69;0;134,91;8548,86;11.32;0;1;0;0
15732;16/02/2024;North;prepaid;monthly;fiber;40;1;143,17;5309,35;26.14;1;0;0;0
20619;2024-05-29;Southeast;prepaid;annual;cable;38;1;131,02;5351,59;17.82;0;0;1;0
65910;2024-08-23;North;postpaid;annual;dsl;36;0;92,98;3131,7;11.37;0;0;1;0
97427;2024-07-22;South;prepaid;annual;cable;17;0;55,89;1007,99;13.75;1;0;0;0
74894;2024-02-14;Center-West;postpaid;monthly;cable;30;1;148,43;4820,45;11.14;0;0;0;0
99354;2024-07-28;Center-West;postpaid;annual;cable;67;1;160,68;9770,38;11.09;3;0;0;0
26110;2024-06-22;Northeast;postpaid;monthly;dsl;44;0;88,78;4247,28;17.85;0;0;0;0
76937;2024-01-03;Southeast;postpaid;monthly;fiber;18;1;156,18;2839,31;11.55;0;2;0;1
26836;2024-03-02;Center-West;postpaid;annual;cable;7;1;125,34;897,62;5.3;0;0;0;0
10301;19/10/2024;South;postpaid;monthly;dsl;54;1;109,05;6287,64;6.13;1;0;0;0
14629;2024-04-04;North;prepaid;annual;fiber;65;1;121,59;8174,46;8.62;1;0;0;0
18247;2024-04-20;Center-West;postpaid;monthly;fiber;8;0;46,16;403,54;13.44;1;0;0;0
29026;03/03/2024;Center-West;postpaid;monthly;fiber;27;0;48,81;1428,17;6.39;1;0;0;1
58277;2024-09-25;Southeast;prepaid;monthly;fiber;61;0;139,01;8057,74;3.09;2;0;0;0
45885;24/05/2024;South;postpaid;annual;dsl;18;0;175,49;3310,5;9.04;3;0;1;0
50711;2024-04-09;Northeast;postpaid;annual;fiber;13;1;106,17;1348,79;14.65;0;0;0;0
41442;19/06/2024;North;prepaid;monthly;fiber;28;1;38,1;985,01;;0;0;0;1
13487;2024-04-13;South;postpaid;monthly;fiber;28;1;40,21;1081,59;6.84;1;0;0;0
84408;05/07/2024;North;postpaid;monthly;cable;35;1;100,1;3188,47;10.09;0;0;0;1
72777;05/08/2024;Center-West;postpaid;monthly;fiber;69;0;128,65;;5.62;1;0;0;0
32733;28/01/2024;South;prepaid;annual;fiber;70;0;53,23;3356,25;8.13;0;0;0;0
30310;2024-01-07;Northeast;postpaid;monthly;dsl;42;1;34,96;1372,77;3.46;1;0;0;0
40272;2024-10-10;Northeast;postpaid;monthly;cable;6;0;139,42;919,46;4.69;1;0;0;1
75580;13/02/2024;Center-West;postpaid;monthly;dsl;19;1;51,92;1073,35;4.58;1;1;0;0
91855;2024-02-05;South;prepaid;monthly;dsl;13;1;95,73;1269,86;;1;0;0;0
87473;19/12/2024;South;prepaid;annual;fiber;1;1;140,12;153,69;6.38;0;0;0;1
80653;2024-11-22;North;postpaid;annual;cable;28;1;48,79;1356,16;16.23;3;0;0;0
77461;2024-06-16;North;prepaid;monthly;dsl;1;0;96,41;96,09;4.74;0;0;0;0
68865;2024-01-25;North;prepaid;annual;dsl;41;0;46,72;1893,84;10.54;2;0;0;0
32154;2024-10-28;Northeast;prepaid;monthly;fiber;20;0;82,13;1490,11;12.63;0;0;0;0
33886;2024-12-03;Northeast;postpaid;annual;dsl;52;0;166,86;8402,89;14.06;1;0;0;0
17473;2024-10-26;South;postpaid;annual;fiber;38;0;132,92;5076,98;2.82;0;0;0;0
15087;2024-12-14;Northeast;postpaid;monthly;fiber;68;1;33,46;2281,52;14.27;1;0;0;0
98734;2024-01-03;South;postpaid;annual;dsl;35;0;50,17;1758,76;15.47;0;1;0;0
37458;30/11/2024;North;postpaid;monthly;dsl;12;1;74,07;863,28;1.6;0;0;0;0
26287;2024-06-17;Southeast;postpaid;annual;fiber;66;0;164,33;11314,35;5.86;0;1;0;0
23535;2024-04-26;South;prepaid;monthly;cable;22;0;142,06;3407,04;;1;2;1;0
92934;15/08/2024;Center-West;postpaid;monthly;fiber;55;1;122,62;7149,39;25.37;1;0;0;0
70488;2024-12-27;North;prepaid;annual;dsl;56;1;52,89;2856,84;14.7;0;1;0;0
27352;2024-10-16;Northeast;postpaid;monthly;fiber;66;1;169,33;10697,71;1.9;0;0;0;0
65933;06/05/2024;Southeast;prepaid;monthly;fiber;46;1;151,22;7490,87;14.22;1;1;0;0
89127;18/12/2024;Northeast;postpaid;monthly;cable;37;0;65,91;2300,72;4.66;0;0;0;0
84603;04/04/2024;South;postpaid;monthly; fiber ;28;0;90,65;2344,01;12.67;1;0;1;0
13587;2024-02-22;Northeast;prepaid;annual;cable;32;1;94,26;2875,05;14.92;1;1;0;0
21261;03/11/2024;Center-West;postpaid;annual;fiber;56;0;118,13;6665,43;12.61;1;1;0;0
76729;2024-09-13;North;prepaid;annual;dsl;41;1;86,22;3186,95;17.12;2;0;1;0
38464;09/02/2024;Southeast;prepaid;monthly;fiber;4;0;61,5;231,05;6.7;0;0;0;0
53410;2024-06-09;North;postpaid;monthly;dsl;27;0;130,05;3339,84;15.21;0;0;0;0
91786;2024-02-11;Southeast;prepaid;monthly;cable;65;0;131,63;8655,49;8.67;2;0;1;1
61026;23/05/2024;North;postpaid;monthly;dsl;15;1;96,36;1511,65;14.99;0;0;0;0
56072;2024-07-28;Southeast;postpaid;annual;fiber;34;0;103,0;3839,81;5.2;3;0;1;0
73865;2024-01-01;Northeast;prepaid;monthly;dsl;60;0;37,6;2120,44;7.09;0;0;0;0
86417;2024-05-11;South;postpaid;monthly;dsl;21;0;98,41;2148,04;16.35;2;0;0;1
50984;2024-12-27;South;postpaid;annual;fiber;49;1;150,06;6953,6;10.28;1;0;0;1
34083;2024-05-05;Southeast;postpaid;monthly;dsl;56;0;118,72;6778,42;6.53;0;1;0;0
95766;13/08/2024;Center-West;prepaid;monthly;dsl;24;1;168,1;3837,06;;1;1;0;0
43380;11/05/2024;Center-West;postpaid;annual;dsl;64;0;137,48;8735,69;7.11;1;1;1;0
81115;2024-08-17;Center-West;prepaid;monthly;fiber;32;0;146,65;4672,15;13.68;0;0;0;0
24382;24/03/2024;Southeast;postpaid;annual;fiber;22;1;98,76;2371,34;7.36;1;0;0;0
12854;2024-12-07;South;postpaid;annual;cable;17;1;56,02;906,45;25.25;1;0;0;0
37104;28/04/2024;Center-West;postpaid;monthly;dsl;19;0;166,83;;11.63;2;1;0;0
66484;2024-03-26;North;prepaid;monthly;dsl;40;0;128,88;5392,11;10.55;0;0;0;0
62063;05/02/2024;Southeast;prepaid;monthly;cable;16;0;166,42;2687,86;18.52;1;2;0;1
64721;2024-09-13;Southeast;postpaid;annual;fiber;26;0;122,63;3321,73;6.78;0;0;0;0
97134;2024-09-29;South;prepaid;monthly; fiber ;51;0;98,17;4863,74;15.98;1;0;0;1
17200;16/06/2024;Center-West;postpaid;annual;dsl;63;1;50,21;3245,28;6.31;1;0;0;0
39513;2024-02-10;Southeast;postpaid;monthly;dsl;49;1;89,66;4082,35;;2;0;0;0
59377;2024-06-27;Center-West;postpaid;monthly;cable;38;0;119,63;4808,47;7.77;1;1;1;0
24922;2024-08-06;Northeast;prepaid;monthly;dsl;50;1;169,61;8201,85;4.88;0;0;1;0
22164;2024-10-13;Center-West;prepaid;monthly; fiber ;30;0;154,4;5081,98;4.92;3;0;0;0
20677;2024-02-01;Center-West;postpaid;monthly;fiber;20;1;106,97;2111,39;7.83;1;0;0;0
66231;2024-04-08;South;prepaid;monthly;fiber;54;1;97,2;5700,61;15.45;1;0;1;0
41374;15/12/2024;Center-West;prepaid;annual;cable;10;0;34,99;333,09;39.44;0;0;0;0
48217;2024-12-07;Southeast;prepaid;monthly;fiber;65;0;82,68;5150,51;4.98;0;0;0;0
14226;25/05/2024;South;prepaid;annual;dsl;31;1;177,2;5825,38;10.04;0;0;0;0
70404;27/06/2024;South;postpaid;monthly;fiber;59;1;141,15;8963,64;8.74;1;0;0;0
49752;2024-06-13;Southeast;prepaid;annual; fiber ;8;0;108,71;867,65;15.81;5;0;0;0
84997;2024-07-07;Southeast;prepaid;monthly;fiber;36;0;159,34;5235,99;21.44;3;0;0;1
53907;2024-10-11;Southeast;postpaid;annual;dsl;30;1;33,46;973,58;12.1;0;0;0;0
61291;2024-05-22;Southeast;prepaid;monthly;fiber;26;1;173,64;4790,1;5.2;2;1;1;0
37134;2024-04-03;South;prepaid;monthly;cable;37;0;134,95;4972,48;8.78;1;0;0;0
51956;2024-01-28;Southeast;postpaid;monthly;cable;48;0;32,0;1603,11;14.05;2;0;0;1
69514;2024-06-21;Southeast;postpaid;monthly;fiber;67;0;135,83;8879,35;9.04;1;0;0;1
92064;21/07/2024;Center-West;prepaid;monthly;cable;58;0;42,47;2233,19;5.81;0;0;0;0
82594;05/09/2024;Southeast;prepaid;monthly;fiber;17;0;125,94;2216,57;10.72;0;0;0;0
86705;27/08/2024;Southeast;prepaid;annual;fiber;70;0;75,13;5046,2;9.31;1;0;0;1
48165;2024-05-08;Southeast;prepaid;monthly;FIBRE;36;1;61,81;2219,6;3.47;1;1;0;0
50847;2024-01-19;Southeast;postpaid;monthly;cable;33;0;124,21;4436,83;12.48;2;0;0;1
38552;14/06/2024;North;postpaid;annual;dsl;1;0;95,11;89,82;16.25;0;1;0;0
50939;18/04/2024;Center-West;postpaid;annual;fiber;48;1;39,68;1847,45;20.8;1;0;1;0
62864;2024-03-23;Northeast;postpaid;monthly;dsl;63;1;153,35;8997,11;27.53;0;1;0;0
15971;29/10/2024;North;prepaid;monthly;dsl;21;1;69,92;1332,25;33.84;0;0;0;0
70261;2024-06-14;Southeast;postpaid;monthly;dsl;62;0;122,73;7476,01;4.22;1;1;0;0
38959;2024-06-29;Northeast;postpaid;monthly;dsl;7;0;121,4;781,6;13.2;0;0;0;0
24726;17/08/2024;Southeast;prepaid;monthly;cable;69;1;38,42;2544,76;3.01;0;0;0;0
69006;2024-08-07;Northeast;postpaid;annual;dsl;18;0;179,6;3458,55;12.15;0;0;0;1
99597;2024-12-06;North;prepaid;annual;fiber;35;0;97,15;3089,48;15.26;0;1;0;0
24287;2024-05-13;Center-West;postpaid;monthly;cable;2;0;60,8;124,84;4.43;1;1;1;1
11824;2024-08-16;South;postpaid;monthly;fiber;64;0;95,51;5976,57;28.28;1;1;0;0
33320;21/01/2024;Northeast;prepaid;monthly;dsl;37;0;120,46;4359,61;4.61;0;0;0;0
21068;2024-01-05;North;postpaid;monthly;dsl;69;1;30,46;2102,09;5.57;1;0;0;0
59157;2024-07-23;North;prepaid;monthly;fiber;27;0;75,02;1962,67;15.38;2;1;0;0
69930;2024-02-03;Center-West;postpaid;annual;fiber;5;0;110,45;506,03;13.3;1;0;0;0
92053;2024-04-03;Northeast;prepaid;monthly;dsl;49;0;134,17;7081,38;;0;0;0;0
65781;2024-09-14;North;prepaid;annual;cable;12;0;77,0;867,16;1.44;0;0;1;0
41662;2024-09-16;North;prepaid;monthly;cable;44;0;90,59;4132,94;14.0;1;0;0;0
88089;2024-05-06;Northeast;postpaid;monthly;dsl;3;0;63,18;199,12;12.84;3;0;0;1
37979;2024-05-24;South;prepaid;monthly;FIBRE;12;1;73,96;835,49;7.64;1;0;0;0
32427;26/11/2024;Southeast;postpaid;annual;fiber;46;1;133,1;5705,17;3.61;1;0;0;0
23141;2024-07-04;North;prepaid;monthly;dsl;48;1;80,59;4187,83;10.58;0;1;0;0
98843;2024-05-10;Southeast;postpaid;monthly;fiber;11;1;71,94;716,27;16.45;0;0;0;0
82451;2024-07-23;Southeast;prepaid;monthly;dsl;14;1;74,78;1033,57;19.61;0;0;0;0
93492;27/05/2024;North;prepaid;annual;fiber;61;0;121,9;6795,73;8.88;1;0;0;0
99371;2024-09-20;Northeast;postpaid;annual;fiber;1;0;114,12;112,42;21.25;0;1;0;0
37851;2024-06-04;Northeast;prepaid;monthly;dsl;17;0;91,04;1452,11;3.36;2;1;0;1
90061;2024-10-23;South;postpaid;monthly;dsl;69;0;124,85;9335,49;16.58;1;0;0;0
61362;19/03/2024;North;postpaid;monthly;dsl;39;1;126,42;;10.34;0;0;0;0
69455;2024-02-06;Southeast;postpaid;monthly;fiber;2;0;31,97;67,75;;0;0;0;0
54230;15/09/2024;Northeast;postpaid;annual;cable;64;0;80,86;5044,59;19.24;0;0;0;0
64621;2024-02-04;South;postpaid;monthly;fiber;25;0;66,64;1676,16;10.44;0;0;0;0
86839;17/07/2024;Northeast;postpaid;annual;dsl;51;1;154,37;;17.26;1;0;1;1
78207;2024-02-28;Center-West;postpaid;annual;dsl;46;0;71,32;3393,59;9.82;2;0;0;0
82947;04/03/2024;Northeast;postpaid;annual;fiber;27;1;77,59;2241,58;9.65;1;0;0;0
40309;2024-08-28;South;postpaid;monthly;dsl;27;0;110,67;2879,15;7.56;1;0;0;0
99330;2024-12-14;Center-West;prepaid;annual;dsl;40;1;112,11;4473,15;;1;0;0;0
25113;01/04/2024;Northeast;postpaid;monthly;dsl;28;0;151,65;4530,83;13.68;1;0;0;0
60964;2024-03-27;Northeast;prepaid;monthly;dsl;13;0;88,19;1105,44;10.09;0;0;0;0
17779;2024-10-09;Center-West;postpaid;annual;fiber;52;0;72,17;3535,22;4.72;0;0;0;0
11719;2024-06-03;Center-West;postpaid;monthly;cable;48;1;121,24;5561,13;13.08;1;0;0;0
50718;20/05/2024;Southeast;postpaid;monthly;fiber;43;1;139,24;5781,87;13.09;1;0;0;1
65716;2024-05-01;Center-West;postpaid;monthly;fiber;53;0;178,89;8832,14;4.59;2;0;0;0
42786;2024-06-02;Northeast;postpaid;monthly;dsl;37;0;122,74;4252,6;7.05;0;0;0;0
41160;2024-06-12;South;postpaid;annual;fiber;66;0;103,61;6226,03;4.37;1;0;0;0
69229;2024-07-22;South;prepaid;annual;cable;63;0;49,96;2973,07;10.89;0;0;0;0
90737;2024-07-15;Northeast;postpaid;annual;fiber;70;1;178,04;13477,18;;1;0;0;0
39428;2024-08-12;South;prepaid;monthly;fiber;8;1;132,75;1085,63;14.21;0;0;1;1
47037;17/07/2024;North;prepaid;monthly;fiber;8;1;54,75;423,19;3.59;1;0;0;0
75672;2024-01-07;Northeast;postpaid;monthly;fiber;34;1;98,95;;10.53;0;0;0;0
67938;2024-09-16;Northeast;postpaid;monthly;fiber;50;1;114,05;5815,59;5.28;0;0;0;0
82499;2024-05-31;Center-West;postpaid;annual;fiber;17;1;62,53;996,35;4.21;2;0;0;0
40736;2024-01-26;Southeast;prepaid;annual;FIBRE;9;0;139,87;1289,37;10.55;1;0;0;1
70842;2024-10-25;South;postpaid;annual;fiber;3;0;127,55;416,0;7.7;0;0;0;0
75232;2024-05-10;Center-West;prepaid;annual;fiber;40;1;65,06;2382,02;25.84;0;0;0;0
63923;10/08/2024;North;postpaid;monthly;fiber;70;0;178,46;13717,27;;1;1;0;1
59305;2024-11-14;South;postpaid;annual; fiber ;33;1;172,3;5599,71;15.21;1;1;0;1
21249;2024-04-10;South;prepaid;annual;fiber;53;0;69,83;3692,64;7.39;2;1;0;0
58610;2024-02-06;South;prepaid;annual;fiber;4;1;96,27;348,33;2.75;1;0;0;0
88428;2024-12-05;North;prepaid;monthly;fiber;16;1;164,22;2503,54;7.18;2;0;0;0
87160;2024-09-01;South;prepaid;annual;fiber;49;0;90,94;4346,3;;0;0;0;0
66912;2024-12-19;Northeast;prepaid;monthly; fiber ;29;1;173,22;5493,47;8.15;1;0;0;0
76658;2024-07-09;North;prepaid;annual;cable;2;0;60,06;125,85;3.56;0;0;0;0
45505;2024-06-18;Northeast;prepaid;annual;fiber;17;0;138,6;2563,09;23.36;2;0;0;0
94188;28/08/2024;Southeast;prepaid;annual;fiber;57;1;119,93;7153,66;5.85;1;0;0;0
37078;2024-05-06;Northeast;prepaid;monthly;dsl;49;0;81,93;4293,7;6.34;1;0;0;0
95873;15/09/2024;Center-West;postpaid;monthly;fiber;58;0;137,67;7237,06;20.48;0;0;0;0
91530;2024-11-14;Southeast;prepaid;annual;fiber;25;1;33,63;902,01;11.91;0;0;0;0
48422;2024-10-27;South;postpaid;annual;dsl;66;0;64,63;4532,76;12.27;1;0;0;0
82895;2024-04-12;Northeast;prepaid;annual;dsl;66;0;69,19;4652,23;12.44;0;0;0;0
57423;27/06/2024;Northeast;prepaid;monthly;cable;27;1;47,62;1337,6;5.37;1;0;0;0
80055;2024-09-22;Northeast;prepaid;annual;cable;15;1;35,09;554,99;14.73;1;1;0;0
53921;26/01/2024;North;postpaid;annual;dsl;69;1;82,94;5208,94;18.18;1;0;0;0
31603;2024-09-07;Northeast;prepaid;monthly;dsl;25;0;62,74;1489,72;11.06;1;0;1;1
77588;28/06/2024;Northeast;postpaid;monthly;fiber;36;0;49,93;1955,06;9.36;1;0;0;0
85899;19/08/2024;Southeast;prepaid;annual;cable;67;0;53,6;3447,84;21.44;0;0;0;0
89912;30/04/2024;Northeast;postpaid;monthly;dsl;20;0;153,94;2834,61;17.03;2;1;0;0
71451;2024-02-28;North;prepaid;annual;fiber;63;1;44,24;2889,21;6.04;1;0;0;0
79628;2024-02-28;Southeast;prepaid;monthly;fiber;12;0;138,73;1624,69;15.89;1;0;0;0
62758;2024-03-05;North;postpaid;monthly;dsl;21;1;38,09;852,02;9.6;1;1;0;0
41595;2024-12-09;North;prepaid;monthly;dsl;28;1;36,09;1026,43;12.28;0;0;0;0
73816;2024-05-21;Southeast;prepaid;annual;cable;35;1;96,34;3703,61;26.51;0;0;0;0
38719;17/02/2024;Center-West;postpaid;annual;FIBRE;18;1;87,28;1638,91;3.51;1;0;0;0
24522;2024-07-16;South;prepaid;annual;cable;63;0;111,86;7258,32;2.24;1;1;0;0
20443;2024-12-07;South;prepaid;annual;fiber;48;0;135,4;6491,37;7.04;1;0;0;0
75770;2024-05-13;North;prepaid;monthly;dsl;48;1;76,47;3350,58;9.43;1;2;0;0
87925;23/04/2024;Center-West;prepaid;annual;fiber;52;1;59,16;2788,86;6.34;0;0;0;0
55639;24/09/2024;Northeast;postpaid;monthly;FIBRE;46;0;153,32;7403,68;14.91;0;0;0;1
12953;2024-09-02;Northeast;postpaid;monthly;FIBRE;46;1;54,8;2652,32;13.66;0;0;0;0
73568;2024-04-11;South;postpaid;monthly;fiber;47;1;149,77;6631,07;10.74;2;1;0;0
12689;2024-01-01;Center-West;prepaid;monthly;fiber;52;0;118,07;6203,08;12.81;0;0;0;0
58528;09/08/2024;Center-West;postpaid;annual;cable;66;0;73,41;4678,02;12.43;0;0;0;0
63483;2024-12-02;North;postpaid;monthly;fiber;14;0;77,14;1130,61;;1;0;0;0
97272;2024-03-30;North;prepaid;annual;dsl;37;0;85,59;3369,21;5.59;2;0;0;0
30544;2024-06-09;Southeast;postpaid;annual;dsl;14;0;118,66;1641,85;11.99;1;0;0;0
93156;2024-06-10;Northeast;postpaid;monthly;fiber;13;1;176,94;2387,56;20.26;1;1;0;1
21663;2024-06-20;Center-West;postpaid;monthly;cable;68;1;77,74;5139,45;9.08;0;0;0;0
97124;2024-06-04;North;prepaid;annual;dsl;34;1;171,28;5849,55;10.58;0;0;0;0
16363;2024-06-08;North;prepaid;monthly;dsl;50;1;60,77;3184,4;16.75;1;0;1;1
60595;05/07/2024;North;postpaid;annual;cable;52;0;46,94;2256,17;2.58;1;0;0;0
24259;2024-12-16;Southeast;postpaid;monthly;dsl;3;1;109,82;297,72;18.3;0;1;0;1
78461;2024-10-01;Northeast;prepaid;monthly;cable;35;1;176,47;6357,38;13.1;1;0;1;0
89880;2024-03-08;Northeast;prepaid;monthly;fiber;13;1;102,73;1412,71;15.74;0;0;1;0
53014;04/05/2024;Center-West;postpaid;monthly;fiber;23;0;149,99;3537,87;15.12;0;0;0;0
51838;2024-11-01;Center-West;prepaid;monthly;dsl;14;1;100,88;1322,64;3.87;1;0;0;0
29294;23/08/2024;North;prepaid;monthly;fiber;48;1;157,5;7566,43;4.2;1;0;1;1
99468;27/06/2024;Center-West;postpaid;monthly;dsl;10;0;151,91;1490,46;1.86;1;0;0;1
45641;2024-11-23;North;prepaid;annual;fiber;32;1;132,93;4631,73;3.86;1;0;0;0
22524;2024-06-23;Northeast;prepaid;monthly;fiber;22;1;122,31;2793,95;5.32;1;0;0;0
22989;24/04/2024;Northeast;prepaid;monthly;cable;69;1;107,72;7461,7;10.89;1;0;0;0
98885;2024-09-20;Center-West;postpaid;monthly;fiber;56;0;173,51;9518,11;20.92;0;0;1;0
89288;2024-07-06;Northeast;prepaid;monthly;FIBRE;26;1;113,61;2858,75;8.71;0;1;0;1
70716;2024-02-23;Southeast;postpaid;monthly;dsl;21;1;80,57;1568,38;;0;0;0;0
25160;2024-04-20;Southeast;postpaid;annual;dsl;51;1;162,33;8614,87;9.77;0;0;0;0
31026;2024-11-01;North;postpaid;monthly;cable;45;0;129,01;5851,11;13.89;1;0;0;0
47442;2024-10-30;North;postpaid;annual;fiber;40;1;113,73;4164,83;7.02;1;1;0;0
57013;2024-09-22;Northeast;postpaid;monthly;cable;6;0;132,33;779,57;10.07;0;0;0;0
64777;2024-04-15;North;prepaid;monthly;dsl;6;1;82,33;520,29;17.35;0;0;0;1
50793;02/03/2024;North;postpaid;monthly;cable;46;0;93,13;3980,06;21.3;1;0;0;0
57744;2024-12-25;Center-West;postpaid;annual;fiber;34;1;59,34;2129,43;20.39;1;0;0;0
53613;2024-07-06;South;postpaid;annual;fiber;59;1;158,25;9258,26;18.87;1;0;0;0
34830;25/01/2024;North;prepaid;monthly;dsl;3;1;129,84;355,96;19.74;2;0;0;1
82049;17/11/2024;North;prepaid;annual;dsl;14;0;153,64;2340,29;10.72;1;1;1;1
43248;2024-11-22;North;postpaid;monthly;fiber;57;1;77,61;4145,8;6.85;1;0;0;0
78223;22/06/2024;Center-West;prepaid;monthly;dsl;70;1;179,32;11402,68;12.81;1;0;0;0
16818;19/10/2024;Center-West;postpaid;annual;dsl;53;1;83,58;;13.74;0;0;0;0
25173;2024-11-14;North;prepaid;monthly;fiber;1;0;83,06;77,23;8.93;1;0;0;0
86203;2024-02-26;North;postpaid;monthly;dsl;4;0;174,1;633,55;7.12;0;0;0;1
53816;2024-08-01;North;postpaid;monthly;fiber;63;0;128,26;8359,26;20.06;0;0;0;1
63022;31/08/2024;Southeast;postpaid;annual;cable;36;1;170,02;5640,81;10.48;3;0;1;0
15260;2024-12-29;North;prepaid;monthly;dsl;36;0;123,47;4858,87;8.6;0;0;0;0
79742;2024-01-14;South;postpaid;annual;dsl;69;0;66,97;4909,18;9.13;0;0;0;0
27807;2024-02-16;Southeast;prepaid;monthly;cable;18;1;88,61;1713,49;11.81;3;0;0;0
87042;2024-01-20;Southeast;prepaid;annual;dsl;21;1;158,84;3448,37;6.93;3;0;0;1
16102;2024-12-03;North;postpaid;monthly;fiber;49;1;103,42;5113,44;13.57;0;0;0;1
26921;2024-07-26;Southeast;prepaid;annual;dsl;65;0;136,35;9189,83;1.18;2;1;1;0
85719;12/04/2024;Northeast;postpaid;monthly;cable;26;0;54,98;1454,15;;0;0;0;0
88527;2024-08-02;North;prepaid;monthly;fiber;11;1;89,97;1050,63;8.4;3;1;0;0
81766;04/04/2024;South;prepaid;monthly;dsl;4;0;155,92;584,43;14.14;2;0;0;1
31033;2024-04-23;Northeast;postpaid;annual; fiber ;1;0;171,15;158,57;8.46;0;0;0;0
35393;16/02/2024;North;prepaid;monthly;cable;27;1;78,65;2199,1;18.0;0;0;0;0
36005;2024-11-14;Northeast;postpaid;monthly;dsl;38;1;55,89;1996,27;21.1;4;0;0;0
17025;12/08/2024;Northeast;postpaid;annual;cable;35;0;33,51;1285,4;;1;0;0;1
91547;08/08/2024;Southeast;postpaid;monthly;dsl;17;1;49,11;776,41;5.91;2;0;0;0
38159;2024-04-28;South;postpaid;monthly;fiber;49;1;155,35;7858,16;10.02;0;1;1;0
32238;22/08/2024;North;postpaid;monthly;dsl;63;1;98,35;6565,01;17.66;0;1;0;0
66677;08/11/2024;Center-West;prepaid;monthly;cable;17;1;73,74;1199,46;5.59;2;2;0;0
99490;09/08/2024;Southeast;prepaid;monthly;fiber;48;0;146,35;7264,79;14.99;1;2;0;1
52204;2024-11-05;Southeast;postpaid;annual;fiber;39;1;149,02;6342,87;9.62;0;0;0;0
23536;2024-05-27;Center-West;postpaid;monthly;dsl;49;0;84,32;4506,51;15.59;1;1;1;0
50461;2024-10-10;Center-West;postpaid;monthly;dsl;2;1;165,21;307,16;13.5;0;1;0;1
49754;2024-01-26;Southeast;postpaid;annual;fiber;48;1;99,47;4406,07;7.4;1;0;0;0
26602;2024-10-13;North;postpaid;monthly;fiber;54;1;69,18;3589,76;9.72;0;0;0;0
48713;2024-07-24;Northeast;prepaid;monthly;fiber;49;1;164,96;7370,35;13.87;0;0;0;0
39673;2024-04-10;Southeast;postpaid;annual;dsl;60;1;52,94;2948,2;17.24;2;0;0;0
18744;2024-10-28;South;postpaid;monthly;fiber;54;1;179,39;9462,14;9.69;1;0;0;1
71515;07/08/2024;South;postpaid;monthly;fiber;70;1;121,99;7706,77;17.63;0;0;0;0
25840;26/11/2024;Northeast;prepaid;annual;cable;48;1;167,3;7339,56;28.16;0;0;0;0
31743;2024-09-14;South;prepaid;annual;FIBRE;32;0;56,83;1987,68;18.3;1;0;0;0
43159;19/02/2024;North;prepaid;annual;dsl;60;0;88,37;5534,75;10.56;2;1;1;0
86425;24/12/2024;South;postpaid;annual;fiber;50;1;160,99;7747,38;10.35;1;0;1;0
75175;2024-09-24;Northeast;postpaid;monthly;fiber;40;1;155,57;5750,22;4.06;1;0;0;0
90410;2024-11-06;Southeast;prepaid;monthly;dsl;42;0;160,78;6724,67;9.42;0;0;0;1
26783;17/03/2024;South;postpaid;annual;dsl;25;1;72,07;1836,79;;1;0;0;0
89691;2024-09-01;South;postpaid;annual;cable;44;1;122,64;5151,93;17.23;2;1;0;1
33765;2024-03-16;Center-West;prepaid;annual;fiber;34;1;88,44;3047,2;5.41;0;1;0;0
47038;23/08/2024;Center-West;postpaid;monthly;fiber;10;1;78,12;773,82;13.37;2;0;0;0
16160;2024-01-24;North;postpaid;annual;fiber;32;0;108,02;3551,27;19.39;2;0;0;0
91533;24/01/2024;Southeast;prepaid;monthly;dsl;68;1;137,26;9183,11;5.27;0;0;0;1
43241;20/12/2024;Northeast;postpaid;monthly; fiber ;24;1;107,78;2587,99;12.37;2;0;0;0
70945;13/02/2024;North;postpaid;monthly;cable;49;1;64,57;2924,87;7.57;0;0;0;0
77782;2024-09-30;Center-West;prepaid;monthly;dsl;30;1;151,12;4274,0;4.62;1;1;0;1
43251;09/09/2024;South;prepaid;annual; fiber ;21;0;176,67;3686,16;9.82;1;1;0;1
32401;03/05/2024;Center-West;postpaid;monthly;fiber;28;1;84,43;2378,23;3.72;2;0;0;0
58398;2024-01-15;Center-West;prepaid;annual;fiber;69;1;157,39;11453,78;7.42;2;0;0;0
93524;2024-11-08;South;postpaid;monthly;dsl;8;0;159,58;1195,55;10.95;0;2;0;1
30553;2024-08-08;Northeast;postpaid;monthly;dsl;48;0;69,08;3446,46;17.28;0;0;0;0
75128;2024-02-22;South;postpaid;monthly;cable;59;0;135,8;7941,8;5.55;0;0;0;0
96637;2024-07-24;South;postpaid;monthly;dsl;14;1;170,76;2165,67;9.05;2;0;1;1
16768;2024-05-04;South;postpaid;annual;fiber;54;0;140,98;6930,23;17.46;0;0;0;0
54233;2024-08-10;Northeast;postpaid;monthly;fiber;46;1;34,5;1593,48;6.63;0;0;0;0
21353;19/01/2024;South;prepaid;monthly;fiber;24;1;120,68;2997,64;4.81;2;0;0;0
29517;29/03/2024;Northeast;prepaid;monthly;cable;13;0;146,77;2046,13;20.85;2;1;0;0
57300;2024-06-08;North;prepaid;monthly;dsl;68;1;122,72;7898,69;10.19;0;0;0;0
31265;2024-11-29;Northeast;prepaid;monthly;cable;14;1;34,31;510,82;;2;0;0;0
21383;02/04/2024;Center-West;prepaid;annual;cable;68;1;48,03;3054,31;7.27;2;0;0;0
58157;2024-03-08;Southeast;prepaid;monthly;FIBRE;47;1;150,24;7274,39;;2;0;0;1
81316;27/12/2024;Center-West;prepaid;monthly;dsl;61;0;103,21;5880,16;17.7;1;0;0;0
11252;2024-07-03;Southeast;prepaid;annual;dsl;22;1;173,7;3917,82;7.74;1;0;1;0
10607;2024-03-10;North;prepaid;annual;fiber;3;1;92,25;264,17;14.84;0;0;0;0
68443;23/01/2024;South;postpaid;monthly;fiber;47;0;153,26;7027,86;6.92;1;0;0;0
33184;2024-03-03;Northeast;postpaid;annual;dsl;27;1;35,32;981,59;20.61;0;0;1;0
22882;2024-04-28;Northeast;postpaid;annual;cable;40;1;156,15;6284,04;6.94;0;0;0;0
15756;2024-01-18;Center-West;postpaid;monthly;fiber;33;1;158,86;4811,28;21.33;3;0;0;0
83249;2024-02-14;North;postpaid;monthly;cable;23;1;84,31;1984,77;;2;0;0;1
66188;03/07/2024;Center-West;postpaid;annual;cable;52;0;76,42;4023,63;9.19;0;0;0;0
33572;2024-11-08;South;prepaid;annual;cable;36;0;166,49;;22.8;0;0;0;0
99947;2024-01-29;South;postpaid;annual;fiber;46;1;146,66;7221,5;7.5;0;0;0;0
17669;2024-09-23;South;prepaid;monthly;fiber;48;1;119,69;5396,77;27.96;1;0;0;0
35623;05/10/2024;North;postpaid;annual;dsl;49;0;95,45;4839,69;14.9;1;0;0;0
61576;2024-11-24;Northeast;postpaid;monthly;fiber;24;0;166,81;3885,77;5.08;1;1;0;0
33400;01/06/2024;Center-West;prepaid;annual;fiber;55;0;142,08;7401,82;8.39;1;1;1;0
26139;2024-10-12;South;postpaid;annual;dsl;16;0;92,53;1543,58;9.47;0;0;0;0
59558;2024-12-28;South;prepaid;monthly;fiber;68;1;104,51;7126,49;28.4;1;1;0;0
73793;27/08/2024;Center-West;prepaid;monthly;fiber;58;0;44,76;2800,64;;0;0;0;0
25550;2024-01-26;North;prepaid;monthly;cable;40;1;151,61;5749,77;17.34;0;0;0;0
47934;2024-05-20;South;prepaid;annual;fiber;13;1;156,26;;7.67;0;0;0;0
51434;2024-06-10;Center-West;prepaid;monthly;cable;65;1;83,35;5421,65;9.98;0;1;0;0
17801;2024-09-09;North;postpaid;annual;fiber;40;1;76,45;3233,98;15.13;1;0;0;0
37437;2024-12-20;Center-West;postpaid;monthly;fiber;58;1;67,84;3948,33;15.56;1;0;0;0
28171;2024-01-23;Center-West;postpaid;monthly;fiber;2;0;56,02;110,4;10.36;1;1;0;0
21155;06/06/2024;Center-West;postpaid;monthly;fiber;24;0;172,17;4251,68;9.64;1;0;0;0
67056;26/10/2024;North;prepaid;annual;fiber;22;1;143,86;3185,11;15.21;1;2;0;0
44412;2024-05-06;Northeast;prepaid;monthly;cable;58;1;95,01;5662,26;22.9;0;0;0;0
31505;2024-12-04;Center-West;postpaid;monthly;cable;33;1;46,53;1614,65;0.59;0;0;0;0
90012;2024-02-19;South;postpaid;monthly;fiber;9;0;50,92;502,46;3.8;0;0;0;0
44629;02/05/2024;Southeast;prepaid;annual; fiber ;44;0;136,47;5697,82;15.34;3;1;1;1
16524;2024-08-09;South;prepaid;annual;dsl;12;1;60,46;740,32;8.23;0;0;0;0
51059;2024-08-15;Northeast;postpaid;monthly;fiber;32;1;82,18;2683,21;6.32;1;1;1;0
62552;2024-04-24;North;postpaid;monthly; fiber ;71;1;173,55;11655,43;4.36;0;1;0;0
16325;2024-10-29;Southeast;prepaid;monthly;fiber;31;1;117,18;3968,3;6.7;1;0;0;0
66966;2024-07-27;North;prepaid;monthly;fiber;31;0;151,25;4958,58;11.3;3;0;0;1
31980;2024-06-22;Southeast;prepaid;annual;dsl;3;1;45,58;129,18;9.73;0;0;0;0
76927;02/12/2024;North;postpaid;monthly;fiber;33;0;79,56;2878,01;10.4;2;1;1;1
35765;03/06/2024;North;postpaid;monthly;dsl;69;0;164,34;10716,42;10.17;4;0;0;0
49199;2024-07-28;Northeast;postpaid;annual;fiber;68;1;151,57;9797,06;14.41;2;0;0;0
75511;2024-09-05;North;prepaid;monthly;FIBRE;69;1;138,52;8627,32;15.12;1;0;0;0
40104;2024-01-23;North;postpaid;monthly;dsl;26;0;118,11;2832,89;5.43;1;1;0;0
89927;2024-03-02;Northeast;postpaid;monthly; fiber ;5;0;70,34;322,1;8.8;1;0;0;0
87547;2024-06-29;Northeast;postpaid;monthly;cable;17;1;117,82;2176,65;27.2;0;0;0;1
87850;27/06/2024;Center-West;postpaid;annual;dsl;16;0;37,61;644,69;5.59;2;0;0;0
59921;2024-09-15;South;prepaid;monthly;cable;6;1;60,34;375,13;12.33;1;0;0;0
26136;2024-07-30;North;prepaid;monthly;fiber;51;1;107,74;5370,74;16.09;0;2;0;0
45166;2024-08-06;South;postpaid;monthly;fiber;38;1;30,3;1209,4;19.43;0;0;1;0
20054;2024-08-30;North;postpaid;annual;fiber;52;1;64,83;3359,81;14.16;3;0;0;0
58336;2024-02-19;Southeast;postpaid;monthly;dsl;15;0;52,84;865,7;9.15;1;1;0;0
68053;29/06/2024;North;postpaid;monthly;dsl;50;0;81,83;3709,25;7.51;1;1;0;0
78876;2024-06-04;Southeast;prepaid;monthly;fiber;5;1;158,75;715,56;13.97;0;1;0;0
81200;2024-09-11;North;prepaid;monthly;fiber;52;1;172,11;8735,77;16.9;2;0;0;1
18268;2024-07-12;Center-West;postpaid;monthly;fiber;58;0;54,76;3392,84;22.28;1;1;0;0
63378;2024-06-22;Center-West;prepaid;monthly; fiber ;19;0;64,66;1273,16;20.39;1;0;0;0
33496;20/05/2024;North;postpaid;annual;fiber;24;1;157,03;3636,15;17.68;1;0;0;0
21438;2024-11-13;Southeast;prepaid;monthly;dsl;31;0;55,9;1594,01;4.57;2;1;0;0
50922;2024-12-03;South;prepaid;annual;cable;42;1;141,2;6005,17;5.51;0;0;1;0
79308;2024-09-23;Southeast;postpaid;monthly;fiber;38;1;42,82;1647,14;35.02;1;0;0;0
12969;2024-12-25;Northeast;prepaid;monthly;fiber;8;0;127,25;922,58;10.35;0;2;0;0
13827;2024-01-13;Center-West;postpaid;monthly;fiber;27;0;69,86;2010,48;13.16;1;0;0;0
69047;2024-10-04;North;postpaid;monthly;fiber;36;0;142,43;5390,86;2.34;1;0;1;0
97594;2024-07-08;Southeast;postpaid;annual;dsl;44;0;107,91;;18.21;0;0;0;0
88588;2024-12-02;Southeast;postpaid;annual;fiber;45;0;56,83;2390,0;11.61;0;0;0;0
74338;2024-05-04;Center-West;postpaid;annual;cable;48;1;90,33;4363,36;11.34;0;1;0;0
20233;2024-12-08;South;postpaid;monthly;cable;32;1;107,15;3517,97;33.4;1;0;0;0
81128;2024-03-20;Southeast;prepaid;annual;fiber;36;0;179,4;6989,28;14.2;2;0;0;0
20390;07/05/2024;Southeast;prepaid;monthly;cable;24;1;102,05;2319,6;9.77;0;0;0;0
85436;2024-06-01;South;postpaid;monthly;dsl;20;0;52,69;1113,39;11.42;0;0;0;0
16567;2024-05-04;Northeast;postpaid;monthly;cable;23;1;113,28;2607,24;7.84;1;0;0;0
66688;2024-04-24;Center-West;postpaid;monthly;fiber;32;0;63,03;1836,9;5.89;1;0;1;1
73434;2024-01-16;South;postpaid;annual;cable;8;1;161,93;1373,42;10.23;1;0;0;0
39537;2024-04-14;Northeast;postpaid;annual;fiber;16;0;155,11;2520,81;4.01;1;0;0;1
89061;2024-03-19;Southeast;prepaid;monthly;fiber;9;0;49,3;403,65;8.8;0;0;1;1
43718;2024-04-14;Southeast;postpaid;monthly;cable;30;1;118,26;3677,25;1.99;2;1;0;0
14748;2024-02-26;Southeast;prepaid;annual;fiber;36;1;134,48;4897,26;17.88;0;0;0;0
18576;2024-11-24;Center-West;prepaid;annual;FIBRE;12;1;67,75;;29.04;2;1;0;1
94040;2024-03-02;North;postpaid;annual;fiber;10;1;123,96;1138,18;10.18;0;2;0;1
99445;2024-01-12;Center-West;postpaid;monthly;fiber;38;1;99,4;4072,33;6.31;1;0;0;0
83422;2024-02-27;Southeast;prepaid;monthly;fiber;16;1;102,31;1777,7;12.34;0;0;1;1
20070;28/01/2024;Southeast;postpaid;annual;fiber;62;0;112,69;7596,47;19.27;0;0;1;0
28700;02/05/2024;Center-West;postpaid;monthly;dsl;12;1;115,52;1422,86;7.14;1;0;1;1
96705;24/09/2024;Southeast;postpaid;annual;cable;35;1;136,47;4359,18;15.36;0;0;0;0
24597;2024-08-25;Southeast;postpaid;annual;fiber;57;1;97,86;;4.29;0;0;0;0
18419;26/08/2024;North;prepaid;annual;cable;8;0;138,4;1181,2;12.2;0;0;0;0
36149;2024-11-11;Northeast;postpaid;monthly;dsl;32;1;102,89;3617,56;16.05;1;0;0;0
67225;2024-01-29;South;prepaid;annual;dsl;34;1;129,42;4454,64;3.66;0;0;0;0
47614;2024-03-07;North;prepaid;annual;dsl;40;1;69,47;2698,79;16.19;3;0;0;0
30218;2024-10-25;Northeast;prepaid;monthly;cable;63;1;111,26;6940,25;9.59;1;0;0;0
58320;2024-08-25;North;prepaid;monthly;fiber;42;0;100,2;4271,21;24.03;1;0;0;0
62254;2024-12-14;South;postpaid;monthly;dsl;27;0;75,33;2166,36;;0;0;0;0
53652;2024-07-07;Southeast;prepaid;monthly;cable;29;0;39,35;1242,63;16.75;0;0;0;1
12101;03/06/2024;North;postpaid;annual;dsl;45;1;106,53;4529,6;27.31;1;0;0;0
23796;2024-08-24;Center-West;prepaid;annual;fiber;22;1;31,46;657,45;9.59;1;0;0;0
98234;2024-03-11;Northeast;prepaid;monthly;dsl;49;1;88,47;4626,46;2.88;3;1;0;0
22202;2024-01-03;Center-West;postpaid;monthly;dsl;28;0;85,6;2377,9;6.25;1;0;0;0
69973;2024-05-08;Southeast;postpaid;monthly;fiber;5;0;125,06;597,17;11.12;0;1;0;1
82678;2024-11-03;Southeast;postpaid;monthly;dsl;38;0;178,11;6254,55;36.38;0;0;0;0
91942;20/04/2024;North;postpaid;monthly;cable;18;0;158,7;2675,98;23.71;1;0;0;1
69382;2024-05-22;Southeast;prepaid;annual;dsl;26;0;176,26;4429,34;7.21;0;0;0;0
93561;19/05/2024;North;postpaid;annual;fiber;23;1;172,64;;9.4;0;0;0;0
55314;2024-10-13;Center-West;postpaid;annual;dsl;10;0;41,12;449,97;15.7;1;1;0;0
33354;05/03/2024;South;prepaid;annual;dsl;21;1;72,29;1532,28;21.22;1;0;1;0
53149;2024-05-04;North;postpaid;monthly;fiber;65;1;74,55;5159,14;3.85;1;0;0;0
16157;2024-12-16;Northeast;postpaid;annual;dsl;23;0;40,65;923,76;15.81;0;0;0;0
36314;17/12/2024;Southeast;postpaid;monthly;fiber;53;1;157,0;9082,86;11.21;1;0;0;0
53299;12/02/2024;Center-West;postpaid;monthly;cable;30;1;164,3;4853,7;3.25;1;1;0;0
45262;2024-09-02;South;postpaid;monthly;dsl;5;1;120,75;591,46;8.59;1;1;0;0
40442;2024-10-17;Center-West;prepaid;monthly;cable;60;0;163,65;10265,28;7.56;2;0;0;1
62277;2024-12-04;Northeast;postpaid;monthly;dsl;65;1;137,16;9026,84;7.44;0;1;0;1
82883;2024-06-18;Southeast;prepaid;monthly;FIBRE;17;1;96,08;1570,1;21.18;1;1;0;0
65927;31/05/2024;Northeast;prepaid;monthly;dsl;13;1;52,48;614,15;13.59;2;1;1;0
80487;2024-11-14;Southeast;prepaid;annual;fiber;67;1;173,77;10765,99;8.66;3;0;0;0
68919;2024-04-18;North;postpaid;monthly;dsl;7;1;133,84;891,94;7.49;0;0;0;0
16831;02/10/2024;Center-West;postpaid;monthly;fiber;64;0;83,13;4902,46;12.47;2;1;0;0
74240;2024-06-14;Center-West;postpaid;annual;dsl;13;1;49,29;642,97;8.31;0;1;0;1
81614;2024-07-30;Center-West;postpaid;monthly;dsl;62;1;149,85;8990,16;16.18;0;2;0;0
76886;2024-02-22;North;postpaid;monthly;fiber;67;0;150,3;10471,85;9.85;0;0;1;0
89545;2024-08-04;North;postpaid;annual;fiber;18;1;111,45;1995,89;2.69;0;1;0;1
10207;21/03/2024;South;prepaid;monthly;fiber;16;0;179,99;2713,28;3.99;1;0;0;1
51869;2024-05-21;Center-West;postpaid;monthly;fiber;8;1;87,96;695,11;6.85;1;0;0;0
23374;17/05/2024;North;prepaid;monthly;fiber;56;1;171,31;10032,05;9.76;0;1;0;0
77447;05/06/2024;Northeast;prepaid;monthly;cable;25;0;124,54;3126,09;13.57;1;1;0;1
87586;2024-05-03;South;prepaid;annual;cable;46;0;140,46;6364,65;12.99;1;0;0;0
73735;21/12/2024;Northeast;prepaid;monthly;cable;44;0;167,56;7164,96;25.18;0;0;1;0
74835;2024-01-16;South;postpaid;annual;fiber;37;0;154,67;5943,68;1.49;1;0;0;0
33878;2024-08-06;Northeast;postpaid;annual;fiber;18;1;73,3;1376,03;1.25;0;1;0;0
33704;19/03/2024;Southeast;prepaid;annual; fiber ;26;1;160,09;4269,94;3.57;1;0;0;0
59078;21/04/2024;Southeast;postpaid;monthly;dsl;36;0;110,96;4050,17;5.81;0;0;0;0
87678;2024-08-13;South;prepaid;monthly;dsl;7;0;36,72;249,78;16.63;0;1;0;1
28410;2024-01-21;North;prepaid;annual;dsl;29;1;131,07;3988,31;12.39;1;0;0;0
48383;2024-11-23;Northeast;prepaid;annual;fiber;51;1;104,95;5756,5;3.59;1;1;0;0
17520;2024-09-19;South;prepaid;monthly;dsl;30;1;110,49;3066,81;5.88;0;0;1;0
68632;2024-03-13;Southeast;prepaid;monthly;cable;29;0;91,73;2883,88;6.17;1;0;1;0
34305;2024-11-23;South;prepaid;annual;fiber;60;0;39,61;2249,43;5.24;1;0;0;0
37043;2024-03-18;North;prepaid;monthly;cable;38;1;57,03;2008,7;8.34;0;0;1;0
42193;2024-10-07;North;prepaid;monthly;dsl;53;1;143,47;7857,75;7.11;1;0;0;0
88605;29/09/2024;Northeast;postpaid;annual;fiber;4;0;65,13;257,3;7.49;2;3;0;1
49272;2024-07-20;South;prepaid;monthly;cable;66;1;124,16;8981,01;3.78;0;0;0;0
14875;20/08/2024;Northeast;prepaid;monthly;cable;56;0;111,28;6125,04;13.54;0;0;0;0
65699;2024-06-29;Northeast;postpaid;annual;dsl;59;0;63,21;3844,36;10.03;0;0;0;0
94396;2024-11-19;Northeast;prepaid;annual;FIBRE;50;0;72,09;3351,28;6.76;0;0;1;0
93004;15/01/2024;North;postpaid;monthly;fiber;39;1;87,54;3359,07;4.48;0;0;0;0
59943;2024-02-23;Center-West;prepaid;annual;dsl;38;0;162,03;6380,55;7.9;1;0;0;0
97726;2024-10-12;South;postpaid;monthly;fiber;45;0;171,2;7119,9;2.78;0;0;0;0
16653;2024-11-25;Northeast;postpaid;monthly;fiber;36;1;88,01;3215,83;12.51;0;0;0;0
76261;2024-07-08;Southeast;postpaid;annual;fiber;52;1;36,92;2094,54;13.12;1;0;0;0
88581;2024-04-11;Southeast;postpaid;monthly;fiber;24;1;120,13;2766,56;9.71;4;1;0;1
23178;2024-08-10;Center-West;prepaid;monthly;dsl;55;1;92,64;5199,2;24.51;0;0;0;0
13510;2024-04-10;North;prepaid;annual;dsl;25;1;103,85;2662,98;13.38;1;0;0;0
67033;2024-04-16;Northeast;prepaid;monthly;fiber;34;1;96,29;3493,61;15.71;0;1;0;0
90582;02/06/2024;Northeast;postpaid;monthly;dsl;5;0;128,19;596,36;12.86;2;0;0;1
38646;10/02/2024;Northeast;prepaid;annual;fiber;64;0;75,67;5051,11;12.94;0;0;0;0
53329;2024-12-17;South;prepaid;monthly;fiber;49;0;163,89;8116,28;11.03;1;1;1;0
99133;2024-07-29;Southeast;postpaid;annual;fiber;18;0;93,19;1692,4;15.36;1;0;0;0
96808;2024-02-07;Southeast;prepaid;monthly; fiber ;4;1;81,25;333,89;10.47;0;1;0;0
88746;31/01/2024;Center-West;prepaid;monthly;fiber;61;0;168,44;10876,73;4.79;0;0;0;0
23205;14/08/2024;South;postpaid;annual;dsl;1;1;83,72;87,38;16.51;1;0;0;1
10696;2024-01-02;North;prepaid;monthly; fiber ;35;1;42,46;1353,74;12.67;1;0;0;0
87270;2024-11-06;North;postpaid;annual;dsl;3;0;53,3;159,24;5.1;0;1;0;1
10585;2024-09-16;Southeast;postpaid;annual;fiber;50;0;137,14;7091,55;9.35;0;1;0;0
47392;11/12/2024;North;postpaid;annual;dsl;15;1;114,35;1546,59;3.25;0;0;0;0
22559;2024-07-10;Southeast;prepaid;monthly;dsl;31;0;110,19;3279,56;20.79;1;0;1;0
28347;08/10/2024;Southeast;prepaid;monthly; fiber ;41;1;42,3;1600,3;12.17;1;0;1;1
72981;01/12/2024;Southeast;postpaid;annual;dsl;27;0;54,61;1420,39;4.14;1;1;1;1
30063;2024-01-24;Center-West;postpaid;monthly;dsl;49;1;89,43;4609,27;8.7;0;1;0;0
23856;29/05/2024;North;postpaid;annual;FIBRE;37;1;97,2;3801,4;4.84;0;0;0;0
12281;2024-10-26;Center-West;prepaid;annual;dsl;30;1;86,49;2682,7;7.06;0;1;0;0
87937;2024-02-14;North;prepaid;monthly;dsl;23;1;105,41;2247,57;12.99;0;0;0;0
73180;2024-10-10;South;prepaid;monthly;fiber;30;0;140,03;4389,25;16.22;0;1;0;1
68653;17/09/2024;Northeast;prepaid;annual;cable;23;0;125,36;3014,16;4.35;1;0;0;0
90546;2024-12-11;Center-West;prepaid;monthly;fiber;41;0;121,69;4533,99;20.8;3;0;0;0
51423;07/06/2024;North;postpaid;monthly;dsl;55;0;113,67;6317,73;18.42;0;3;0;0
32845;2024-03-06;Southeast;prepaid;monthly;cable;43;1;60,14;2587,42;7.68;1;0;0;0
47220;24/05/2024;South;postpaid;annual;cable;3;0;120,7;372,8;6.19;1;0;0;0
90360;2024-07-02;Center-West;postpaid;monthly;dsl;60;1;53,77;3348,17;14.99;0;0;0;1
50373;30/08/2024;North;prepaid;monthly;dsl;56;1;136,94;7003,15;33.26;0;1;1;0
33553;24/05/2024;Center-West;postpaid;annual;fiber;59;0;97,84;5482,6;9.97;0;0;0;0
28324;2024-06-27;North;postpaid;annual;fiber;4;0;117,22;499,38;7.29;2;0;0;1
48451;2024-09-10;Southeast;prepaid;annual;cable;59;1;159,42;9441,64;6.75;0;1;1;0
83674;2024-04-29;Center-West;postpaid;monthly;fiber;34;0;85,96;3106,48;0.88;1;0;1;0
58004;28/02/2024;Northeast;postpaid;annual;cable;60;0;44,96;2565,8;;0;1;0;0
35662;2024-09-22;Northeast;postpaid;annual;fiber;56;1;163,71;9971,76;1.13;0;1;0;0
21684;2024-01-16;Center-West;postpaid;annual; fiber ;63;0;84,75;5299,68;16.73;1;0;0;0
40446;2024-08-28;Southeast;postpaid;monthly;fiber;9;1;90,98;816,62;19.66;0;0;0;0
56106;2024-04-25;Center-West;prepaid;monthly;dsl;40;1;74,4;2853,22;7.56;0;0;1;0
51094;04/12/2024;South;postpaid;monthly;fiber;52;1;93,03;5121,59;9.3;1;1;0;0
50352;20/09/2024;Center-West;postpaid;monthly;fiber;43;0;108,15;4833,55;5.74;2;0;0;0
76313;23/08/2024;Southeast;postpaid;monthly;cable;58;0;156,5;9738,28;5.97;0;0;0;0
13226;2024-08-21;North;postpaid;annual;dsl;52;1;138,02;7067,75;;0;1;0;0
43339;2024-07-23;Northeast;postpaid;monthly;dsl;3;1;106,99;341,27;11.72;2;0;1;1
52791;2024-04-18;Southeast;postpaid;annual;fiber;15;1;144,58;2142,86;25.26;3;1;0;1
48694;2024-07-12;Southeast;prepaid;monthly;fiber;46;1;157,17;6946,07;3.38;2;1;0;0
93346;04/08/2024;Center-West;postpaid;annual;dsl;26;1;38,72;1104,65;8.84;2;0;0;0
29808;2024-12-17;Southeast;prepaid;monthly;fiber;26;0;118,83;2949,2;11.37;1;0;0;0
76105;2024-07-12;Northeast;postpaid;annual;fiber;65;1;36,49;2228,96;8.19;0;1;0;0
72074;01/08/2024;Center-West;postpaid;monthly;cable;7;0;76,22;542,7;13.53;0;0;0;1
51784;2024-04-24;Northeast;postpaid;annual;FIBRE;38;0;144,36;5777,55;17.51;3;1;0;0
33287;2024-04-24;North;prepaid;monthly;cable;23;1;148,69;3172,74;8.3;1;0;0;0
38069;2024-01-08;North;postpaid;monthly;fiber;4;0;162,57;689,5;9.12;3;0;0;0
97796;30/12/2024;Northeast;prepaid;annual;fiber;27;0;104,74;;6.95;1;0;0;1
71580;2024-07-03;North;prepaid;monthly;fiber;29;1;42,62;1239,16;13.97;1;0;0;0
52064;23/03/2024;North;prepaid;annual;cable;33;1;49,02;1768,38;;0;1;0;0
69660;2024-01-04;Southeast;postpaid;monthly;dsl;12;0;66,65;741,8;16.68;1;1;0;1
63050;2024-07-23;Northeast;prepaid;monthly;dsl;52;0;85,83;4526,92;6.33;1;1;0;1
60669;2024-09-15;Northeast;postpaid;monthly;fiber;26;0;108,98;3051,16;12.17;0;1;1;1
93269;2024-01-03;Northeast;prepaid;monthly;cable;41;1;126,89;5157,52;;0;1;0;0
76046;2024-03-19;Southeast;postpaid;monthly;dsl;39;0;54,38;2259,14;21.43;0;0;1;0
26523;2024-08-13;Northeast;postpaid;monthly;dsl;41;1;58,35;2466,4;2.9;0;0;1;0
62768;2024-04-25;Northeast;postpaid;annual;dsl;36;0;55,95;1917,63;17.69;1;0;0;0
40315;19/06/2024;Southeast;postpaid;annual;dsl;22;1;143,24;3403,61;5.44;0;0;0;1
25667;2024-02-11;Center-West;postpaid;monthly;dsl;35;0;75,31;2567,88;17.37;2;0;0;1
71059;24/08/2024;North;postpaid;monthly;FIBRE;38;1;55,01;1900,47;;1;0;0;0
86067;22/07/2024;North;postpaid;monthly;cable;2;1;94,71;179,24;10.29;0;0;0;0
62802;19/12/2024;Northeast;prepaid;annual;FIBRE;52;0;67,13;3699,67;7.32;0;0;1;0
43471;2024-02-11;North;prepaid;monthly;cable;32;1;85,39;2851,94;16.49;0;0;0;0
89725;27/10/2024;North;postpaid;annual;fiber;21;1;153,6;3334,11;4.72;1;1;0;1
77623;2024-06-09;South;postpaid;monthly;FIBRE;3;1;80,08;220,46;3.52;1;0;0;1
64804;2024-12-08;Center-West;postpaid;annual; fiber ;22;0;56,23;1303,59;11.4;0;0;1;0
73494;2024-08-31;Center-West;postpaid;annual;dsl;29;1;64,87;1922,85;5.14;0;0;0;0
72305;08/08/2024;Southeast;prepaid;monthly;fiber;60;0;35,15;1953,01;13.01;1;0;0;0
35016;19/12/2024;Northeast;postpaid;monthly;cable;46;0;165,17;7509,76;12.16;1;1;0;1
98394;2024-09-26;Southeast;postpaid;monthly;dsl;30;0;134,55;3889,04;9.85;0;0;0;0
75344;2024-07-06;South;postpaid;monthly;fiber;9;1;99,5;933,65;10.18;2;0;0;0
57083;29/04/2024;Center-West;postpaid;monthly;dsl;20;0;114,13;;12.94;0;2;0;0
50154;2024-03-24;Southeast;postpaid;annual;dsl;66;0;68,11;4658,73;9.3;3;0;0;0
54558;2024-03-28;South;postpaid;monthly;cable;10;0;90,55;981,11;6.73;2;0;0;0
67613;2024-09-07;South;postpaid;monthly;FIBRE;45;0;77,98;3458,42;8.95;1;0;1;0
67044;2024-03-26;Northeast;prepaid;monthly;cable;37;0;153,68;6113,99;8.92;0;0;0;0
47994;2024-04-21;North;postpaid;monthly;fiber;16;1;141,51;2196,71;10.42;1;0;0;0
31828;2024-09-10;North;postpaid;annual;dsl;63;1;72,58;4403,71;29.18;0;0;0;0
52389;2024-04-11;Center-West;postpaid;monthly;dsl;28;1;144,34;3763,44;8.86;2;1;1;1
85578;19/10/2024;North;prepaid;monthly;fiber;47;1;44,09;2166,73;21.06;0;2;0;0
29181;2024-08-19;Northeast;postpaid;monthly;fiber;7;0;60,39;443,39;17.71;0;0;0;0
77076;17/01/2024;Southeast;prepaid;annual;dsl;69;1;45,96;2937,35;5.46;0;1;0;0
99570;2024-01-22;South;postpaid;annual;fiber;2;1;65,74;142,74;4.7;1;0;0;0
71210;04/09/2024;Center-West;prepaid;monthly;fiber;23;1;63,93;1434,43;11.27;1;0;1;0
23810;2024-05-21;Center-West;prepaid;annual;fiber;66;0;165,08;11223,12;17.4;3;0;0;0
33323;16/03/2024;Northeast;postpaid;annual;dsl;46;1;79,11;3902,3;9.45;2;0;0;0
32940;2024-05-14;South;prepaid;annual;fiber;48;0;83,28;4000,68;11.4;0;0;0;0
44006;2024-02-15;Southeast;prepaid;monthly;fiber;23;0;44,96;1112,86;10.99;1;0;0;0
69714;2024-02-25;Center-West;postpaid;annual;cable;56;1;39,9;2350,49;23.92;1;0;0;0
21395;2024-10-28;Northeast;postpaid;monthly;dsl;67;1;62,91;4109,43;16.59;0;1;0;0
34786;2024-08-09;South;prepaid;monthly;dsl;45;1;50,18;2234,4;7.47;1;2;0;0
60654;2024-12-27;North;postpaid;monthly;dsl;16;1;81,69;1344,04;3.63;0;0;0;0
69131;2024-10-08;Northeast;postpaid;monthly;FIBRE;65;1;57,91;4048,83;9.92;2;0;0;0
33899;10/01/2024;North;postpaid;monthly;fiber;1;1;56,73;62,26;9.51;0;0;1;0
98917;22/04/2024;Center-West;prepaid;monthly;fiber;64;1;127,13;7581,65;36.91;2;1;1;0
94354;24/10/2024;Southeast;prepaid;annual;fiber;1;1;171,32;175,48;10.41;0;1;0;0
25630;2024-05-16;South;postpaid;annual;fiber;5;0;31,87;172,32;10.54;1;1;0;0
51265;15/06/2024;Southeast;postpaid;monthly;dsl;3;0;135,83;389,11;8.31;3;0;0;1
99664;2024-05-18;Northeast;prepaid;monthly; fiber ;14;0;128,88;1804,69;8.02;0;1;0;0
66781;2024-04-09;Northeast;postpaid;annual;fiber;52;0;117,76;6370,48;16.53;1;0;0;0
42277;31/07/2024;Center-West;prepaid;monthly;cable;29;0;133,84;3858,68;15.63;0;1;0;0
67304;2024-01-30;North;postpaid;monthly; fiber ;6;0;106,3;595,84;8.93;0;1;0;0
69315;06/10/2024;Southeast;postpaid;annual;dsl;25;1;169,04;3964,08;14.21;1;0;0;0
21360;04/02/2024;North;postpaid;monthly;fiber;71;1;53,73;3886,39;10.96;0;0;0;0
12718;2024-02-22;Southeast;postpaid;monthly;dsl;38;1;101,03;4214,39;11.48;0;0;1;0
67006;2024-09-16;Northeast;prepaid;annual;fiber;52;1;127,96;6137,37;5.75;1;0;0;0
95952;06/01/2024;Northeast;postpaid;annual;fiber;19;0;166,3;3153,92;14.91;2;0;0;0
61579;2024-05-10;Center-West;prepaid;monthly;cable;37;1;103,12;3500,68;8.89;2;0;1;1
72077;2024-09-28;South;postpaid;annual;FIBRE;57;0;176,55;10582,95;19.77;0;0;0;0
80448;2024-04-22;South;postpaid;annual;fiber;48;0;128,47;6548,8;4.1;2;1;0;0
87912;2024-05-05;Southeast;prepaid;monthly;fiber;1;1;134,88;140,32;8.43;3;1;0;1
24486;2024-12-14;North;prepaid;annual;dsl;44;1;152,73;6938,47;4.29;1;1;0;0
67197;10/07/2024;North;prepaid;monthly;fiber;57;1;140,09;8500,65;17.11;0;1;0;1
21873;22/05/2024;Northeast;prepaid;monthly;dsl;10;0;108,39;1131,25;12.4;0;1;1;1
49508;30/08/2024;Northeast;prepaid;monthly;dsl;28;0;145,89;4175,05;4.11;0;1;0;0
78774;2024-07-17;Southeast;postpaid;monthly;dsl;46;0;35,36;1696,87;11.01;2;1;0;0
19193;2024-12-28;South;postpaid;monthly;cable;1;1;169,92;156,61;8.98;0;0;0;0
34025;04/04/2024;North;postpaid;annual;fiber;51;0;153,47;7586,91;8.28;3;1;0;0
61298;2024-10-06;South;postpaid;monthly;cable;61;0;125,65;7910,8;10.23;0;0;0;0
40519;20/06/2024;Southeast;postpaid;annual;fiber;38;1;40,31;1623,01;26.89;3;0;0;0
89625;2024-04-29;Center-West;prepaid;monthly;fiber;32;0;74,24;2237,85;27.16;0;1;0;0
14491;2024-05-15;Northeast;postpaid;annual;dsl;7;0;68,04;460,14;11.15;0;0;0;0
45673;08/03/2024;North;postpaid;monthly;dsl;52;0;68,55;3525,57;9.31;0;1;0;0
41525;2024-10-12;South;postpaid;monthly;fiber;67;1;130,82;9488,0;3.82;1;0;0;0
48271;15/07/2024;Center-West;postpaid;annual;cable;63;1;161,42;9901,65;11.4;1;1;0;0
29582;15/09/2024;Southeast;postpaid;annual;cable;40;1;132,24;4908,68;27.56;0;0;0;0
94177;2024-07-01;North;postpaid;monthly;fiber;3;1;88,31;284,6;13.07;1;0;1;1
58306;2024-11-20;Center-West;postpaid;monthly;dsl;21;0;175,39;3607,56;8.6;2;0;0;0
73648;15/02/2024;Center-West;postpaid;monthly;dsl;19;1;159,39;3248,11;5.47;0;2;0;0
59201;25/05/2024;South;postpaid;monthly;cable;1;1;132,81;121,76;10.46;2;1;0;1
72316;2024-06-16;Northeast;prepaid;monthly;dsl;9;1;89,62;878,52;25.77;0;0;0;0
77147;16/12/2024;Southeast;prepaid;annual;fiber;41;1;132,57;5929,88;8.96;0;0;1;0
91983;2024-12-17;Southeast;postpaid;monthly;dsl;7;1;91,2;611,08;;1;1;0;0
12785;2024-08-12;South;prepaid;monthly;fiber;3;1;53,28;145,02;9.48;0;2;0;0
23155;2024-07-16;Center-West;postpaid;annual;dsl;68;0;122,83;8187,4;2.69;0;0;0;0
66793;2024-03-01;Northeast;prepaid;annual;dsl;43;1;134,72;5481,07;3.43;1;0;0;0
19293;2024-12-27;North;postpaid;monthly;dsl;58;1;82,4;5040,25;14.98;0;2;0;0
50125;19/05/2024;South;prepaid;monthly;fiber;18;1;169,4;2771,04;10.99;1;0;0;0
74948;2024-03-12;Southeast;postpaid;monthly;fiber;26;1;158,14;3795,79;18.07;0;0;0;0
70976;2024-01-10;South;prepaid;annual;dsl;44;1;117,43;5331,72;9.91;0;0;0;0
30521;28/07/2024;Southeast;prepaid;monthly;fiber;49;0;39,04;2033,64;18.89;0;0;0;0
28481;15/02/2024;Southeast;prepaid;monthly;fiber;27;1;32,58;797,66;14.37;0;1;0;0
72282;2024-02-06;Northeast;postpaid;monthly;fiber;66;0;125,98;7905,67;4.35;0;0;0;0
77342;24/03/2024;Southeast;postpaid;annual;cable;50;0;152,07;7770,35;8.82;0;1;0;0
31985;2024-09-28;Southeast;postpaid;monthly;fiber;16;0;105,05;1607,17;;2;0;0;1
51734;2024-08-24;North;prepaid;annual;dsl;7;0;33,52;241,71;5.31;1;0;0;0
75760;16/04/2024;South;postpaid;monthly;dsl;2;0;51,72;105,91;9.51;1;0;0;1
96708;2024-12-08;North;prepaid;monthly;cable;60;1;61,69;3705,77;18.76;0;0;1;0
98526;2024-12-15;Southeast;postpaid;monthly;dsl;59;1;124,16;7740,46;7.47;0;0;0;0
95110;13/02/2024;South;postpaid;monthly;fiber;34;0;102,91;3198,66;4.99;0;0;0;0
30146;2024-01-10;North;prepaid;monthly;fiber;52;1;45,33;2172,1;16.91;0;1;0;0
68357;2024-12-18;Northeast;postpaid;monthly;fiber;63;0;105,25;6139,99;11.02;0;0;1;0
10119;2024-07-25;North;postpaid;monthly;cable;12;1;160,42;2108,72;2.97;1;0;0;0
20976;19/10/2024;North;prepaid;monthly;dsl;70;1;95,87;6409,71;13.6;0;0;0;0
47860;2024-09-13;North;prepaid;monthly;dsl;35;0;52,46;1797,09;13.8;1;0;1;0
20114;2024-11-07;South;prepaid;monthly;dsl;32;0;116,7;3562,58;9.93;0;0;0;0
75052;06/06/2024;South;prepaid;monthly;cable;12;1;169,41;2129,45;4.11;1;0;0;0
34674;17/06/2024;North;prepaid;monthly;cable;48;1;47,39;2167,84;6.87;1;0;0;0
88421;2024-12-18;Southeast;postpaid;annual;dsl;43;0;53,46;2329,78;8.21;0;0;0;0
53915;2024-08-27;Northeast;prepaid;annual;FIBRE;3;0;115,03;318,18;9.99;3;0;0;0
96913;2024-04-19;Northeast;postpaid;annual;fiber;46;1;81,0;3959,62;4.93;2;0;1;0
40239;2024-06-12;South;postpaid;monthly;dsl;11;0;164,33;1972,02;15.64;3;0;0;1
13147;2024-01-09;South;postpaid;annual;dsl;20;1;136,91;2658,95;27.94;5;1;0;0
18013;2024-12-29;South;postpaid;annual;dsl;44;1;52,06;2106,5;5.65;2;0;0;0
77194;06/09/2024;Northeast;prepaid;monthly; fiber ;56;1;160,61;8723,18;6.84;1;0;0;0
91980;2024-07-01;Northeast;prepaid;monthly;dsl;10;1;126,34;1178,44;6.48;1;0;0;1
91420;06/07/2024;Southeast;prepaid;annual;fiber;34;1;104,05;3813,71;39.56;1;0;0;0
38304;29/12/2024;North;postpaid;annual;fiber;21;1;68,48;1571,67;12.02;1;0;0;0
70612;10/08/2024;Southeast;postpaid;annual;cable;51;0;127,46;6235,04;19.21;1;0;1;1
69873;2024-03-07;North;prepaid;annual;dsl;59;1;164,77;10225,72;12.89;2;1;0;0
63044;2024-07-20;South;prepaid;annual;fiber;46;0;35,77;1732,15;4.38;1;0;0;0
95799;2024-01-14;South;postpaid;annual;fiber;57;1;86,27;5190,53;5.44;2;1;0;0
56486;2024-09-19;North;prepaid;monthly;dsl;33;0;170,35;5162,48;6.46;0;1;0;0
11712;14/09/2024;South;postpaid;monthly;fiber;43;0;87,44;4022,27;6.96;1;0;1;1
29900;2024-06-21;South;prepaid;annual;fiber;21;0;35,38;734,18;15.79;1;0;0;0
40929;13/10/2024;Northeast;prepaid;monthly;dsl;71;1;45,22;3417,29;34.46;2;0;0;0
43438;2024-01-25;Center-West;prepaid;monthly;dsl;15;1;133,61;1937,74;9.06;1;0;0;0
80748;01/02/2024;Southeast;prepaid;monthly;fiber;66;1;135,02;9655,11;11.13;1;1;0;1
35559;2024-01-22;South;prepaid;monthly;dsl;53;0;47,26;2365,59;10.09;0;0;0;0
93043;2024-07-07;Center-West;postpaid;monthly;dsl;71;0;62,88;4180,07;3.76;1;0;0;0
69334;2024-01-12;North;prepaid;monthly;fiber;46;0;114,58;4756,4;22.0;0;0;0;0
77120;2024-03-30;South;postpaid;monthly;fiber;26;0;132,98;3310,6;14.57;1;0;0;0
27503;2024-12-17;North;prepaid;monthly;fiber;20;1;53,52;1054,21;9.41;0;0;1;1
51743;2024-03-11;Southeast;prepaid;monthly;FIBRE;13;1;98,46;1348,33;30.05;0;0;0;0
82334;2024-12-15;Southeast;prepaid;annual;cable;69;1;114,31;7199,65;3.07;0;0;0;0
43982;14/10/2024;Northeast;prepaid;monthly;fiber;8;1;37,46;283,23;16.35;0;1;0;0
86514;21/05/2024;North;prepaid;annual;cable;58;0;63,56;3760,15;9.84;0;0;0;0
35782;2024-09-23;Northeast;prepaid;monthly;fiber;50;0;167,83;8839,64;7.92;0;0;0;0
86324;2024-09-02;South;postpaid;monthly;dsl;10;0;162,0;1681,59;7.54;1;0;0;0
14248;2024-08-15;Center-West;postpaid;annual;dsl;66;1;78,37;5449,34;9.15;3;0;0;0
74956;2024-01-20;North;postpaid;annual;dsl;12;1;160,2;2028,82;8.53;0;0;0;0
25760;2024-01-24;Northeast;prepaid;monthly;cable;12;1;124,88;1398,59;13.45;1;0;0;1
69902;2024-09-15;Southeast;postpaid;annual;dsl;39;1;177,24;6614,68;11.85;2;1;0;0
57603;2024-05-18;Southeast;postpaid;annual;fiber;8;1;174,93;1510,93;21.05;0;0;1;0
16264;15/06/2024;Northeast;prepaid;monthly;cable;8;1;122,54;1025,11;8.49;2;1;0;0
77468;2024-08-27;Center-West;prepaid;monthly;cable;45;0;100,18;;25.32;1;0;0;0
75377;2024-07-01;Center-West;postpaid;monthly;cable;69;1;51,34;3874,59;23.87;0;0;0;0
70747;09/05/2024;South;postpaid;monthly;fiber;4;0;109,55;394,66;7.5;1;2;0;0
25658;2024-02-07;Southeast;postpaid;annual;fiber;46;0;89,74;4205,08;26.06;1;0;0;0
10708;24/12/2024;Center-West;prepaid;monthly;fiber;43;0;126,84;5779,45;6.12;2;0;0;0
66819;2024-05-22;Northeast;postpaid;annual;dsl;5;0;43,42;223,59;16.44;2;0;0;1
27390;2024-10-18;South;prepaid;annual;fiber;11;0;155,24;1560,17;13.08;0;1;0;1
36928;2024-03-07;Northeast;postpaid;annual;fiber;32;0;175,07;5805,68;7.11;1;0;0;0
15559;2024-05-01;Center-West;postpaid;monthly;dsl;50;1;61,4;3052,47;13.05;0;0;0;0
84721;2024-01-03;South;postpaid;monthly;fiber;16;1;124,92;2028,09;7.04;1;1;0;1
79536;2024-01-23;Northeast;postpaid;monthly;dsl;31;0;150,29;4933,14;11.91;2;0;0;0
61708;2024-05-30;Northeast;prepaid;annual;fiber;35;1;113,16;3698,36;10.9;0;1;0;0
30708;2024-04-30;North;postpaid;monthly;cable;51;1;170,32;8439,0;7.74;0;1;0;0
38797;2024-02-08;Northeast;postpaid;annual;FIBRE;18;1;106,78;;25.88;1;0;0;0
63963;2024-03-23;South;postpaid;monthly;dsl;49;0;70,58;3508,16;26.91;2;1;1;0
81407;2024-03-08;Center-West;prepaid;monthly;dsl;60;0;100,74;5546,46;8.77;1;0;1;0
55023;04/10/2024;Center-West;prepaid;annual;FIBRE;42;1;103,18;4118,72;22.57;0;2;0;0
34715;2024-04-22;Center-West;prepaid;annual; fiber ;52;1;68,06;3716,91;6.74;1;0;1;0
70312;2024-04-28;Northeast;postpaid;monthly;cable;12;1;148,04;1639,01;3.0;0;1;1;1
42249;14/06/2024;Southeast;postpaid;annual;dsl;65;0;122,66;7727,65;9.55;1;0;0;0
15339;2024-03-08;South;postpaid;monthly;fiber;22;1;85,56;1977,02;9.12;1;0;0;0
48323;2024-03-28;North;postpaid;annual;dsl;15;1;93,25;1474,39;;1;0;1;0
43594;2024-03-15;Center-West;postpaid;monthly;FIBRE;39;1;85,76;3511,19;6.8;1;0;0;1
77806;13/12/2024;North;prepaid;monthly;fiber;28;1;97,18;2774,4;23.18;2;0;1;1
86535;2024-08-12;North;postpaid;monthly;fiber;33;0;109,21;3745,73;11.39;0;1;0;0
44599;01/12/2024;Southeast;prepaid;monthly;fiber;58;1;79,64;4771,62;23.91;1;0;0;0
57493;11/11/2024;Northeast;prepaid;annual; fiber ;39;1;152,72;6011,29;13.5;0;0;0;0
97106;2024-03-31;South;prepaid;monthly; fiber ;27;1;169,26;4467,17;15.89;1;0;0;0
64909;2024-01-17;Southeast;prepaid;monthly;fiber;57;0;108,42;5698,76;13.76;0;1;0;0
93305;12/06/2024;Center-West;prepaid;monthly;fiber;27;1;136,7;3935,84;12.64;1;1;0;1
57301;2024-05-11;Southeast;postpaid;monthly;dsl;69;1;169,58;11697,68;8.82;2;1;0;0
91195;09/08/2024;Southeast;prepaid;annual;dsl;71;0;58,79;4410,44;14.73;3;1;1;1
73690;2024-02-27;Southeast;prepaid;monthly;fiber;34;0;58,46;1975,52;15.23;0;0;0;0
11157;2024-03-09;North;prepaid;annual;FIBRE;55;1;40,89;2311,61;17.73;1;0;0;0
27958;16/03/2024;Southeast;postpaid;annual;dsl;51;0;96,32;5385,35;19.78;1;0;1;0
14641;2024-08-17;Center-West;postpaid;monthly;dsl;62;0;79,67;4539,55;24.7;1;0;1;0
23262;2024-03-05;North;prepaid;annual;cable;33;0;114,08;3606,14;12.92;1;1;0;0
44887;02/06/2024;South;prepaid;monthly;fiber;29;1;97,66;2694,8;13.99;0;0;0;0
94403;2024-04-05;Southeast;postpaid;monthly; fiber ;20;0;58,53;1262,95;12.29;0;0;0;0
66246;2024-01-12;North;postpaid;monthly;fiber;42;0;88,68;3444,23;24.16;2;0;0;0
46887;05/03/2024;Southeast;postpaid;monthly;dsl;44;1;34,33;1612,95;13.21;1;0;0;1
88128;03/04/2024;Center-West;postpaid;monthly;FIBRE;32;1;110,61;3259,52;13.14;0;0;0;0
80508;2024-10-24;South;postpaid;monthly;FIBRE;23;1;70,66;;;0;0;0;0
32404;2024-03-07;North;postpaid;annual; fiber ;32;0;46,85;1392,66;14.35;0;1;0;0
69817;31/07/2024;Southeast;prepaid;monthly;dsl;36;1;39,88;1302,8;12.33;1;0;0;0
85233;2024-10-27;Southeast;postpaid;annual;FIBRE;10;0;137,17;1485,56;;0;0;1;0
32527;2024-12-18;South;prepaid;monthly;dsl;47;0;67,1;3424,18;;0;0;0;0
40513;2024-06-30;Southeast;postpaid;annual;fiber;60;1;128,82;7664,05;4.64;0;0;0;0
99560;2024-01-14;Northeast;prepaid;monthly;fiber;23;1;152,33;3586,87;9.7;1;0;0;1
27145;2024-03-06;Center-West;prepaid;monthly; fiber ;28;1;105,0;;4.48;0;1;0;0
31706;2024-07-19;Center-West;postpaid;monthly;cable;7;1;49,96;381,61;2.56;0;0;1;0
60055;2024-07-26;South;postpaid;annual;fiber;42;0;122,18;5479,9;18.95;2;0;0;0
22784;2024-12-23;Northeast;prepaid;annual;fiber;31;1;40,74;1360,71;7.71;2;0;0;0
86605;2024-06-08;North;postpaid;monthly;cable;61;0;152,57;;1.69;0;0;0;0
91010;2024-06-08;Southeast;prepaid;annual;fiber;65;0;144,23;9476,56;20.15;2;0;0;0
19278;2024-06-05;Southeast;postpaid;annual;fiber;55;0;90,31;4800,24;5.81;1;0;0;0
94556;2024-04-11;North;postpaid;monthly;fiber;15;1;70,36;1159,52;9.47;1;0;0;0
50242;2024-03-14;North;prepaid;monthly;dsl;15;1;136,43;2004,81;18.62;0;0;1;0
23300;07/12/2024;Southeast;postpaid;annual;fiber;35;0;115,08;4407,86;14.96;0;2;0;1
96297;21/08/2024;Center-West;postpaid;annual;cable;44;1;51,76;2155,92;3.94;1;1;0;0
48085;2024-11-10;Northeast;prepaid;monthly;dsl;3;0;143,88;440,22;4.83;0;0;0;0
83543;2024-10-26;North;prepaid;monthly;dsl;36;0;80,1;2912,77;10.89;1;0;0;1
55095;2024-11-15;Center-West;prepaid;monthly;fiber;7;0;164,08;1094,81;5.34;0;0;0;0
77290;2024-06-26;Center-West;postpaid;annual;dsl;19;0;154,42;2792,97;13.34;1;1;0;0
17626;2024-04-15;Center-West;prepaid;monthly;cable;26;0;71,37;1960,16;11.61;0;0;0;0
25508;24/02/2024;South;prepaid;monthly;cable;3;1;68,29;197,98;;0;0;0;0
90565;2024-10-30;Center-West;postpaid;monthly;fiber;19;0;89,68;1761,27;11.44;0;0;0;0
32474;2024-04-05;North;prepaid;annual;dsl;45;1;150,67;6816,34;7.41;0;0;0;0
63060;04/11/2024;Northeast;prepaid;annual;dsl;71;0;49,6;3301,78;6.26;1;0;0;0
44211;2024-04-24;Center-West;postpaid;monthly;cable;56;0;77,41;4145,36;7.24;1;0;0;0
52916;22/02/2024;Southeast;postpaid;monthly;FIBRE;22;1;128,87;2734,22;20.39;2;1;0;0
19445;2024-11-18;North;prepaid;annual;dsl;67;1;35,02;2238,76;11.12;1;0;0;0
14551;08/05/2024;Southeast;postpaid;monthly;dsl;32;0;38,39;1130,61;9.42;0;0;0;0
84591;2024-08-15;South;postpaid;monthly;cable;26;1;144,33;3383,76;12.73;0;0;0;0
71753;2024-05-28;North;prepaid;annual;dsl;61;0;108,35;7005,67;4.32;1;0;0;0
73657;2024-12-04;Center-West;postpaid;monthly;cable;29;1;113,64;3140,22;13.06;0;0;0;0
70141;2024-03-10;Center-West;postpaid;monthly;fiber;53;1;67,33;3853,19;9.69;3;0;0;0
80715;27/04/2024;South;postpaid;monthly;fiber;12;0;109,77;1192,53;9.05;1;2;0;1
95051;2024-10-10;South;postpaid;annual; fiber ;24;1;111,75;2834,41;24.07;0;0;0;0
69272;2024-11-14;North;postpaid;annual;cable;70;0;92,07;6185,64;9.13;1;0;0;0
97380;2024-07-31;Center-West;postpaid;monthly; fiber ;18;1;174,66;3251,45;10.13;1;0;0;0
39943;2024-10-15;Center-West;postpaid;annual;dsl;61;0;37,39;2369,31;6.97;0;0;0;0
85105;12/08/2024;South;postpaid;annual;cable;34;0;92,24;2959,2;15.87;0;0;0;0
44949;2024-12-12;Southeast;postpaid;annual;cable;68;0;158,62;;37.93;1;0;0;0
35501;2024-12-16;Northeast;postpaid;monthly;dsl;30;1;60,94;1956,33;5.13;1;0;0;0
94471;2024-03-29;South;postpaid;monthly;dsl;36;1;170,25;5794,28;10.21;1;1;0;0
52263;2024-05-06;Southeast;prepaid;annual;fiber;29;1;93,82;2514,43;6.6;1;0;0;0
35042;2024-12-11;Southeast;prepaid;monthly;FIBRE;15;0;53,49;832,71;19.19;0;1;0;1
37337;2024-04-14;North;postpaid;monthly;dsl;60;1;43,96;2488,41;19.53;0;0;1;0
20996;2024-08-28;South;prepaid;monthly;dsl;41;1;79,06;3386,4;7.9;1;0;0;0
33901;2024-12-29;North;postpaid;annual;fiber;36;1;167,96;5996,83;12.72;0;0;0;0
15539;2024-09-25;South;postpaid;monthly;fiber;27;1;170,86;4485,59;10.62;1;0;0;0
28572;2024-08-26;Northeast;postpaid;monthly;dsl;55;0;114,49;5744,14;8.44;3;0;0;0
70279;2024-03-08;Northeast;prepaid;annual; fiber ;25;1;47,73;1144,18;17.15;1;1;0;0
36218;2024-03-19;North;postpaid;monthly;cable;17;1;98,49;1594,54;7.62;0;0;0;0
84971;2024-03-19;Southeast;prepaid;monthly;fiber;6;1;92,66;583,32;13.55;1;0;0;0
90171;2024-01-29;North;postpaid;monthly;cable;62;1;64,66;4009,02;5.82;1;0;0;0
49644;2024-12-28;Northeast;prepaid;monthly;dsl;6;1;41,4;268,9;32.64;0;0;0;0
47090;2024-10-31;South;postpaid;annual;dsl;60;0;87,24;4796,86;10.7;1;0;1;0
91846;13/10/2024;South;postpaid;monthly;dsl;27;0;85,78;2320,96;7.89;2;0;0;0
61561;2024-10-08;North;postpaid;annual;FIBRE;1;0;135,6;128,56;8.24;0;1;0;0
69727;2024-11-20;South;postpaid;monthly;FIBRE;66;1;89,13;5838,82;9.99;0;0;0;0
97222;15/09/2024;North;prepaid;monthly;cable;53;0;31,97;1592,22;9.85;1;0;0;0
24721;2024-04-05;South;prepaid;monthly; fiber ;52;1;33,0;1650,08;4.05;1;0;0;0
71504;26/03/2024;South;prepaid;monthly;dsl;39;0;133,13;5381,92;19.56;0;0;0;0
59749;2024-06-29;Northeast;postpaid;monthly; fiber ;54;0;129,12;7419,36;7.85;0;0;0;0
77675;2024-03-13;North;postpaid;monthly;dsl;10;0;54,05;546,51;28.58;0;1;0;0
26100;12/07/2024;North;prepaid;annual;fiber;17;0;159,93;2620,23;13.01;2;0;0;0
99083;2024-09-24;Northeast;prepaid;monthly;dsl;39;1;129,39;4909,7;7.47;1;0;0;0
11038;2024-04-07;South;prepaid;annual;dsl;53;0;53,11;2823,29;15.42;3;0;0;0
38696;2024-03-20;Southeast;postpaid;monthly;fiber;42;1;73,14;;10.82;0;1;0;0
26546;2024-02-22;Center-West;prepaid;monthly;fiber;29;1;176,05;5431,0;28.97;0;0;0;0
98410;2024-07-19;Southeast;prepaid;monthly;cable;48;0;91,16;4774,91;12.87;0;0;0;0
60354;2024-03-08;North;prepaid;monthly;dsl;5;0;65,52;307,97;19.29;2;1;0;1
91412;2024-11-30;South;prepaid;monthly;cable;37;0;108,62;4360,28;15.45;0;0;0;0
31126;26/04/2024;South;prepaid;monthly;dsl;29;0;60,83;1791,94;6.04;0;0;0;0
80176;2024-10-16;Southeast;prepaid;monthly;dsl;36;0;148,76;5201,47;28.08;1;0;0;0
79664;2024-06-03;Center-West;postpaid;annual;dsl;10;0;149,15;1398,5;4.46;0;1;0;1
18709;2024-11-05;North;postpaid;monthly;cable;65;0;150,13;10060,96;10.14;0;0;0;1
75892;2024-01-07;South;prepaid;annual;dsl;61;1;122,59;7744,56;;1;2;0;0
10937;2024-03-22;Northeast;postpaid;monthly; fiber ;67;1;134,11;9703,36;2.46;2;0;0;0
53167;23/06/2024;Southeast;postpaid;monthly;cable;60;1;78,21;4529,83;7.31;2;1;0;0
39555;2024-07-15;North;postpaid;monthly;cable;48;1;161,83;;12.36;0;0;0;0
39721;12/07/2024;North;postpaid;monthly;fiber;21;0;51,62;;12.74;0;0;0;0
69854;2024-09-08;North;prepaid;annual;fiber;9;0;68,17;647,65;31.0;0;1;0;0
22581;2024-06-22;Southeast;postpaid;annual;dsl;44;0;178,9;8427,84;20.82;0;0;0;0
45843;2024-10-10;Center-West;postpaid;monthly;dsl;68;1;174,06;12395,37;8.22;1;0;1;0
66540;04/08/2024;South;postpaid;monthly;fiber;26;0;106,14;2649,03;2.45;3;1;1;1
45018;2024-11-26;Northeast;prepaid;annual;dsl;71;0;104,87;7450,82;3.72;0;0;1;0
30426;2024-02-02;Northeast;prepaid;monthly;dsl;11;1;47,52;525,97;10.68;0;0;0;0
46367;10/09/2024;South;prepaid;monthly;fiber;21;1;128,95;2967,4;16.43;0;0;0;0
28310;17/11/2024;Southeast;postpaid;monthly;dsl;47;0;34,65;1640,5;6.9;1;0;0;0
67162;25/01/2024;South;postpaid;monthly;fiber;35;1;77,15;;30.39;0;0;0;0
72653;2024-03-26;Center-West;prepaid;monthly;dsl;54;0;92,76;5259,31;11.06;1;1;0;0
92147;2024-03-28;Center-West;postpaid;monthly;fiber;25;0;164,1;4015,53;9.48;2;0;0;0
83494;2024-06-08;Center-West;prepaid;annual;cable;56;1;175,27;9848,99;32.75;1;0;0;0
78399;07/07/2024;South;prepaid;monthly;fiber;22;1;176,1;4060,2;29.19;0;0;0;0
20624;2024-11-08;Northeast;postpaid;annual;cable;11;1;149,83;1800,87;19.74;1;0;0;1
87823;20/05/2024;Southeast;postpaid;annual;dsl;41;1;73,5;3197,26;8.82;3;0;0;0
97126;2024-09-18;Northeast;postpaid;monthly;fiber;37;0;36,8;1294,98;30.93;0;1;0;0
62517;2024-11-02;North;postpaid;monthly;cable;41;1;93,84;3629,33;21.31;0;0;0;0
67804;2024-09-20;Northeast;postpaid;monthly;fiber;2;1;74,61;163,47;10.77;0;1;1;1
85237;2024-12-01;Northeast;postpaid;annual;dsl;30;1;128,28;3627,63;26.21;0;0;0;0
25127;2024-10-19;Center-West;prepaid;monthly;cable;7;0;85,66;556,19;8.43;0;0;1;0
69490;2024-05-15;North;postpaid;annual;cable;58;1;163,61;10237,66;4.49;1;0;0;0
87000;2024-12-18;South;postpaid;monthly;dsl;6;1;86,1;510,94;9.09;0;0;0;1
81554;2024-12-11;North;prepaid;annual;cable;67;1;86,7;5284,61;4.17;1;1;1;0
72841;2024-01-16;Southeast;prepaid;monthly;fiber;5;1;143,87;732,73;11.22;0;0;0;1
25292;2024-12-17;Southeast;prepaid;monthly;fiber;44;1;118,5;5077,36;10.79;0;0;0;0
70480;2024-12-30;North;prepaid;annual;fiber;24;1;68,29;;7.46;0;0;0;0
86729;2024-11-05;Center-West;postpaid;annual;fiber;8;0;131,5;1072,88;21.15;0;0;0;0
42160;2024-12-07;North;prepaid;monthly;dsl;26;0;114,45;3268,39;13.11;0;0;0;0
99203;30/10/2024;Northeast;postpaid;monthly;fiber;3;0;45,61;126,17;8.15;1;0;0;0
58873;21/02/2024;Southeast;prepaid;monthly;dsl;50;0;100,09;4741,12;9.55;0;1;0;0
76726;12/01/2024;North;prepaid;annual;fiber;62;1;167,81;11104,18;17.26;2;0;1;0
33207;17/04/2024;Northeast;prepaid;monthly;fiber;24;0;61,77;1374,71;20.58;2;0;1;0
40182;14/01/2024;South;prepaid;monthly;dsl;32;0;92,19;3229,61;12.43;0;0;0;1
69755;2024-08-28;Southeast;postpaid;annual;fiber;10;0;71,39;689,41;6.49;0;0;1;0
48372;2024-11-10;Southeast;prepaid;monthly;dsl;35;1;110,54;3969,61;9.99;0;0;0;0
71626;17/11/2024;Center-West;prepaid;monthly;dsl;68;0;176,27;11257,83;16.13;3;0;0;0
68838;2024-02-05;Northeast;prepaid;annual;dsl;39;0;76,48;2873,24;23.44;4;0;0;0
27305;2024-07-16;South;prepaid;annual;cable;63;1;154,93;9867,64;8.89;0;0;0;0
21375;2024-07-12;South;postpaid;annual;cable;56;1;155,74;9532,18;5.92;1;0;0;0
11607;2024-07-06;Southeast;postpaid;monthly;FIBRE;9;1;68,91;605,17;17.99;3;0;0;0
16549;24/11/2024;Center-West;prepaid;monthly;dsl;4;0;145,89;630,59;22.86;1;0;0;0
90654;2024-02-13;Southeast;postpaid;annual;fiber;26;0;178,22;4363,5;11.92;1;0;1;0
92933;2024-01-26;Northeast;postpaid;monthly;fiber;67;1;173,1;10520,37;7.04;2;0;0;0
53971;2024-09-21;South;postpaid;monthly;dsl;12;1;120,86;1549,01;9.02;1;0;0;0
41023;09/08/2024;South;postpaid;monthly;dsl;4;1;52,76;219,63;12.31;1;0;0;0
55350;2024-07-01;South;prepaid;monthly;cable;69;0;47,9;3050,91;7.87;1;0;0;0
77228;07/03/2024;Center-West;postpaid;annual;dsl;15;1;70,02;949,66;5.02;0;0;0;0
99298;2024-02-08;Southeast;postpaid;monthly;dsl;26;0;120,2;3325,77;7.79;0;3;0;1
66531;2024-08-17;South;postpaid;monthly;dsl;56;1;87,93;4600,19;8.98;0;1;0;0
84984;2024-11-28;South;postpaid;annual;FIBRE;7;1;134,85;939,95;8.91;1;0;0;0
55545;2024-12-12;South;postpaid;annual;fiber;13;1;148,17;2062,14;2.12;0;1;0;0
49088;2024-03-27;Southeast;prepaid;monthly;dsl;52;1;57,06;3008,36;47.16;1;0;1;0
92088;2024-07-31;Center-West;postpaid;annual;dsl;1;0;165,79;179,06;7.97;1;0;0;0
13879;2024-07-13;South;postpaid;monthly;fiber;51;1;39,09;1809,02;5.6;0;1;0;0
46702;2024-12-12;North;postpaid;annual;fiber;39;0;69,74;;9.56;0;0;0;0
79199;31/10/2024;South;postpaid;monthly;fiber;18;0;152,22;2573,82;21.74;0;0;0;0
69300;2024-02-15;Center-West;postpaid;monthly;dsl;44;0;57,56;2482,81;21.16;2;0;0;0
74490;2024-09-03;South;postpaid;monthly;fiber;23;0;63,02;1525,18;19.08;1;1;0;0
21308;2024-10-24;South;postpaid;annual;fiber;68;1;176,35;12933,64;;1;0;0;0
65615;26/03/2024;South;prepaid;monthly;fiber;30;0;166,85;4653,32;6.49;2;1;0;0
90894;2024-05-06;South;prepaid;monthly;fiber;54;1;151,91;7950,8;5.13;0;1;0;0
90425;2024-12-30;Southeast;postpaid;annual;dsl;20;0;56,07;1108,79;16.12;0;0;0;0
23407;2024-05-15;Northeast;postpaid;monthly;cable;60;0;68,27;3889,77;8.65;0;2;0;0
21345;2024-02-03;Southeast;prepaid;annual;FIBRE;21;0;65,28;1288,16;18.61;2;0;0;1
28402;2024-12-21;South;postpaid;monthly;dsl;37;1;58,37;2298,64;20.6;1;1;0;0
85773;20/10/2024;South;postpaid;monthly;dsl;57;0;175,57;10743,12;13.34;0;0;0;0
78179;2024-01-22;South;postpaid;monthly;dsl;66;0;54,9;3283,11;10.44;1;1;0;0
74382;18/06/2024;Northeast;prepaid;monthly;fiber;54;1;142,01;8314,57;24.94;1;0;0;0
29663;2024-10-02;North;postpaid;monthly; fiber ;48;1;37,65;1911,97;12.68;1;0;0;0
39944;2024-01-27;Center-West;prepaid;monthly;cable;50;1;111,57;5342,74;8.12;2;1;0;1
95313;09/06/2024;South;prepaid;annual;cable;29;0;40,63;1210,95;10.63;1;1;0;0
56679;29/03/2024;Center-West;postpaid;monthly;fiber;49;1;39,26;1909,45;12.01;1;0;0;0
75479;16/02/2024;Southeast;postpaid;monthly;dsl;41;1;64,53;2490,46;2.87;1;0;0;1
65304;31/01/2024;North;prepaid;annual;fiber;38;0;168,84;5915,78;28.38;0;0;0;0
94493;23/07/2024;Northeast;postpaid;monthly; fiber ;23;1;125,82;2946,41;7.02;2;0;0;0
74636;16/03/2024;North;postpaid;annual; fiber ;25;0;127,71;2895,12;3.73;0;1;0;0
13582;2024-09-21;Center-West;prepaid;annual;dsl;9;0;74,65;;12.49;0;0;0;0
18478;2024-11-18;South;prepaid;monthly;fiber;52;1;138,54;7434,91;13.69;3;1;0;0
52774;04/07/2024;Southeast;postpaid;annual;fiber;2;1;132,23;;7.24;0;0;0;0
68018;16/04/2024;Northeast;postpaid;annual;fiber;9;1;99,25;900,98;8.94;1;0;0;0
48964;2024-03-14;Southeast;prepaid;monthly;fiber;21;1;132,39;2845,13;12.49;0;0;0;0
16526;2024-08-10;Northeast;postpaid;annual;fiber;11;1;160,07;1907,77;12.18;0;0;0;0
90082;2024-09-14;Northeast;postpaid;monthly;dsl;54;0;174,06;9508,27;18.27;2;1;1;1
83239;2024-03-13;Center-West;postpaid;monthly;dsl;9;1;179,49;1543,34;12.61;0;0;0;0
67133;2024-05-05;North;postpaid;monthly;fiber;33;0;103,25;3558,98;3.37;1;0;0;0
56699;2024-03-30;Center-West;prepaid;monthly;fiber;53;0;34,91;1789,42;10.41;0;0;0;0
31623;14/10/2024;Southeast;prepaid;annual;dsl;42;1;64,38;2901,49;15.55;2;1;0;0
45421;2024-05-08;North;prepaid;monthly;fiber;42;0;59,53;2470,46;7.75;2;0;0;1
96842;18/08/2024;Southeast;postpaid;annual;fiber;25;1;75,08;1789,41;10.15;2;0;0;0
68328;11/12/2024;Northeast;postpaid;annual;cable;32;1;84,08;2463,34;17.34;0;0;0;0
82449;2024-04-07;Northeast;postpaid;annual;dsl;55;1;130,3;6927,86;12.25;1;0;1;1
66796;2024-03-18;Center-West;prepaid;annual;fiber;34;1;108,85;3714,22;15.37;3;0;0;0
95224;2024-05-12;Northeast;postpaid;monthly;fiber;50;0;127,46;5837,27;13.32;1;0;0;0
88863;2024-08-27;South;prepaid;annual;fiber;59;1;175,78;11358,76;9.78;0;0;0;0
24253;2024-05-21;Southeast;prepaid;annual; fiber ;18;1;37,36;686,7;33.35;1;0;0;0
60994;2024-05-15;Center-West;prepaid;monthly;cable;9;0;32,16;304,85;6.08;3;0;0;1
57259;2024-11-09;North;postpaid;annual;dsl;33;1;129,83;3923,68;3.94;2;0;0;1
84768;2024-02-22;Southeast;prepaid;monthly;fiber;28;1;111,94;3075,45;11.42;0;0;0;0
32095;05/08/2024;Center-West;postpaid;monthly;FIBRE;11;1;102,41;1101,12;9.87;1;0;1;1
60211;2024-07-21;Center-West;postpaid;monthly;fiber;54;0;158,0;8824,03;11.45;1;0;0;0
33426;2024-06-01;North;postpaid;monthly;fiber;45;0;53,83;2408,81;19.49;1;1;0;0
19685;16/05/2024;Northeast;prepaid;monthly;dsl;47;1;116,04;5181,97;6.72;2;1;0;0
34955;2024-08-26;Southeast;postpaid;monthly;fiber;51;1;169,79;9089,21;2.1;0;0;0;0
36050;14/11/2024;Southeast;postpaid;annual;cable;31;0;96,88;3119,91;42.41;1;0;0;0
80228;28/01/2024;South;postpaid;annual;dsl;37;1;116,99;4249,93;10.0;2;0;1;1
88677;03/12/2024;Northeast;postpaid;annual;cable;16;1;40,5;696,71;15.15;0;0;0;0
73549;2024-01-05;Southeast;postpaid;annual;cable;52;0;82,38;3975,92;10.32;2;0;0;0
98569;2024-07-27;Southeast;postpaid;annual;cable;68;1;36,21;2469,23;8.89;1;0;0;0
81268;24/05/2024;Northeast;postpaid;annual;cable;63;1;115,86;7809,75;;1;0;0;0
19663;2024-04-17;Northeast;postpaid;monthly;FIBRE;29;0;118,57;;15.64;0;0;0;0
53443;2024-10-19;Northeast;prepaid;annual;fiber;4;1;172,63;694,12;18.95;0;0;0;0
96177;2024-07-13;Northeast;postpaid;monthly;fiber;63;1;125,76;7280,38;24.6;2;0;0;1
43206;21/03/2024;Center-West;prepaid;monthly;dsl;41;0;30,45;1132,27;16.68;0;0;0;0
96222;19/11/2024;Northeast;prepaid;monthly;dsl;56;1;154,99;8973,71;10.11;1;1;0;0
62000;04/05/2024;North;prepaid;monthly;FIBRE;22;0;79,45;1726,16;32.65;1;0;0;0
89353;2024-09-03;Center-West;prepaid;annual;cable;62;1;137,14;8362,73;15.5;2;1;0;0
54281;2024-02-20;South;prepaid;monthly;dsl;60;0;69,6;4084,99;16.97;0;0;0;0
58188;2024-02-01;Southeast;postpaid;annual;dsl;2;0;144,03;269,25;24.79;0;0;0;0
26991;06/08/2024;Northeast;prepaid;monthly;fiber;41;1;169,12;7017,65;11.28;0;0;0;0
10099;2024-01-24;South;prepaid;monthly;fiber;34;1;41,9;1390,43;23.59;0;0;0;1
95448;2024-12-12;Center-West;postpaid;monthly;dsl;47;1;111,65;4799,74;3.89;1;0;0;0
37315;2024-02-26;North;postpaid;monthly;fiber;19;0;111,06;2290,93;10.61;2;0;0;0
33255;2024-07-02;Center-West;postpaid;annual;dsl;7;0;72,97;510,76;26.39;3;0;0;0
45723;2024-07-25;Southeast;prepaid;monthly; fiber ;20;0;81,25;1543,69;20.94;1;2;1;1
41790;2024-11-06;Northeast;prepaid;monthly;fiber;38;0;131,42;5197,77;14.04;0;0;0;0
22453;2024-03-02;North;prepaid;monthly;fiber;20;1;73,89;1581,15;5.39;1;0;0;0
84966;05/12/2024;North;prepaid;annual;dsl;33;1;34,59;1095,76;3.11;0;1;0;0
68261;2024-04-02;South;postpaid;annual;FIBRE;28;0;145,38;4419,67;10.98;1;0;0;1
68834;2024-12-17;Center-West;postpaid;annual;cable;50;0;123,78;6301,85;10.31;0;0;0;0
86566;11/07/2024;South;prepaid;monthly;fiber;30;1;67,57;1929,9;18.76;1;0;0;0
47850;08/04/2024;Center-West;postpaid;annual;cable;11;1;174,23;1994,27;12.45;2;0;0;0
75485;2024-07-25;North;prepaid;monthly;fiber;46;1;164,76;7760,72;20.35;0;0;0;0
89678;02/10/2024;Southeast;prepaid;monthly;fiber;16;0;174,66;3031,14;13.64;0;1;0;0
52777;2024-10-28;Center-West;prepaid;monthly;cable;22;0;106,84;2531,71;6.15;1;0;0;0
87892;2024-04-11;Southeast;prepaid;monthly;dsl;51;0;65,27;3397,7;14.9;2;0;0;0
37750;2024-06-08;South;postpaid;monthly;dsl;20;0;56,07;1151,31;11.84;3;0;0;0
17299;03/07/2024;Center-West;prepaid;monthly;dsl;5;1;172,28;812,11;11.08;0;0;0;0
90450;10/10/2024;Center-West;postpaid;monthly;fiber;26;0;163,62;4464,41;12.2;1;0;0;0
18880;2024-09-09;Center-West;prepaid;monthly;dsl;28;1;141,14;4204,61;13.98;2;0;0;0
63925;2024-01-30;North;postpaid;monthly; fiber ;49;1;106,58;5736,63;11.41;0;0;0;1
19780;20/01/2024;Northeast;postpaid;monthly;dsl;51;0;87,66;4221,02;4.18;0;0;0;0
18940;16/07/2024;South;postpaid;annual;cable;1;0;135,52;137,03;4.82;1;0;0;0
85629;2024-10-19;Northeast;prepaid;annual;cable;54;0;31,43;1857,26;8.87;1;1;0;1
48175;05/06/2024;North;postpaid;monthly;dsl;54;0;108,64;6124,24;22.5;0;1;0;0
72679;08/04/2024;Southeast;postpaid;monthly;dsl;13;1;131,8;1655,77;;1;0;0;0
33079;03/12/2024;North;prepaid;monthly;dsl;25;1;143,06;3250,83;11.22;1;0;0;0
72831;2024-04-04;North;postpaid;monthly;fiber;55;1;97,66;5885,29;32.06;0;1;0;0
17757;19/09/2024;South;prepaid;monthly;cable;41;1;141,77;5976,59;13.62;0;1;0;0
91778;2024-02-22;South;prepaid;monthly;dsl;25;0;44,38;1180,69;11.42;2;0;0;0
45402;2024-09-09;North;postpaid;annual;fiber;55;1;64,99;3273,8;;2;1;1;0
33685;16/06/2024;Southeast;prepaid;annual;dsl;45;1;51,69;2362,16;8.55;1;0;0;0
13384;2024-11-26;Southeast;postpaid;annual;fiber;37;0;80,98;3248,32;3.56;0;2;0;0
61934;2024-07-27;Northeast;prepaid;annual;cable;1;0;81,63;83,76;;2;0;0;0
30864;2024-03-31;South;prepaid;annual;cable;46;1;86,09;3865,45;5.16;1;0;1;0
56395;2024-07-03;Northeast;prepaid;annual;fiber;13;0;99,87;1246,11;6.88;2;0;0;0
96481;03/10/2024;North;prepaid;annual;fiber;66;0;95,45;5795,47;5.01;0;0;1;0
87534;2024-05-29;North;postpaid;annual;dsl;14;0;103,57;1305,91;30.67;1;0;0;0
42315;2024-11-12;North;postpaid;annual;fiber;3;1;142,89;;13.34;1;1;0;0
33935;2024-11-05;North;postpaid;annual;cable;27;0;51,3;1404,08;23.31;0;0;0;0
27747;2024-12-28;Center-West;prepaid;monthly; fiber ;25;1;82,61;2230,44;18.03;0;0;0;0
94883;2024-07-10;Center-West;postpaid;monthly;fiber;26;0;30,02;856,28;9.9;2;0;0;0
46419;05/06/2024;South;prepaid;monthly;fiber;66;1;34,23;2077,64;7.6;0;1;0;0
65369;06/05/2024;Northeast;prepaid;monthly;dsl;20;1;120,96;2315,9;9.81;1;0;0;0
14440;31/08/2024;Center-West;postpaid;monthly;dsl;60;1;161,4;8776,63;6.32;0;0;0;0
30601;2024-07-16;Southeast;postpaid;monthly;cable;12;0;75,89;882,52;2.19;0;0;0;0
82138;2024-03-09;Northeast;postpaid;monthly;cable;44;1;90,28;4094,19;3.84;1;0;1;0
72717;2024-12-01;North;postpaid;monthly;dsl;10;1;61,48;604,44;16.21;0;2;0;0
82613;2024-07-23;Center-West;postpaid;annual;fiber;17;0;51,42;928,73;4.16;1;0;0;1
26512;2024-06-05;North;prepaid;monthly;fiber;11;0;162,61;1633,8;6.88;0;0;0;0
37482;2024-06-11;Center-West;prepaid;monthly;cable;24;0;115,82;2857,2;9.49;1;1;0;0
27600;2024-04-22;Southeast;prepaid;monthly;fiber;33;0;135,73;4925,67;5.22;0;0;0;0
98874;2024-02-20;Southeast;postpaid;monthly;cable;61;0;162,28;9279,79;15.31;0;0;0;0
64024;27/01/2024;Center-West;postpaid;annual;cable;54;0;118,26;6979,64;19.95;2;0;0;0
40138;2024-11-30;North;postpaid;annual;dsl;50;1;57,04;3004,98;4.29;0;0;0;0
63253;2024-09-30;North;prepaid;monthly;dsl;35;1;137,0;4625,3;4.04;0;2;0;1
93325;25/11/2024;Southeast;postpaid;monthly;cable;21;1;142,17;2940,0;7.84;1;1;0;1
43402;2024-09-13;South;postpaid;monthly;dsl;22;0;92,09;1866,64;16.9;0;0;0;0
95471;15/12/2024;Center-West;postpaid;annual;dsl;10;0;122,52;1270,0;16.67;1;0;1;0
79076;24/11/2024;South;postpaid;annual;fiber;48;1;102,68;4988,95;3.74;0;0;0;0
66809;06/03/2024;North;prepaid;annual;fiber;56;0;79,95;4191,54;14.1;0;0;0;0
66625;2024-07-07;South;prepaid;monthly;fiber;39;1;130,86;5129,9;9.79;0;0;0;0
14739;2024-01-07;South;postpaid;annual;cable;41;0;67,12;3003,23;21.51;1;0;0;0
74033;2024-01-06;Southeast;prepaid;annual;dsl;27;1;79,12;2336,21;5.98;1;0;0;0
40100;2024-09-28;Center-West;prepaid;annual;dsl;69;0;90,85;6637,57;5.09;0;0;0;0
48054;2024-06-22;Center-West;prepaid;monthly;fiber;64;1;122,19;7260,91;17.33;0;1;1;0
81425;2024-04-08;Southeast;prepaid;monthly;cable;29;1;157,83;4452,03;3.8;1;1;1;0
86352;2024-06-15;South;postpaid;monthly; fiber ;54;0;122,24;6745,31;11.95;0;0;1;0
44568;17/08/2024;North;prepaid;monthly;dsl;25;1;138,91;3247,06;10.32;2;2;0;1
21727;26/10/2024;South;prepaid;annual;fiber;9;1;73,9;714,84;8.01;1;1;0;0
14266;2024-07-13;Northeast;postpaid;monthly;cable;21;1;118,11;2574,51;9.01;2;0;0;0
67335;2024-06-30;South;postpaid;monthly;dsl;60;1;45,58;;11.95;1;0;0;0
75765;2024-07-30;Southeast;prepaid;annual;fiber;35;1;99,49;3743,91;2.46;0;1;0;0
32338;2024-02-21;South;prepaid;monthly;fiber;62;0;133,48;;6.06;1;0;0;0
75581;30/06/2024;North;prepaid;annual;fiber;23;0;56,96;1394,18;2.96;0;0;1;0
82187;19/04/2024;Southeast;prepaid;annual;fiber;33;1;165,31;5609,37;1.51;0;0;0;0
56063;2024-01-04;Center-West;prepaid;annual;FIBRE;6;0;92,58;606,56;3.57;0;0;0;0
48880;08/09/2024;Southeast;prepaid;annual;FIBRE;56;1;130,67;7843,63;10.08;0;0;0;0
30038;2024-04-07;Southeast;postpaid;monthly;fiber;23;0;100,48;2517,36;15.39;0;0;1;0
97992;25/08/2024;North;postpaid;monthly;fiber;7;0;139,84;1062,45;19.88;0;1;1;1
29773;2024-12-02;North;postpaid;annual;dsl;16;0;117,65;1927,34;19.03;3;0;0;0
91523;2024-01-05;South;prepaid;monthly;FIBRE;48;0;48,39;2486,12;12.15;0;0;0;0
52234;03/06/2024;South;prepaid;monthly;fiber;58;1;168,71;9527,48;2.16;1;0;1;0
31948;2024-04-14;Southeast;postpaid;annual;cable;68;1;129,01;8069,55;2.63;1;0;0;0
41976;2024-04-25;Northeast;postpaid;monthly;fiber;17;0;100,81;1709,17;3.64;1;0;0;0
46139;22/12/2024;South;postpaid;monthly;dsl;42;0;131,49;5111,32;15.09;0;0;0;0
99398;2024-01-09;Southeast;prepaid;monthly;cable;33;0;69,13;2147,21;5.51;1;0;0;0
34789;25/07/2024;South;prepaid;monthly;dsl;51;0;145,34;7541,16;19.42;0;0;0;0
29644;2024-05-15;Center-West;postpaid;annual;dsl;48;0;91,68;4185,6;6.63;2;1;0;0
74452;2024-02-03;South;postpaid;monthly;dsl;5;0;150,76;680,63;14.43;0;0;0;0
78317;2024-03-22;Center-West;prepaid;monthly;cable;11;0;71,11;749,87;14.14;0;0;0;0
13489;29/02/2024;South;postpaid;monthly;cable;42;0;148,54;6311,9;22.4;2;1;0;0
14330;2024-07-09;Southeast;postpaid;annual;fiber;38;1;166,0;6294,57;10.56;1;2;0;0
16393;2024-03-16;South;postpaid;monthly;dsl;63;0;177,12;10744,38;10.58;1;0;0;0
42005;2024-09-09;South;prepaid;monthly;cable;61;0;146,51;9324,95;11.41;2;0;0;1
13244;05/03/2024;Southeast;postpaid;annual;cable;5;0;135,6;645,19;19.02;0;0;0;0
16319;2024-01-23;North;postpaid;monthly;fiber;42;1;107,99;;5.82;0;0;0;0
88682;2024-09-20;South;prepaid;annual;fiber;29;1;45,86;1251,14;;0;1;0;0
44257;2024-09-16;Northeast;postpaid;monthly;dsl;35;0;113,98;3648,34;10.78;0;0;0;0
15055;2024-03-27;North;postpaid;monthly;fiber;5;0;114,49;556,6;3.81;0;0;0;0
32393;2024-01-09;North;postpaid;monthly;dsl;60;0;39,71;2554,02;8.51;1;0;0;0
65387;29/05/2024;North;prepaid;annual;fiber;12;1;133,59;1679,71;14.07;1;1;0;0
17597;2024-09-06;Southeast;postpaid;monthly;fiber;68;1;52,34;3704,24;4.5;0;1;0;0
58238;2024-01-23;Northeast;postpaid;monthly;fiber;67;0;119,49;7328,79;16.76;0;1;0;0
67495;2024-02-26;Southeast;prepaid;monthly;cable;59;0;100,89;5570,17;11.38;1;0;0;0
64510;02/08/2024;Northeast;prepaid;monthly;cable;9;1;161,26;1496,92;20.86;0;0;0;0
73268;2024-05-07;Center-West;prepaid;annual;cable;29;1;64,84;1949,31;20.71;0;0;0;0
91588;20/11/2024;Northeast;prepaid;annual;cable;2;0;55,68;109,38;25.69;0;0;1;0
33409;14/02/2024;North;postpaid;monthly;cable;44;1;112,68;5370,84;11.4;2;0;1;0
93451;2024-09-27;South;postpaid;monthly;fiber;62;1;99,04;6719,58;15.59;0;0;0;0
61110;2024-07-21;Center-West;prepaid;monthly;fiber;38;0;54,19;1916,35;;0;0;1;1
75495;2024-04-09;South;postpaid;annual;cable;2;0;122,06;230,6;9.17;1;0;0;0
51756;15/10/2024;North;prepaid;monthly;dsl;22;1;165,87;3996,54;10.13;1;0;0;1
50388;28/03/2024;Northeast;postpaid;monthly;fiber;13;0;141,04;1945,0;7.55;0;0;0;0
31524;23/07/2024;Center-West;postpaid;annual;cable;31;0;61,43;1802,7;5.04;1;0;0;0
53359;2024-06-13;Center-West;postpaid;annual;fiber;27;0;65,76;1917,27;10.83;1;0;0;0
53628;25/11/2024;Southeast;postpaid;monthly;cable;59;1;113,63;6890,25;12.69;2;0;0;0
84559;2024-02-09;Center-West;postpaid;monthly;dsl;16;0;131,63;2128,22;7.89;2;1;0;0
12181;12/01/2024;Southeast;prepaid;annual;fiber;22;1;176,85;4081,01;8.11;1;0;0;0
62024;2024-08-21;North;prepaid;annual;cable;17;1;45,72;734,21;26.07;1;1;0;0
86227;2024-05-10;Center-West;prepaid;monthly;dsl;64;0;111,95;7033,16;8.96;1;0;0;0
53700;2024-12-27;Northeast;prepaid;monthly;dsl;21;1;178,11;3684,3;4.1;1;1;0;0
91163;2024-05-18;Center-West;prepaid;monthly;dsl;71;1;46,63;3242,77;10.7;2;0;0;0
73855;19/06/2024;South;prepaid;monthly;fiber;48;1;175,89;7757,44;10.34;2;0;1;0
27063;2024-04-26;South;postpaid;monthly;fiber;22;1;99,33;2148,22;10.36;0;0;0;0
69092;2024-07-17;South;postpaid;annual;fiber;43;0;137,61;5502,21;11.25;1;1;0;0
54323;2024-06-02;South;postpaid;monthly;fiber;9;0;93,79;865,28;8.43;1;0;0;0
32221;2024-01-19;Northeast;postpaid;monthly;fiber;65;1;156,16;10973,51;6.54;2;0;0;0
89456;2024-07-27;North;prepaid;annual;dsl;68;0;166,28;11854,78;2.53;1;1;0;0
84220;2024-06-19;Northeast;prepaid;monthly;fiber;21;0;55,0;1141,63;4.89;1;0;0;0
14828;2024-03-11;North;postpaid;monthly;dsl;13;1;142,09;1837,08;14.35;0;0;0;0
92506;13/06/2024;South;postpaid;annual;fiber;31;0;33,11;1048,61;25.62;1;1;0;0
34385;2024-03-14;Southeast;prepaid;monthly;fiber;55;1;71,53;4286,5;6.54;1;0;0;0
23714;2024-01-27;North;postpaid;annual;cable;45;0;112,85;5538,85;8.33;3;0;0;0
60188;21/02/2024;Center-West;postpaid;monthly;cable;3;1;120,48;376,45;10.56;3;1;0;1
41973;2024-10-14;Center-West;prepaid;monthly;cable;1;0;84,79;83,76;30.57;2;0;0;1
50429;2024-04-18;South;prepaid;annual;fiber;17;1;70,57;1132,71;10.47;1;0;0;0
95147;2024-06-23;North;prepaid;monthly;dsl;54;0;55,75;2811,79;32.32;2;1;1;0
90197;2024-08-23;Northeast;postpaid;monthly;fiber;19;0;65,96;1129,91;2.52;0;0;0;0
27680;2024-08-11;Northeast;postpaid;monthly;dsl;64;1;49,53;3084,65;2.95;1;0;0;0
25278;2024-07-06;Southeast;postpaid;monthly;cable;22;0;69,17;1388,16;23.74;1;0;0;0
53420;20/04/2024;North;postpaid;monthly; fiber ;64;1;153,19;10184,71;5.19;1;1;0;0
27882;2024-04-14;Southeast;postpaid;annual;cable;66;1;73,13;4486,16;9.3;0;0;1;0
26748;2024-06-10;Southeast;prepaid;monthly;dsl;52;0;166,15;9176,67;8.94;1;0;0;0
37636;2024-12-16;Northeast;postpaid;monthly;fiber;13;1;66,78;833,76;3.43;3;0;0;0
21603;2024-05-20;Southeast;postpaid;monthly;fiber;6;1;103,79;667,44;9.5;1;0;0;0
78107;2024-08-19;South;postpaid;monthly;cable;13;1;55,14;647,44;36.72;1;1;0;1
38215;26/04/2024;North;prepaid;monthly;fiber;45;1;32,56;1349,14;18.52;2;0;0;0
39902;2024-04-08;Northeast;postpaid;monthly;fiber;50;0;123,83;6545,01;3.91;0;0;0;0
55354;21/08/2024;North;postpaid;annual;fiber;70;0;80,66;5800,75;3.2;2;3;0;1
52559;2024-01-17;Southeast;prepaid;monthly;cable;68;1;81,76;5159,9;14.87;1;0;0;0
67443;2024-04-20;Northeast;prepaid;monthly;fiber;22;1;91,16;2166,03;26.55;2;0;0;0
55194;2024-03-26;Center-West;prepaid;annual;cable;28;0;146,66;4248,79;31.76;0;0;0;0
47221;2024-02-17;Center-West;postpaid;monthly;dsl;55;0;89,96;4949,54;;2;0;0;0
68905;2024-06-27;Northeast;postpaid;monthly;fiber;55;0;42,96;2469,81;3.88;1;0;0;0
76721;2024-03-12;North;prepaid;annual;fiber;23;1;71,81;1694,63;13.82;2;0;1;0
52115;2024-03-16;Center-West;postpaid;annual;dsl;3;0;116,42;314,45;5.2;0;0;0;0
58701;15/08/2024;North;prepaid;monthly;fiber;7;1;179,02;1352,48;;2;0;0;0
40612;2024-04-28;Southeast;postpaid;monthly; fiber ;59;0;51,47;3239,76;16.62;1;0;0;0
68404;2024-09-13;Center-West;prepaid;monthly; fiber ;25;1;78,52;1993,63;6.7;0;0;0;0
86848;2024-12-26;South;postpaid;monthly;cable;52;1;102,84;5375,52;22.47;2;0;1;0
65218;2024-06-11;Center-West;postpaid;monthly;dsl;57;1;171,7;10383,59;9.69;1;0;0;0
61575;2024-12-07;South;prepaid;annual;dsl;64;0;46,26;;9.16;0;0;1;0
35586;14/04/2024;Center-West;prepaid;annual;fiber;35;1;149,07;5680,88;6.53;1;0;0;0
41281;2024-07-05;North;postpaid;annual;fiber;46;0;138,44;6923,08;14.54;0;0;0;0
47423;2024-06-25;North;postpaid;monthly;dsl;14;0;75,97;1049,04;15.98;1;0;0;1
26196;2024-11-01;South;postpaid;monthly;FIBRE;67;1;146,06;9975,02;1.3;0;0;0;0
77649;19/04/2024;Center-West;postpaid;monthly;cable;63;1;116,23;7559,32;23.31;1;1;0;0
31464;12/04/2024;Southeast;postpaid;monthly;cable;28;0;55,7;1649,65;;0;0;0;1
76724;2024-06-26;North;prepaid;monthly;FIBRE;27;0;72,86;2096,04;12.36;3;0;0;1
80784;2024-09-29;South;postpaid;annual;cable;53;0;79,25;4373,84;9.22;1;0;0;0
31210;01/12/2024;North;prepaid;monthly;dsl;30;0;78,45;2503,2;13.43;0;0;0;0
77043;2024-11-22;South;prepaid;monthly;dsl;52;0;141,95;7053,48;17.13;0;2;0;0
27655;2024-01-12;Northeast;prepaid;monthly;fiber;7;1;129,04;;10.7;1;1;0;0
89251;2024-10-31;South;prepaid;annual;cable;20;0;152,98;3296,25;8.93;1;1;0;0
38333;2024-04-09;Southeast;postpaid;monthly;FIBRE;56;0;106,62;6198,47;10.3;0;0;1;0
37919;18/08/2024;Southeast;postpaid;annual;cable;66;0;82,58;5737,4;13.61;2;1;0;0
99464;01/10/2024;Northeast;postpaid;annual;fiber;2;0;40,16;79,57;10.8;2;1;0;1
80794;2024-10-29;South;prepaid;monthly;fiber;56;1;149,16;8392,47;13.35;2;2;0;0
50016;2024-04-03;South;postpaid;annual;cable;5;0;41,22;191,25;12.09;2;0;1;0
31466;2024-01-03;Northeast;postpaid;monthly;fiber;62;1;75,22;4808,8;10.69;0;1;0;1
25058;2024-11-17;South;prepaid;monthly; fiber ;18;1;130,33;2391,44;10.31;2;0;0;0
38374;2024-05-20;South;postpaid;monthly;cable;26;0;144,63;4120,12;10.37;2;0;0;1
44779;2024-10-01;South;postpaid;monthly;fiber;51;0;40,28;2054,75;8.85;0;0;0;0
11187;2024-10-07;South;prepaid;annual;cable;60;0;121,14;7235,22;6.96;2;0;0;0
81076;23/08/2024;Northeast;postpaid;annual;cable;30;0;50,57;1523,82;9.22;0;0;0;0
76001;2024-05-28;North;postpaid;monthly; fiber ;23;1;143,59;3547,26;10.61;0;0;1;1
38594;2024-02-09;Center-West;prepaid;monthly;dsl;70;0;139,48;9890,71;15.81;1;0;0;0
18777;2024-03-09;Northeast;prepaid;monthly;cable;69;1;142,21;9751,61;16.49;1;0;0;0
70621;2024-08-19;Southeast;postpaid;monthly;cable;38;0;39,56;1438,83;24.73;3;0;1;1
14176;2024-10-09;South;postpaid;annual;dsl;2;0;113,91;250,57;13.05;1;0;0;0
37893;2024-06-29;South;postpaid;monthly;dsl;69;1;66,13;4738,06;2.13;0;0;0;0
14773;2024-08-10;North;postpaid;annual;dsl;44;1;104,37;4237,87;9.85;3;0;0;0
35039;2024-06-10;South;postpaid;monthly;fiber;40;0;178,41;6606,17;10.18;1;1;0;0
93539;2024-07-10;Center-West;postpaid;annual;dsl;8;0;43,57;352,62;;1;1;0;0
54287;2024-12-05;South;postpaid;monthly;fiber;71;0;119,11;8722,75;2.21;2;1;0;0
21250;03/05/2024;North;postpaid;monthly;fiber;52;0;54,75;2747,93;15.99;2;1;0;1
26138;22/11/2024;Southeast;prepaid;annual;fiber;16;1;106,51;1538,45;12.1;1;2;0;0
31521;2024-02-05;Center-West;postpaid;monthly;cable;26;1;108,14;2883,78;8.26;0;0;0;1
44563;2024-01-09;Center-West;postpaid;monthly; fiber ;25;1;98,43;2282,56;5.13;0;0;0;0
90702;2024-11-11;Northeast;postpaid;annual; fiber ;62;0;125,94;7865,65;10.48;1;0;0;0
77712;09/07/2024;South;postpaid;monthly;fiber;34;1;176,13;6478,16;35.2;1;3;0;0
24911;14/03/2024;Southeast;postpaid;monthly;fiber;62;0;150,78;9328,3;12.1;1;1;0;0
78995;2024-01-13;Northeast;prepaid;monthly;cable;49;0;173,78;7936,02;11.04;1;0;0;0
95063;2024-08-19;North;prepaid;monthly;fiber;27;0;58,42;1587,4;5.27;1;0;0;0
69262;2024-06-02;Center-West;prepaid;annual;fiber;29;1;178,98;4774,97;14.14;0;0;1;1
50281;2024-04-17;Northeast;prepaid;annual;cable;58;1;75,77;4659,0;7.66;1;0;0;0
31846;2024-12-27;North;postpaid;monthly;fiber;36;0;35,12;1271,13;14.48;0;0;1;0
12056;24/03/2024;Center-West;prepaid;monthly;fiber;49;1;95,44;4568,85;2.88;0;0;0;0
48876;2024-11-16;Center-West;prepaid;monthly;cable;9;1;66,93;608,15;5.77;0;0;1;0
63774;12/06/2024;North;prepaid;monthly;dsl;31;1;144,32;4202,04;7.5;1;0;0;1
82861;12/03/2024;Southeast;postpaid;annual;fiber;41;0;43,04;1694,91;9.05;0;0;0;0
96235;2024-09-24;Southeast;postpaid;monthly;dsl;25;0;112,2;2717,47;23.87;1;0;0;0
76821;03/11/2024;North;prepaid;annual;dsl;61;0;73,41;4593,49;20.27;0;0;0;0
78866;2024-03-25;North;prepaid;monthly;dsl;15;1;61,01;932,27;13.14;0;0;0;0
47593;2024-07-28;Southeast;prepaid;annual;fiber;61;1;161,35;9095,3;5.27;2;0;0;0
97070;2024-02-03;Southeast;prepaid;monthly;cable;5;1;107,33;578,13;5.41;1;1;1;1
45610;2024-08-26;Northeast;prepaid;monthly;dsl;31;0;78,82;2321,55;19.08;2;0;0;1
32468;26/06/2024;Northeast;prepaid;annual;dsl;37;1;141,92;5636,96;8.69;1;0;0;0
80023;2024-11-02;Southeast;prepaid;monthly;cable;19;1;157,98;2908,0;6.81;1;0;0;0
91471;2024-07-19;North;postpaid;monthly;cable;39;0;96,31;3767,28;8.07;0;1;0;0
75337;2024-03-31;Southeast;postpaid;annual;dsl;64;0;57,32;3648,94;9.85;0;0;0;0
60106;2024-08-27;Northeast;postpaid;annual;fiber;32;1;179,15;5921,31;12.51;0;1;0;0
59912;2024-05-18;Center-West;prepaid;monthly;fiber;39;0;83,85;3114,41;9.57;0;2;0;0
63064;2024-06-13;Center-West;prepaid;annual;dsl;68;0;60,83;4265,0;2.3;1;1;0;0
86769;2024-08-09;North;postpaid;monthly;fiber;66;1;45,5;2962,36;;1;0;0;0
19606;2024-05-21;Northeast;prepaid;annual;dsl;1;0;48,58;50,87;12.96;1;0;0;0
26258;22/03/2024;Center-West;postpaid;monthly;dsl;52;1;171,46;9015,55;12.72;0;1;0;0
26175;25/02/2024;Northeast;postpaid;monthly;dsl;61;0;172,0;11089,04;9.63;1;0;0;0
90135;2024-12-17;North;postpaid;monthly;fiber;67;1;106,19;7661,5;5.01;0;0;0;1
83510;2024-04-19;Northeast;prepaid;annual;cable;57;1;133,82;7502,93;3.83;2;0;0;0
89814;2024-10-28;North;postpaid;annual;dsl;6;0;154,9;872,8;8.06;1;0;0;0
15526;2024-03-31;Center-West;prepaid;monthly;dsl;54;1;113,62;5610,93;16.06;1;0;0;0
51817;2024-09-19;North;prepaid;monthly;dsl;60;0;130,05;7565,45;6.9;1;0;0;0
29101;2024-02-18;Center-West;prepaid;monthly;fiber;38;1;175,05;6753,7;45.69;1;0;0;0
57082;2024-03-31;Southeast;postpaid;monthly;dsl;2;0;55,88;116,3;17.82;0;0;1;1
90647;14/12/2024;Southeast;postpaid;annual;fiber;14;1;50,82;731,88;8.42;2;0;1;0
40082;2024-11-28;Southeast;prepaid;monthly;dsl;20;0;142,95;2677,03;7.91;0;1;0;1
23966;07/03/2024;North;prepaid;annual;fiber;62;1;135,5;8382,24;9.03;2;0;0;0
18559;2024-07-01;Northeast;postpaid;annual;fiber;9;0;57,89;549,11;10.58;1;0;1;0
54778;27/07/2024;South;postpaid;monthly;fiber;53;1;75,36;4223,02;4.55;1;0;0;0
13795;2024-11-11;Southeast;prepaid;monthly;fiber;13;1;132,79;1759,93;7.32;1;0;0;0
79753;2024-05-27;Center-West;prepaid;annual;cable;60;1;104,15;5790,73;23.74;0;1;0;0
16217;2024-11-18;Northeast;postpaid;annual;cable;1;0;164,02;162,11;14.03;0;0;0;1
79956;2024-07-19;Northeast;postpaid;annual;fiber;17;1;155,57;2380,27;8.9;0;0;1;0
20858;18/04/2024;North;postpaid;monthly;fiber;8;0;103,07;854,99;12.91;1;1;0;0
77717;01/08/2024;North;prepaid;monthly;dsl;40;1;130,03;5075,51;9.23;0;0;0;0
16853;31/01/2024;Southeast;prepaid;annual;fiber;56;0;126,52;6655,06;16.96;1;2;0;0
80566;08/07/2024;Southeast;prepaid;monthly;fiber;30;1;43,81;1242,59;28.42;1;0;0;0
29578;2024-01-29;Center-West;prepaid;annual; fiber ;38;1;93,84;3214,23;10.49;2;0;0;0
74774;30/04/2024;South;postpaid;annual;dsl;46;0;95,98;4715,92;4.7;1;1;0;0
51584;2024-09-15;Northeast;prepaid;monthly;cable;33;1;164,61;4893,78;5.28;0;1;0;0
33031;2024-05-04;Northeast;postpaid;monthly;fiber;54;1;162,79;8536,63;18.98;0;0;0;0
63871;27/12/2024;South;postpaid;monthly;cable;21;0;38,65;;27.81;1;0;0;0
88645;03/03/2024;South;postpaid;annual;cable;13;0;156,78;2167,61;7.0;0;1;0;0
27859;2024-11-22;Northeast;postpaid;monthly;cable;14;1;121,75;1859,89;6.8;1;0;0;0
69626;2024-05-30;Southeast;postpaid;monthly;dsl;13;1;32,43;403,1;14.22;1;0;0;0
47512;2024-08-25;North;prepaid;annual;cable;3;1;87,25;235,64;4.45;0;0;1;0
33337;2024-05-12;Center-West;prepaid;annual;dsl;4;1;163,21;684,24;14.21;1;0;1;0
51136;30/06/2024;Northeast;prepaid;monthly;cable;4;0;83,74;335,5;15.33;1;0;0;0
75794;2024-12-28;Northeast;postpaid;annual;FIBRE;12;1;131,47;1551,48;6.47;3;1;0;1
33129;11/03/2024;Southeast;postpaid;monthly;dsl;46;0;114,85;5501,56;2.99;0;1;0;0
88095;2024-02-04;Southeast;prepaid;annual;dsl;18;0;118,48;2343,03;6.37;1;0;0;0
30478;2024-07-20;South;prepaid;annual;FIBRE;42;0;102,12;4053,86;16.21;1;0;0;0
96051;2024-07-29;South;prepaid;monthly;fiber;6;1;102,35;629,79;13.43;1;0;0;0
14838;16/11/2024;Southeast;prepaid;monthly;fiber;57;1;165,4;9608,9;9.73;2;0;0;0
31813;2024-12-27;Center-West;postpaid;monthly;fiber;26;1;92,07;2449,07;19.59;1;0;0;0
44586;2024-08-02;Southeast;prepaid;annual;FIBRE;32;1;58,71;1889,88;12.8;2;0;0;0
69012;04/12/2024;Northeast;postpaid;annual;fiber;48;1;92,96;4885,36;11.96;0;1;0;0
53646;2024-02-04;North;postpaid;monthly;fiber;71;0;139,94;9445,73;3.87;1;2;0;0
44188;10/09/2024;Northeast;prepaid;annual;dsl;57;0;101,29;6204,02;13.27;3;0;0;0
52566;2024-07-12;South;prepaid;monthly;FIBRE;29;1;139,81;4184,03;16.11;0;1;0;0
83968;24/05/2024;South;postpaid;annual;fiber;25;1;65,97;1783,52;27.29;0;0;0;0
27136;06/11/2024;Northeast;postpaid;annual;fiber;25;0;117,41;3109,22;7.2;0;0;0;1
14889;22/09/2024;South;prepaid;monthly;fiber;6;0;159,65;988,44;9.75;0;0;0;0
44724;26/01/2024;Northeast;prepaid;monthly;fiber;24;1;109,39;;21.58;0;1;0;0
64105;2024-12-07;Southeast;postpaid;annual;cable;54;0;125,52;6920,23;15.18;1;0;0;0
10370;2024-06-30;Southeast;postpaid;annual;fiber;20;0;131,82;2489,83;14.5;1;0;0;0
20968;2024-07-16;Northeast;postpaid;monthly;fiber;28;1;140,95;3819,57;5.54;0;2;1;0
81740;05/03/2024;Northeast;postpaid;annual;dsl;5;0;82,54;404,24;9.8;0;0;1;0
64785;05/05/2024;Southeast;postpaid;monthly;cable;18;0;124,03;2399,51;15.75;0;0;0;0
28604;17/09/2024;Center-West;prepaid;monthly;fiber;5;0;92,43;502,49;6.36;2;0;0;1
13429;2024-01-05;Southeast;postpaid;annual;fiber;34;0;88,64;3177,49;11.31;1;0;0;0
94415;2024-05-22;Center-West;prepaid;monthly;dsl;22;1;101,28;2072,99;9.44;0;2;1;0
76848;2024-07-03;Northeast;postpaid;annual;fiber;69;0;91,17;6158,57;14.92;0;0;0;0
49772;2024-11-29;Center-West;postpaid;annual;fiber;42;0;33,88;1282,16;12.82;0;1;0;0
87804;2024-02-03;Center-West;postpaid;monthly;cable;27;1;141,3;4087,5;2.41;2;0;0;0
57253;2024-11-18;South;postpaid;monthly;cable;39;1;117,65;4256,07;9.57;0;0;0;0
35527;26/04/2024;Northeast;postpaid;monthly;dsl;69;0;50,64;3597,78;25.39;0;0;0;0
77379;2024-04-05;South;postpaid;monthly;FIBRE;13;0;69,2;905,2;18.2;0;0;0;0
32351;2024-08-15;North;postpaid;annual;dsl;18;0;121,66;2081,76;9.29;0;0;0;0
50190;07/06/2024;South;postpaid;monthly;cable;39;0;107,7;4267,61;16.77;1;0;0;0
16427;2024-04-11;North;prepaid;annual;cable;8;0;138,51;1064,47;8.3;0;0;0;0
44400;2024-03-19;Center-West;prepaid;monthly;fiber;37;0;103,38;3682,76;14.86;1;0;0;0
69585;2024-03-22;North;postpaid;monthly;fiber;12;1;156,7;1742,11;7.0;2;0;0;1
29779;2024-03-24;Southeast;postpaid;annual;fiber;62;1;41,62;2605,43;29.25;3;0;0;0
48196;02/08/2024;South;postpaid;monthly;cable;55;1;121,98;7241,6;9.51;1;0;0;0
59506;16/06/2024;Northeast;postpaid;annual;FIBRE;4;1;85,73;332,36;11.13;0;0;0;0
15733;27/01/2024;North;prepaid;annual;fiber;39;1;76,03;3010,6;19.57;0;0;0;0
52061;2024-03-27;North;prepaid;annual; fiber ;15;1;171,55;2509,59;10.96;1;1;0;0
53996;2024-12-04;North;postpaid;monthly;fiber;42;1;159,57;6409,02;12.1;2;1;0;0
62986;2024-10-24;South;prepaid;monthly;cable;39;0;57,56;2241,17;11.99;1;0;1;0
86253;2024-12-24;North;postpaid;annual;fiber;69;0;38,62;2533,33;13.31;2;0;0;0
77554;2024-09-09;Northeast;postpaid;monthly;fiber;13;0;160,09;2160,62;5.42;4;0;0;1
95109;2024-12-27;Center-West;postpaid;annual;dsl;36;1;55,39;2158,63;14.0;1;1;0;0
56260;07/09/2024;Northeast;prepaid;annual;dsl;69;1;169,24;11488,45;7.99;0;0;0;0
87072;2024-01-03;Center-West;postpaid;monthly;dsl;9;1;71,6;667,04;7.35;1;0;0;0
29874;2024-07-21;Center-West;prepaid;annual;cable;19;1;91,75;1654,42;9.09;2;0;0;0
45574;2024-01-01;Southeast;prepaid;annual;fiber;52;1;36,75;1917,32;4.48;3;0;0;0
60203;2024-02-20;South;prepaid;monthly;fiber;8;1;110,63;901,64;9.03;0;0;0;0
75100;2024-02-07;South;prepaid;annual;fiber;15;1;58,31;933,81;5.15;0;0;0;0
99432;2024-01-19;Southeast;postpaid;annual;dsl;68;0;94,66;6681,04;2.26;2;0;0;0
20628;30/11/2024;Southeast;postpaid;monthly;cable;42;0;167,91;6759,82;16.66;0;1;0;0
82154;29/02/2024;Northeast;prepaid;annual;fiber;4;1;67,89;286,77;9.0;2;0;0;0
70830;13/11/2024;South;postpaid;monthly;dsl;61;1;125,24;8171,45;12.46;0;1;0;0
97675;24/04/2024;Southeast;postpaid;monthly;dsl;38;1;60,3;2313,69;15.09;1;0;1;0
70258;2024-01-07;South;postpaid;annual;cable;34;0;121,48;4187,57;21.94;1;0;0;0
11738;02/05/2024;South;postpaid;annual;fiber;71;1;73,37;5396,35;9.16;0;0;0;0
47679;27/01/2024;Southeast;postpaid;monthly;fiber;23;1;132,23;;10.81;0;0;0;0
23604;2024-04-24;Southeast;prepaid;annual;dsl;27;1;145,59;3990,25;14.47;0;0;0;0
78454;20/04/2024;Northeast;prepaid;monthly;cable;41;1;162,1;6901,3;3.59;0;1;0;0
71828;2024-01-19;Center-West;postpaid;monthly;dsl;18;1;167,79;2882,59;8.4;0;0;1;0
86370;2024-04-11;North;postpaid;monthly;cable;10;0;66,2;606,81;;1;2;0;1
57343;11/02/2024;Northeast;postpaid;annual;fiber;10;0;49,35;475,02;7.45;1;2;0;1
59142;01/01/2024;Center-West;prepaid;monthly;dsl;22;0;37,28;803,38;7.49;0;2;0;1
32150;15/08/2024;Center-West;prepaid;monthly;fiber;6;1;138,05;893,41;6.47;0;0;0;0
71610;30/01/2024;Southeast;postpaid;annual;fiber;36;0;58,03;2259,17;42.14;0;0;0;0
84623;09/09/2024;Center-West;prepaid;monthly;fiber;71;1;150,02;10902,41;10.53;1;0;0;0
33873;04/09/2024;Southeast;postpaid;monthly;fiber;19;1;174,72;3051,56;6.19;2;0;0;0
28435;04/11/2024;Southeast;postpaid;monthly;fiber;3;1;52,19;145,27;9.26;1;0;0;1
44627;2024-08-03;North;prepaid;annual;dsl;3;1;72,5;195,84;5.9;0;0;0;0
30715;04/06/2024;Northeast;prepaid;annual;cable;12;0;108,61;1289,34;11.1;0;0;0;0
23717;09/05/2024;Southeast;prepaid;annual;fiber;42;0;94,58;4110,09;12.5;2;0;0;0
49023;2024-03-27;South;prepaid;monthly;fiber;34;1;93,89;3472,65;22.18;0;0;0;0
69667;2024-03-30;South;postpaid;monthly;FIBRE;29;0;62,57;1714,57;4.08;3;1;0;0
85638;2024-03-13;South;postpaid;annual;fiber;54;1;163,38;8181,67;18.13;0;0;0;0
36517;2024-06-22;Center-West;prepaid;monthly;fiber;28;0;132,24;3531,39;10.9;1;0;0;0
52042;21/08/2024;South;postpaid;monthly;dsl;44;1;53,08;2355,78;16.22;1;0;0;0
88158;2024-08-21;South;prepaid;monthly;cable;71;1;30,67;1976,05;18.61;1;0;0;0
41635;22/09/2024;Southeast;prepaid;monthly;dsl;13;0;144,4;2000,86;;0;0;0;1
20275;2024-04-21;Southeast;postpaid;monthly;dsl;8;1;32,38;265,12;5.03;0;0;1;0
58328;11/12/2024;Southeast;postpaid;annual;dsl;16;1;162,06;2731,0;14.97;0;0;0;0
47932;2024-02-18;North;postpaid;monthly;fiber;11;0;109,41;1312,51;6.29;2;1;0;0
82462;2024-09-15;North;prepaid;annual;FIBRE;59;1;169,51;10455,56;;0;1;0;0
85898;2024-11-30;North;postpaid;monthly;fiber;63;1;145,78;9753,22;;3;0;0;0
44083;2024-11-01;Center-West;prepaid;annual;FIBRE;40;1;164,15;6768,65;13.93;0;0;0;0
79954;2024-02-12;North;postpaid;monthly;cable;10;0;141,57;1352,21;15.67;2;0;0;0
27648;05/09/2024;Southeast;postpaid;annual;fiber;61;1;116,49;6695,47;7.96;2;1;0;0
96463;2024-11-02;South;postpaid;monthly;fiber;66;0;55,96;4047,1;12.64;2;0;0;1
18608;07/05/2024;South;prepaid;annual;fiber;29;1;139,15;3964,5;13.26;0;1;0;1
58108;2024-07-24;Center-West;postpaid;monthly;fiber;48;0;118,85;5712,41;9.43;1;0;0;0
95613;2024-06-26;South;postpaid;monthly;cable;44;1;98,2;;19.64;0;0;0;0
75498;2024-06-20;Southeast;prepaid;annual; fiber ;38;1;113,79;3992,86;3.04;1;2;0;0
24220;29/08/2024;Northeast;postpaid;annual;dsl;26;1;64,84;1668,41;5.93;0;0;0;0
84647;03/04/2024;North;postpaid;annual;fiber;20;1;90,66;1861,97;19.53;1;0;0;0
51177;2024-04-24;Southeast;postpaid;annual;fiber;20;0;48,63;1045,18;13.52;1;0;0;0
16764;2024-09-12;Northeast;prepaid;annual;fiber;26;0;91,47;2296,92;33.05;0;0;0;0
45048;2024-02-07;South;postpaid;monthly;cable;54;0;100,04;5296,51;15.36;0;0;0;0
64219;2024-06-28;Center-West;prepaid;monthly;fiber;59;0;158,67;10055,08;7.13;1;0;0;0
20997;30/09/2024;Center-West;postpaid;monthly;dsl;9;1;109,08;1022,66;18.59;0;0;0;0
14010;2024-02-07;South;postpaid;annual;fiber;5;1;166,33;795,62;20.58;0;0;0;0
65087;2024-04-03;North;prepaid;monthly;dsl;34;1;175,19;6451,88;12.95;1;0;0;1
34531;2024-10-26;North;postpaid;monthly;dsl;55;1;37,35;1868,49;5.52;0;0;0;0
19457;2024-07-04;Northeast;postpaid;monthly;dsl;40;0;119,57;4920,36;;2;0;0;1
31079;2024-09-07;Southeast;postpaid;monthly;fiber;59;0;74,89;4835,86;8.47;1;1;0;0
58822;2024-11-05;South;postpaid;monthly;fiber;51;0;157,7;7333,1;7.43;0;0;0;1
54780;08/10/2024;Southeast;postpaid;monthly;cable;51;1;104,11;5365,61;11.91;0;1;0;0
25226;2024-05-09;Northeast;postpaid;monthly;dsl;39;1;41,71;1583,93;3.21;2;1;0;0
48745;2024-03-24;Southeast;postpaid;annual;fiber;4;0;62,25;244,61;10.03;1;0;0;0
35883;2024-08-28;North;prepaid;monthly;fiber;13;1;131,08;1614,83;7.19;1;0;0;0
46986;27/04/2024;Northeast;postpaid;monthly;fiber;53;0;41,94;2403,33;5.59;1;0;0;0
33235;2024-04-11;Center-West;postpaid;monthly;fiber;22;1;86,86;1780,7;8.86;0;0;0;0
71196;29/04/2024;South;postpaid;monthly;fiber;52;1;160,74;7660,18;8.14;0;0;0;0
10718;2024-06-26;Southeast;prepaid;monthly;FIBRE;25;1;34,38;790,75;18.53;4;0;0;0
90243;2024-02-28;Northeast;prepaid;monthly;FIBRE;1;1;134,43;122,07;10.46;0;0;0;0
25784;25/03/2024;Southeast;prepaid;monthly;dsl;49;0;131,32;6523,8;13.62;0;0;0;1
28122;2024-11-17;Southeast;prepaid;annual;cable;64;1;78,11;4752,96;21.7;0;0;0;0
96244;2024-11-22;Center-West;prepaid;monthly;dsl;32;1;46,91;1621,33;7.24;1;0;0;0
80005;2024-05-13;Center-West;prepaid;monthly;dsl;10;1;45,36;478,71;10.78;2;0;1;1
63518;2024-01-25;Northeast;prepaid;monthly;dsl;30;1;175,38;5377,43;14.63;2;0;0;1
72358;2024-04-22;Center-West;postpaid;monthly;fiber;69;0;131,54;8658,82;11.57;0;1;0;0
80640;2024-06-02;Southeast;prepaid;monthly;dsl;23;1;86,4;2170,67;9.84;0;1;0;0
20136;2024-06-22;Southeast;postpaid;monthly; fiber ;6;0;155,03;868,21;9.25;1;1;0;1
87908;2024-05-18;South;prepaid;monthly;fiber;55;1;45,5;2718,29;13.12;0;0;0;0
74358;15/12/2024;Southeast;postpaid;monthly;dsl;17;0;49,04;804,62;6.39;1;0;0;0
33842;2024-10-17;Center-West;prepaid;annual;fiber;3;1;59,63;186,2;6.19;1;1;0;0
27183;13/05/2024;Southeast;postpaid;monthly;dsl;50;0;144,53;7520,5;23.97;1;0;0;0
75145;25/12/2024;North;postpaid;monthly;dsl;25;1;91,33;2299,48;2.99;2;1;0;0
53549;2024-12-05;Center-West;postpaid;monthly;fiber;10;0;126,39;1221,87;6.66;0;0;0;1
94598;2024-05-02;Northeast;prepaid;monthly;fiber;4;0;64,87;246,84;15.5;3;0;1;1
83398;2024-12-06;South;postpaid;annual;dsl;14;1;146,59;2025,57;18.67;0;0;0;0
74659;2024-12-05;North;prepaid;monthly;dsl;11;1;150,25;1787,84;4.56;0;0;0;0
27986;2024-04-27;North;postpaid;monthly;cable;1;0;91,99;88,61;19.77;1;0;0;1
20854;2024-04-20;Northeast;prepaid;annual;fiber;27;1;61,39;1695,23;44.96;0;0;0;0
76508;2024-08-04;North;postpaid;monthly;cable;59;1;124,51;6730,65;22.36;2;1;1;0
78121;2024-10-25;South;prepaid;monthly;fiber;29;0;68,42;1854,27;10.13;2;0;0;1
93975;22/08/2024;Northeast;postpaid;annual;fiber;3;1;52,24;141,5;10.13;2;0;0;0
24679;10/08/2024;Center-West;prepaid;annual;dsl;63;1;122,37;8346,85;12.34;0;3;0;1
49985;2024-04-14;North;prepaid;monthly;fiber;45;1;106,94;4925,39;5.87;0;1;0;0
13588;2024-09-15;Southeast;prepaid;annual;fiber;69;1;147,52;10673,52;8.18;0;0;0;0
11817;2024-12-28;North;prepaid;monthly;fiber;42;0;73,85;3238,93;9.86;0;0;0;0
29022;2024-10-25;Center-West;postpaid;annual;cable;34;0;63,8;1961,07;16.46;0;0;0;0
83560;2024-08-05;Center-West;postpaid;monthly;cable;37;1;126,08;4636,8;15.78;1;0;0;0
75798;2024-01-30;North;postpaid;annual;cable;1;1;135,16;145,86;5.52;2;0;1;0
45462;2024-09-17;Southeast;prepaid;monthly;fiber;27;0;92,0;2599,97;9.44;2;0;0;1
29796;2024-07-23;North;prepaid;monthly;fiber;32;0;96,35;3209,73;4.77;3;0;0;0
60719;2024-09-09;Center-West;postpaid;monthly;cable;22;1;48,53;1093,45;20.5;0;1;1;0
97930;04/09/2024;Center-West;prepaid;annual;FIBRE;60;0;100,41;5774,5;9.12;1;0;0;0
85456;2024-03-22;Southeast;prepaid;annual;fiber;68;0;174,2;11520,11;12.87;2;0;0;0
90393;2024-07-23;South;postpaid;annual;fiber;34;1;47,05;1440,05;10.58;1;0;1;0
33392;2024-08-04;North;prepaid;annual;dsl;56;0;115,2;6679,19;15.48;1;0;0;0
69147;2024-07-07;Southeast;prepaid;monthly;dsl;16;0;32,76;498,98;5.42;1;0;1;1
14434;2024-11-11;Center-West;prepaid;annual; fiber ;66;0;78,81;5058,06;3.67;2;1;0;0
36679;2024-08-14;Southeast;postpaid;monthly;fiber;50;1;144,17;6608,79;4.17;0;0;0;0
84296;2024-10-05;Northeast;prepaid;annual;dsl;53;1;115,07;6556,47;5.51;2;0;0;0
56125;2024-09-01;Center-West;postpaid;annual;dsl;43;1;42,17;1694,89;4.9;1;0;0;0
93603;2024-06-16;Northeast;prepaid;monthly;fiber;59;1;97,77;5705,14;6.84;1;1;0;0
93491;31/08/2024;Northeast;prepaid;monthly; fiber ;38;1;41,86;1546,54;7.53;0;1;0;1
16023;2024-07-17;South;prepaid;annual;cable;69;1;86,03;5584,2;3.07;0;0;0;0
17880;2024-08-04;Center-West;postpaid;annual;dsl;48;1;145,34;7461,77;10.6;1;0;0;0
34612;2024-08-22;North;prepaid;annual;dsl;33;0;68,74;2157,74;13.46;2;0;0;0
86856;2024-07-28;Southeast;postpaid;monthly;dsl;15;1;98,01;1416,05;5.08;2;1;0;1
94568;2024-05-15;South;prepaid;monthly;cable;65;0;105,05;7274,78;11.21;0;0;0;1
13902;2024-09-07;South;prepaid;annual;fiber;4;1;157,99;621,48;5.95;3;1;0;1
89736;2024-05-01;North;prepaid;annual;FIBRE;4;1;48,23;195,52;19.37;0;0;0;0
86503;2024-07-23;South;postpaid;monthly;fiber;3;0;112,56;356,02;12.98;2;0;0;0
15177;13/06/2024;North;postpaid;monthly;cable;8;1;34,62;268,82;21.34;1;0;0;0
94513;2024-07-18;North;postpaid;annual;fiber;18;1;44,0;784,63;24.27;1;0;0;0
19714;2024-12-30;South;postpaid;annual;fiber;35;1;63,11;2133,0;2.5;1;0;0;0
74289;2024-08-10;Northeast;postpaid;monthly;fiber;20;0;137,96;2532,44;10.55;0;1;0;1
24193;2024-09-12;South;postpaid;annual;dsl;33;0;36,17;1237,06;20.38;1;0;0;1
95414;2024-05-14;Northeast;postpaid;annual;dsl;32;1;171,76;5354,03;17.75;0;1;1;1
47627;2024-02-18;South;postpaid;monthly;fiber;32;1;94,15;2744,4;6.67;1;0;0;0
41837;15/12/2024;Center-West;prepaid;monthly;fiber;5;0;155,8;850,11;7.85;0;0;0;0
63713;2024-02-15;South;postpaid;monthly;dsl;39;0;63,28;2442,08;10.19;1;0;0;0
51557;21/08/2024;Southeast;postpaid;annual;fiber;22;1;80,67;1603,19;21.82;0;1;0;0
93466;19/02/2024;Southeast;prepaid;monthly;dsl;39;0;139,05;5271,61;17.74;0;0;0;0
58231;2024-09-20;Center-West;postpaid;annual;FIBRE;5;1;86,88;455,03;23.3;2;0;0;0
62086;17/11/2024;Center-West;postpaid;monthly;cable;62;0;106,12;6271,68;19.56;1;0;0;0
68449;2024-01-11;South;prepaid;monthly;fiber;52;1;151,39;7133,19;10.59;0;0;0;0
62851;2024-02-22;Northeast;postpaid;annual;dsl;25;1;127,66;;29.94;0;0;0;0
54046;22/06/2024;North;prepaid;annual;fiber;26;1;155,38;4136,93;4.41;2;0;0;1
93505;13/06/2024;Southeast;prepaid;monthly;fiber;23;0;42,97;987,69;9.49;0;0;0;0
87683;2024-02-16;North;prepaid;monthly;dsl;71;0;121,21;9095,67;9.83;3;1;0;0
60262;22/08/2024;Northeast;postpaid;monthly;dsl;50;1;120,18;5768,51;19.13;0;0;0;0
42399;2024-04-06;Center-West;prepaid;monthly;dsl;33;1;121,06;4105,0;;1;0;0;0
40413;2024-10-22;Center-West;postpaid;monthly;dsl;47;1;118,32;5042,98;26.74;1;1;0;0
23819;2024-04-17;Southeast;prepaid;monthly;dsl;5;1;138,58;663,91;14.8;1;0;0;0
16373;27/04/2024;South;prepaid;monthly;cable;59;0;156,61;8397,53;8.74;1;1;1;0
88027;2024-09-04;North;postpaid;annual;fiber;43;0;64,44;2613,22;5.4;1;0;0;0
55636;25/03/2024;Southeast;prepaid;annual;cable;22;1;45,68;1073,33;2.14;1;0;0;0
67680;2024-04-09;North;postpaid;annual;fiber;50;1;41,1;2003,48;2.36;0;0;0;0
40287;2024-02-07;Southeast;prepaid;monthly;fiber;1;1;53,76;49,29;9.67;1;1;0;1
47462;2024-03-18;Southeast;postpaid;monthly;dsl;35;1;128,39;4922,92;35.82;1;1;0;0
32790;2024-01-30;Southeast;postpaid;monthly;fiber;68;0;92,47;6215,81;14.48;3;0;0;0
93740;2024-02-14;South;prepaid;annual;FIBRE;54;0;82,42;4170,18;16.74;1;2;0;0
45137;2024-02-25;Northeast;prepaid;monthly;FIBRE;4;0;166,49;647,04;6.49;0;0;0;1
57426;2024-08-01;Southeast;prepaid;annual;dsl;42;0;165,03;6294,98;;1;0;0;0
43746;2024-09-07;Center-West;postpaid;monthly;dsl;49;0;110,83;5337,9;2.8;0;1;0;0
98206;11/07/2024;South;postpaid;annual; fiber ;38;0;98,78;3650,44;19.75;1;0;0;0
50329;26/01/2024;Southeast;prepaid;monthly;fiber;23;0;70,57;1758,55;2.03;0;1;0;0
10217;29/12/2024;South;prepaid;monthly;fiber;49;1;98,99;4990,02;11.71;1;0;0;1
13068;2024-08-24;Northeast;postpaid;annual;fiber;31;1;91,64;2913,91;10.28;1;0;1;0
57758;09/11/2024;Southeast;prepaid;monthly;fiber;68;1;31,04;2299,75;10.72;2;0;0;0
27805;2024-11-09;Southeast;postpaid;monthly;fiber;60;1;143,79;8011,91;21.92;1;0;1;1
88190;2024-05-12;Center-West;postpaid;monthly;cable;65;0;95,79;6261,22;11.27;2;0;0;0
26494;2024-07-08;North;prepaid;annual;dsl;30;0;63,43;1958,78;6.28;1;0;0;0
98046;2024-01-28;South;postpaid;annual;fiber;49;1;129,94;6331,02;17.81;1;1;0;0
69312;2024-12-09;Northeast;prepaid;monthly;fiber;11;1;97,15;1003,21;19.29;0;0;1;0
80434;2024-12-25;Center-West;prepaid;annual;fiber;54;1;77,06;;6.66;2;0;1;0
46806;2024-06-18;South;postpaid;annual;fiber;54;1;64,62;3151,23;5.86;1;0;0;0
87009;2024-09-13;North;postpaid;monthly;fiber;56;0;38,87;2070,53;8.04;4;0;0;0
20531;2024-06-20;Southeast;postpaid;monthly;cable;2;1;105,45;213,4;7.49;0;1;0;0
64260;15/03/2024;South;postpaid;monthly;dsl;33;1;86,32;3042,13;14.65;1;0;1;0
21364;2024-02-27;North;prepaid;annual;fiber;20;1;36,05;748,99;8.43;1;0;0;0
90627;2024-11-24;Southeast;postpaid;monthly;fiber;65;0;151,86;10749,01;11.93;2;0;0;0
39963;19/08/2024;Center-West;postpaid;annual;dsl;39;0;151,24;6480,86;35.1;1;0;0;0
88186;2024-03-16;Center-West;prepaid;monthly;cable;44;1;103,5;4346,87;9.68;0;0;0;0
91958;2024-10-04;South;prepaid;annual; fiber ;32;1;155,84;5137,41;7.75;0;1;0;0
92089;2024-12-09;South;postpaid;monthly;cable;9;0;102,15;963,54;22.71;0;0;0;0
53077;14/03/2024;Southeast;postpaid;annual;FIBRE;45;0;55,34;2266,89;36.59;0;0;1;0
93589;2024-04-05;North;prepaid;monthly;dsl;44;0;107,64;4744,59;23.84;0;1;0;0
73009;2024-08-11;Southeast;postpaid;monthly;fiber;28;0;76,89;2270,69;10.13;0;0;0;0
72788;2024-03-04;South;prepaid;monthly;dsl;45;0;97,85;4375,67;17.53;0;0;0;1
52556;2024-05-31;North;prepaid;annual;fiber;28;0;175,6;4833,65;25.64;1;0;0;1
54426;22/08/2024;Northeast;prepaid;monthly;dsl;47;0;83,33;3955,01;7.61;0;0;0;0
20162;2024-12-24;North;postpaid;annual;dsl;25;0;62,38;1437,22;12.21;0;0;0;0
96927;2024-11-26;South;prepaid;monthly;dsl;55;0;49,28;2479,61;7.03;0;0;1;0
71790;2024-01-28;Northeast;postpaid;monthly;dsl;63;0;162,59;9240,63;4.92;0;1;0;0
43360;2024-08-01;Northeast;prepaid;monthly; fiber ;35;0;32,24;1108,76;15.88;0;0;0;0
82702;2024-05-23;Northeast;postpaid;monthly;dsl;2;1;166,12;329,61;9.46;1;1;0;0
24944;2024-03-27;North;postpaid;monthly;fiber;49;0;39,27;2095,84;5.68;3;0;0;0
92704;30/05/2024;Center-West;prepaid;monthly;dsl;67;1;142,9;10360,7;5.69;0;0;0;0
45952;22/12/2024;South;postpaid;annual;fiber;51;1;74,05;3686,38;18.96;1;1;0;0
60436;2024-06-19;Center-West;prepaid;annual; fiber ;26;1;67,49;1919,53;15.91;1;0;0;1
44896;2024-08-05;South;prepaid;monthly;fiber;41;1;56,99;2176,84;16.48;4;3;1;1
28078;20/04/2024;South;postpaid;annual;cable;26;1;50,18;1236,14;7.61;0;0;0;0
96837;05/12/2024;North;postpaid;annual;dsl;55;0;39,94;2205,05;22.12;0;0;0;0
99812;2024-04-13;North;prepaid;annual;fiber;52;1;53,26;;19.96;0;0;0;0
25470;2024-03-25;Northeast;postpaid;monthly;dsl;45;0;118,27;5354,54;22.93;2;0;0;0
10509;08/05/2024;South;prepaid;annual;fiber;28;1;115,45;2912,97;4.89;0;0;0;0
30308;2024-04-10;Center-West;postpaid;monthly; fiber ;13;1;72,16;971,02;14.12;2;0;1;1
48235;28/02/2024;South;postpaid;annual;fiber;44;1;131,98;5545,68;14.09;0;0;0;0
42716;11/09/2024;North;postpaid;monthly;dsl;24;1;145,44;3356,34;7.01;0;1;0;0
73091;2024-02-17;Center-West;postpaid;annual;cable;65;0;177,03;12455,56;10.19;0;0;0;0
74306;03/03/2024;North;postpaid;annual;cable;5;1;95,97;516,95;;0;0;0;0
38581;2024-11-21;Northeast;postpaid;annual;fiber;61;1;86,19;5159,19;22.41;0;1;0;0
71001;2024-02-12;Center-West;prepaid;monthly;fiber;56;0;175,98;9611,6;11.92;0;1;0;0
15335;2024-07-03;Center-West;prepaid;annual;cable;37;1;171,32;6706,57;15.21;1;0;0;0
41549;05/12/2024;North;postpaid;monthly;fiber;71;1;169,04;12553,72;3.83;0;0;0;0
45006;2024-10-12;North;prepaid;annual;dsl;51;1;121,32;5739,3;8.63;1;0;0;0
14026;2024-11-14;Southeast;postpaid;monthly;cable;3;0;122,66;360,6;9.24;1;0;0;1
71155;2024-05-05;North;prepaid;annual;fiber;28;1;169,2;4735,89;20.72;1;0;1;0
65530;2024-12-25;Center-West;postpaid;monthly;fiber;60;0;101,97;6084,74;4.14;0;0;0;0
18926;2024-12-05;North;prepaid;monthly;cable;56;0;62,02;3197,14;21.01;1;0;0;0
85293;23/05/2024;South;postpaid;monthly;dsl;12;1;177,79;2189,28;4.82;2;0;0;0
14701;2024-10-23;Southeast;postpaid;monthly;cable;13;0;156,31;2087,55;7.25;0;0;0;0
31757;26/01/2024;South;prepaid;monthly;dsl;66;0;38,41;2679,15;13.65;2;1;0;0
69412;17/12/2024;South;postpaid;annual; fiber ;4;1;46,87;191,41;9.87;2;0;0;0
86132;2024-04-29;Center-West;postpaid;annual;cable;68;1;162,32;10031,88;8.87;1;0;0;0
62857;08/10/2024;North;prepaid;annual;dsl;39;0;75,16;2781,32;8.29;2;0;0;0
48261;28/03/2024;Southeast;prepaid;annual;cable;58;0;134,46;7854,22;12.96;0;0;0;0
45490;18/09/2024;Southeast;postpaid;monthly;fiber;16;1;47,67;749,8;12.99;1;0;0;0
78354;2024-10-14;Center-West;postpaid;monthly;dsl;25;0;55,58;1420,43;7.73;0;1;0;0
78238;2024-08-04;Center-West;prepaid;monthly;fiber;52;1;142,11;6756,19;8.39;0;0;0;0
81926;2024-01-07;Northeast;postpaid;monthly;fiber;12;1;176,89;;10.19;0;0;1;0
49474;2024-10-17;Southeast;prepaid;monthly;cable;8;1;105,33;794,97;11.48;1;0;0;0
30640;2024-12-09;Southeast;prepaid;annual;cable;44;0;36,44;1630,37;1.87;2;1;0;0
78717;24/04/2024;Southeast;postpaid;annual;dsl;1;1;65,15;60,24;6.78;0;0;1;0
65364;22/12/2024;Northeast;prepaid;annual;cable;67;0;61,91;4014,67;7.45;1;0;0;0
59537;2024-01-25;Northeast;prepaid;monthly;fiber;48;0;170,29;8745,12;9.9;1;0;1;0
64046;2024-05-23;Center-West;postpaid;annual;cable;51;1;92,87;4932,28;12.84;1;0;0;0
92735;2024-05-11;Southeast;prepaid;monthly;dsl;36;1;172,15;6128,77;7.08;6;0;1;0
88658;2024-08-19;Southeast;prepaid;annual;dsl;45;0;158,94;7155,84;9.51;1;0;0;0
18531;2024-10-09;Center-West;postpaid;monthly;dsl;68;1;97,62;5994,53;2.82;0;0;0;0
89410;2024-10-28;Center-West;postpaid;monthly;dsl;1;1;33,73;35,85;23.02;0;0;0;0
49715;08/02/2024;Northeast;postpaid;monthly;cable;18;0;175,94;3050,93;4.43;1;0;0;0
96145;19/11/2024;Southeast;postpaid;monthly; fiber ;50;0;31,51;1496,21;28.78;1;0;0;0
80916;2024-11-21;Southeast;postpaid;monthly;cable;9;1;158,42;1374,42;12.3;1;0;0;0
59289;2024-05-12;Southeast;prepaid;monthly;fiber;18;0;91,98;1556,11;17.59;1;0;0;1
96064;2024-07-14;Northeast;postpaid;monthly; fiber ;2;0;75,2;159,94;10.47;2;0;1;1
30222;2024-08-02;Center-West;prepaid;annual;dsl;4;1;91,25;332,73;13.08;0;0;1;0
89482;18/10/2024;Northeast;prepaid;monthly;dsl;32;1;83,54;;13.0;1;0;1;0
81496;2024-05-11;South;postpaid;monthly;cable;47;0;133,37;6464,94;18.58;2;0;0;0
94614;2024-07-04;Northeast;postpaid;annual;fiber;8;1;115,91;843,9;14.07;1;0;0;1
66032;2024-09-09;Southeast;postpaid;monthly;fiber;70;1;68,54;4821,81;4.13;1;0;1;1
59483;2024-11-03;Center-West;prepaid;annual;dsl;56;1;109,13;5995,48;3.34;1;0;0;0
38853;2024-04-29;Center-West;prepaid;monthly;cable;48;0;90,74;4551,85;5.55;1;0;0;1
38070;2024-12-29;Northeast;postpaid;monthly;cable;6;1;168,1;1086,3;10.57;3;1;0;1
97682;2024-11-07;Center-West;postpaid;monthly;cable;37;1;163,86;5496,69;19.04;0;1;0;0
39941;22/10/2024;North;postpaid;monthly;fiber;66;0;122,6;7716,98;7.03;1;2;0;1
94337;07/08/2024;North;prepaid;annual;cable;17;0;174,81;3059,87;;1;0;1;0
84447;2024-11-16;South;prepaid;annual;fiber;39;1;86,27;3671,52;5.32;1;0;0;0
52944;2024-10-12;Center-West;postpaid;monthly;cable;41;0;43,2;1931,39;29.82;0;1;0;0
62349;2024-10-27;Northeast;postpaid;annual;dsl;50;1;37,15;2041,88;18.13;0;0;0;0
12394;2024-02-04;Southeast;prepaid;monthly;fiber;66;1;155,02;10946,83;5.26;1;0;0;0
86138;2024-06-13;Center-West;prepaid;monthly;dsl;10;1;87,52;808,34;;3;2;1;1
89107;2024-11-06;Southeast;prepaid;annual;dsl;5;0;159,04;844,5;11.3;1;0;0;0
80375;09/05/2024;North;prepaid;annual;fiber;7;1;98,81;645,36;14.02;1;0;1;0
30409;20/05/2024;Southeast;postpaid;monthly;fiber;19;0;31,68;603,09;41.82;0;0;0;0
22098;2024-07-25;Northeast;prepaid;monthly;dsl;26;1;109,3;2882,89;10.59;0;1;0;0
46335;04/10/2024;North;postpaid;monthly;cable;63;0;119,18;7698,09;6.33;1;0;1;0
33145;2024-03-15;North;postpaid;monthly;dsl;37;1;97,73;3344,61;23.58;0;0;0;0
36756;2024-08-24;Northeast;postpaid;annual;fiber;53;0;155,71;8684,27;31.91;1;1;0;0
88708;2024-06-09;Northeast;postpaid;monthly;dsl;41;0;126,6;4744,29;9.77;0;1;0;1
25882;2024-12-12;South;prepaid;annual;FIBRE;68;0;84,71;6287,97;14.53;3;0;0;0
28221;2024-02-18;Center-West;prepaid;monthly;FIBRE;24;0;137,85;3319,01;10.45;2;0;0;0
23486;2024-01-21;North;prepaid;monthly;fiber;48;1;77,94;3610,48;14.73;0;1;0;0
27585;19/04/2024;Southeast;postpaid;monthly;FIBRE;20;0;155,78;2927,42;17.07;0;0;0;0
65307;2024-12-12;Southeast;prepaid;monthly;fiber;17;0;72,02;1328,16;12.9;0;0;1;0
19943;2024-09-14;South;prepaid;monthly; fiber ;70;1;129,99;9489,36;21.91;2;0;0;0
69280;2024-06-03;Northeast;prepaid;annual;fiber;2;1;92,26;186,6;12.75;0;1;0;1
84842;2024-01-28;North;prepaid;annual;dsl;20;1;45,18;943,9;6.19;1;0;0;1
66861;2024-08-08;South;postpaid;annual;fiber;28;0;124,46;3738,95;20.83;1;0;0;0
58007;2024-12-02;North;postpaid;monthly;fiber;10;1;87,46;869,6;21.82;1;0;0;0
16318;2024-10-01;Center-West;postpaid;annual;dsl;55;1;125,14;;2.14;0;0;0;0
32017;2024-01-19;North;postpaid;annual;dsl;26;1;110,99;2729,51;33.68;1;1;0;0
19397;2024-11-09;Southeast;prepaid;annual;cable;33;0;36,24;1263,56;5.78;0;1;0;0
71857;02/04/2024;Southeast;prepaid;monthly;fiber;22;1;60,75;1372,7;9.8;1;0;0;0
37269;2024-10-16;North;prepaid;monthly;dsl;64;0;135,06;9507,91;8.61;1;0;0;0
34616;15/12/2024;North;postpaid;annual;cable;30;0;100,15;3216,89;6.72;0;0;0;0
12161;03/05/2024;Center-West;postpaid;monthly;dsl;56;1;99,97;;13.54;2;1;0;0
11600;2024-11-13;North;prepaid;monthly;dsl;45;0;30,36;1419,18;4.63;2;0;0;1
57221;13/08/2024;Northeast;postpaid;monthly;fiber;68;1;75,42;5205,51;11.75;0;1;0;0
75640;2024-02-05;North;prepaid;monthly;fiber;43;0;130,42;5547,8;17.81;0;0;1;0
90868;19/05/2024;South;prepaid;monthly;fiber;70;0;163,05;11252,5;10.82;1;1;0;0
39067;2024-11-14;Northeast;postpaid;annual;fiber;50;1;116,1;6056,39;23.7;0;0;1;1
78053;2024-05-26;Northeast;postpaid;annual;cable;5;1;111,1;516,89;4.54;2;1;0;0
96965;2024-11-05;Northeast;postpaid;monthly;fiber;12;1;100,55;1151,03;8.47;0;0;0;0
14461;2024-06-14;Southeast;postpaid;monthly;dsl;57;0;131,77;7414,25;6.25;2;1;0;0
62482;24/06/2024;Northeast;prepaid;annual;cable;4;1;149,72;640,46;16.89;0;1;0;0
62836;2024-12-21;South;postpaid;monthly;dsl;14;0;63,1;798,3;11.24;2;0;0;1
95404;2024-11-13;Northeast;postpaid;monthly;fiber;57;1;137,1;7300,64;8.83;3;0;0;0
10323;2024-11-09;Northeast;postpaid;monthly;cable;26;0;66,58;1854,49;18.1;0;1;0;1
19641;25/06/2024;Northeast;prepaid;monthly;fiber;16;1;34,77;557,41;27.05;1;0;0;0
61029;2024-08-17;Center-West;postpaid;annual;fiber;15;0;41,2;606,12;14.51;0;0;0;0
60176;2024-02-23;North;prepaid;monthly;fiber;23;1;36,98;771,84;19.81;1;0;0;1
42065;18/11/2024;Southeast;prepaid;annual;fiber;60;1;72,03;4394,02;1.84;0;0;0;0
71511;23/03/2024;Northeast;postpaid;monthly;cable;33;1;49,08;1674,65;14.85;0;1;0;0
61878;2024-01-10;Northeast;postpaid;annual;fiber;68;0;42,78;2692,98;38.14;1;0;0;0
54677;01/05/2024;Southeast;postpaid;annual;cable;51;0;52,14;2743,97;14.77;1;1;0;0
43526;30/04/2024;Southeast;postpaid;monthly;fiber;20;1;35,73;779,46;15.12;0;0;0;0
78261;2024-05-04;South;prepaid;monthly;cable;12;0;81,53;;13.5;2;1;0;0
64983;2024-03-08;Center-West;postpaid;monthly; fiber ;68;1;153,42;9857,9;10.06;1;0;0;0
82323;2024-09-27;North;prepaid;annual;cable;65;0;113,07;7747,56;9.06;0;1;0;0
29797;2024-02-27;Center-West;postpaid;annual;fiber;9;1;39,74;332,6;10.64;1;0;0;0
34533;19/03/2024;Center-West;prepaid;monthly;cable;23;1;86,24;1864,23;14.29;0;1;0;0
39615;2024-10-10;North;postpaid;monthly;cable;53;0;94,48;5251,14;5.68;0;1;1;0
35605;2024-09-29;Northeast;postpaid;annual;dsl;70;1;55,86;4199,12;10.57;2;1;0;0
16145;2024-12-20;South;postpaid;annual;fiber;65;0;85,95;5374,63;19.55;2;0;0;0
91277;2024-07-20;Southeast;prepaid;monthly;dsl;21;0;80,51;1708,61;10.67;0;0;1;0
35949;2024-04-03;South;prepaid;monthly;dsl;64;1;104,07;6744,27;8.89;1;0;0;0
61183;2024-08-05;North;prepaid;monthly;dsl;52;1;134,59;7334,58;14.23;0;0;0;0
65237;05/02/2024;Southeast;prepaid;annual;dsl;33;1;101,83;3137,25;3.54;1;0;0;0
31215;16/09/2024;South;postpaid;monthly;cable;27;1;41,09;1016,34;10.0;0;1;0;0
47333;02/06/2024;Southeast;prepaid;annual;cable;58;0;38,28;2323,38;5.38;2;1;0;0
41553;2024-10-14;Northeast;postpaid;monthly;dsl;60;1;163,19;10670,13;12.49;0;0;0;0
42856;2024-04-14;Center-West;prepaid;monthly;fiber;65;1;134,21;9519,16;8.07;2;0;0;0
31694;2024-05-20;Center-West;prepaid;monthly;fiber;33;1;128,58;4516,95;14.46;0;1;0;0
30445;2024-05-11;South;postpaid;annual;dsl;19;0;166,98;3440,37;10.14;1;0;0;0
84477;06/09/2024;North;prepaid;monthly;cable;62;1;111,23;6536,0;15.62;1;0;0;0
32315;2024-08-29;Center-West;prepaid;annual;fiber;22;0;41,06;818,03;11.74;0;0;0;0
51266;2024-01-17;North;prepaid;monthly;fiber;54;0;137,16;6934,38;5.11;1;0;1;0
58176;2024-11-22;South;prepaid;annual;fiber;37;1;54,34;2053,41;5.46;1;0;0;1
65249;2024-10-08;South;postpaid;annual;fiber;42;0;129,93;5486,54;4.32;2;0;0;0
52935;2024-10-21;Northeast;prepaid;annual;cable;15;1;90,11;1477,42;13.27;1;0;0;0
21530;2024-10-05;North;prepaid;monthly;dsl;18;0;34,23;567,21;8.67;2;0;0;0
19324;14/05/2024;Center-West;postpaid;annual;fiber;47;1;38,33;1698,94;8.97;0;0;1;0
48887;2024-12-20;Center-West;postpaid;monthly;fiber;19;1;88,9;1525,83;18.21;1;1;0;0
48246;2024-10-01;Southeast;postpaid;monthly;fiber;48;0;119,18;5430,83;20.02;0;0;0;0
36880;2024-03-06;Northeast;prepaid;annual;dsl;71;1;55,63;3872,45;11.83;1;0;1;0
79439;2024-04-12;South;postpaid;annual;dsl;6;1;46,01;268,86;5.08;0;0;0;0
25554;2024-02-18;North;prepaid;monthly; fiber ;66;1;86,43;5188,52;12.03;1;0;0;0
74161;2024-10-01;South;prepaid;annual;fiber;13;0;150,63;1989,06;21.47;3;0;0;0
77509;02/12/2024;South;postpaid;monthly;cable;10;0;147,6;1410,2;6.8;0;0;0;0
89565;2024-10-04;South;postpaid;annual;cable;60;1;132,62;7252,89;18.35;2;1;0;0
10159;01/05/2024;Southeast;postpaid;annual;dsl;15;1;93,8;1378,69;20.35;0;1;0;0
70552;2024-11-17;Northeast;postpaid;annual;fiber;46;0;96,29;4808,86;22.26;0;1;0;0
67812;2024-08-09;Southeast;prepaid;annual;cable;8;0;63,89;553,52;12.62;1;0;0;0
88698;20/05/2024;South;postpaid;annual;dsl;7;0;50,57;333,06;14.4;0;0;0;0
21499;2024-12-14;Southeast;postpaid;annual;cable;15;1;32,38;;7.17;2;0;1;0
57380;2024-07-02;Southeast;prepaid;monthly;fiber;37;1;159,02;6069,15;7.73;3;1;1;1
62562;03/09/2024;South;prepaid;monthly;fiber;21;1;104,43;2364,81;10.09;0;0;0;0
76096;30/07/2024;Center-West;prepaid;annual;fiber;16;1;30,46;490,95;;0;0;0;0
63742;2024-04-06;Center-West;postpaid;monthly;cable;60;0;109,38;6678,89;4.42;0;0;0;0
37174;21/09/2024;South;prepaid;annual;dsl;13;0;68,75;912,12;14.35;1;0;1;1
89528;2024-02-15;North;prepaid;monthly;FIBRE;7;0;94,1;679,09;20.89;2;0;0;0
48043;2024-06-09;Center-West;postpaid;annual;cable;8;1;130,86;1132,34;7.81;1;0;0;0
20005;2024-05-05;South;postpaid;monthly;cable;63;0;151,46;;3.9;0;0;0;0
87545;2024-11-08;Center-West;prepaid;annual;fiber;34;1;135,07;4247,5;13.16;2;0;0;0
60155;2024-08-31;Southeast;postpaid;annual;dsl;70;1;164,44;12478,19;8.42;0;2;0;0
12428;2024-05-18;South;postpaid;monthly;dsl;58;1;65,21;3713,99;9.51;1;0;0;0
71338;2024-12-12;South;postpaid;annual;fiber;21;0;129,21;2446,22;9.79;1;0;0;0
39438;14/11/2024;Southeast;prepaid;monthly;dsl;57;0;163,47;9506,43;7.04;1;0;0;0
61306;2024-01-24;Center-West;prepaid;annual;FIBRE;33;0;76,27;2706,21;5.82;1;0;0;1
36581;2024-08-14;Center-West;postpaid;annual;cable;40;1;149,92;6166,51;28.78;0;1;0;0
54735;2024-06-07;South;prepaid;monthly;cable;38;1;171,03;5879,36;17.57;0;2;0;1
23765;2024-01-20;Center-West;postpaid;monthly;cable;54;1;126,58;6872,39;16.51;0;0;0;0
61491;2024-10-20;Northeast;prepaid;monthly;dsl;15;0;54,64;863,04;1.12;0;1;0;0
75561;2024-04-24;Center-West;postpaid;monthly;fiber;5;1;69,13;341,2;5.37;1;1;0;0
69992;2024-11-15;Center-West;postpaid;annual;fiber;52;1;132,0;6487,7;15.82;0;0;0;0
40247;2024-06-04;North;postpaid;monthly;dsl;68;1;159,93;11855,49;3.86;2;0;0;0
43333;2024-11-08;Southeast;postpaid;annual; fiber ;42;0;33,56;1284,54;10.78;3;0;0;0
71006;2024-09-01;Center-West;postpaid;annual;dsl;9;1;78,95;646,17;;1;0;0;0
84038;2024-10-10;Northeast;prepaid;annual;fiber;8;1;65,04;534,67;8.06;2;0;1;0
81351;11/08/2024;Center-West;prepaid;monthly;FIBRE;39;0;93,31;3504,14;13.45;0;0;0;0
65062;08/03/2024;Center-West;postpaid;monthly;dsl;64;0;145,27;10068,83;7.25;0;0;0;1
50614;2024-06-27;Southeast;postpaid;annual;dsl;44;0;105,42;4926,28;7.25;2;0;1;0
94823;2024-05-08;North;postpaid;annual;dsl;22;1;107,74;2361,59;4.99;2;1;0;0
43084;2024-03-09;Southeast;postpaid;annual;dsl;45;1;121,35;5431,46;22.35;1;0;1;0
86725;2024-08-02;Southeast;prepaid;monthly;fiber;12;1;107,35;1368,99;5.58;0;0;0;0
11535;2024-08-30;Center-West;postpaid;monthly;dsl;35;0;133,24;4904,66;7.72;1;0;0;0
58792;19/02/2024;Center-West;postpaid;annual;dsl;70;1;46,06;3309,28;10.19;1;0;0;0
33330;2024-11-29;Center-West;postpaid;annual;dsl;45;1;33,42;1558,7;8.45;2;1;0;0
48646;2024-05-22;Center-West;postpaid;monthly;fiber;8;1;154,02;1330,18;22.48;2;0;0;1
41622;2024-06-22;Northeast;postpaid;annual;dsl;15;1;101,84;1401,81;18.09;0;0;0;0
36981;2024-03-18;North;postpaid;monthly;fiber;5;1;74,77;351,68;9.93;2;0;0;1
57652;2024-03-15;Center-West;prepaid;monthly;dsl;29;0;98,15;2743,1;9.91;0;0;0;0
45951;2024-04-18;North;postpaid;monthly;fiber;17;0;127,51;2110,62;6.44;0;0;0;1
48021;2024-03-04;Northeast;prepaid;monthly;cable;70;1;48,26;3125,88;1.77;0;0;1;0
76277;16/10/2024;South;prepaid;monthly;cable;23;0;108,54;2571,72;3.76;0;0;0;0
32807;2024-03-23;Northeast;prepaid;monthly;dsl;3;1;46,61;137,42;22.02;1;1;0;1
34504;07/09/2024;Center-West;postpaid;monthly;cable;31;1;158,94;4674,12;14.47;1;0;0;0
84544;2024-03-26;Northeast;prepaid;monthly;dsl;53;1;114,36;6494,87;7.33;1;0;0;0
42437;2024-01-03;North;postpaid;monthly;fiber;49;1;151,63;7482,13;13.31;0;0;0;0
71891;2024-06-12;Southeast;postpaid;monthly;dsl;70;1;138,15;9320,32;33.6;2;0;0;0
97978;2024-12-07;Southeast;postpaid;annual;cable;26;0;152,29;4218,49;15.48;0;0;0;0
78209;2024-02-21;Northeast;prepaid;annual;fiber;38;0;81,27;3071,8;4.86;0;1;0;0
69937;2024-07-10;Northeast;prepaid;monthly;fiber;40;0;50,92;2003,84;;1;0;0;0
57471;02/07/2024;Northeast;postpaid;monthly;dsl;2;1;163,74;341,88;13.64;1;0;1;1
19634;26/08/2024;Center-West;postpaid;annual;fiber;1;0;162,7;176,89;20.73;1;0;0;1
65992;07/06/2024;North;postpaid;annual;dsl;57;0;162,49;9663,38;10.77;1;0;0;0
77890;2024-08-14;Center-West;postpaid;annual;dsl;28;1;178,39;5409,22;9.42;0;0;0;0
65877;25/02/2024;Northeast;postpaid;annual;dsl;49;0;119,43;6430,48;7.25;0;0;0;0
48941;27/01/2024;South;postpaid;annual;fiber;68;0;106,87;7758,09;4.06;0;0;0;0
98817;2024-03-10;Center-West;postpaid;annual; fiber ;18;1;149,6;2805,05;16.35;0;0;0;0
36262;2024-11-20;Southeast;postpaid;monthly;cable;56;0;46,52;2598,82;9.16;0;0;0;0
28971;2024-05-05;North;postpaid;annual;fiber;16;1;147,46;2303,88;3.98;3;1;0;0
57278;06/09/2024;Center-West;prepaid;annual;dsl;53;1;151,83;8353,3;6.56;1;0;0;0
67060;04/12/2024;Northeast;prepaid;annual;fiber;12;0;116,58;1389,9;12.15;1;1;0;0
10719;03/04/2024;Center-West;prepaid;monthly;fiber;22;1;88,19;1942,44;10.93;1;0;0;0
37658;25/02/2024;Southeast;postpaid;monthly;fiber;34;0;128,43;4624,1;14.98;0;0;0;0
95466;01/02/2024;North;postpaid;monthly;fiber;35;0;167,25;;7.65;0;1;0;1
11452;2024-09-13;Northeast;prepaid;monthly;dsl;3;1;53,69;152,13;10.15;0;0;0;0
12251;2024-12-28;Northeast;postpaid;annual;dsl;60;1;76,67;4701,25;3.37;4;0;0;0
64155;26/06/2024;Center-West;prepaid;annual;cable;1;0;130,71;143,03;6.95;2;0;0;1
18970;2024-12-07;North;prepaid;monthly;cable;63;1;154,98;10532,33;18.28;0;0;0;0
29988;2024-07-02;Northeast;postpaid;annual; fiber ;15;1;127,81;1739,08;11.82;0;0;0;0
30070;2024-09-20;North;prepaid;monthly;fiber;51;1;118,63;6473,23;;2;0;0;0
32634;2024-03-29;Center-West;prepaid;monthly;cable;51;0;42,86;2350,29;16.02;2;2;0;0
36861;2024-07-14;Southeast;postpaid;monthly;fiber;33;1;95,06;2993,75;12.68;2;0;0;0
47244;2024-02-18;South;prepaid;monthly;FIBRE;39;1;163,53;6975,39;19.02;0;0;0;0
22318;2024-08-04;Southeast;postpaid;annual;fiber;6;0;84,25;;4.7;1;0;0;0
36668;2024-04-04;Northeast;postpaid;annual;dsl;64;0;87,15;5855,53;13.12;0;2;1;0
32308;2024-06-28;South;postpaid;annual;fiber;9;1;83,63;683,64;11.61;1;0;0;0
54554;17/04/2024;South;postpaid;monthly;fiber;47;1;84,41;3700,12;17.85;0;1;1;1
40389;2024-11-10;Center-West;prepaid;annual;dsl;1;1;90,71;89,08;6.54;2;0;1;0
87223;2024-10-08;South;postpaid;monthly;dsl;53;1;146,0;7116,13;13.98;0;0;0;0
92503;27/09/2024;Southeast;prepaid;monthly;fiber;26;1;98,26;2600,4;0.92;0;0;0;0
57569;2024-09-15;Southeast;prepaid;monthly;dsl;35;0;121,06;4032,8;17.21;0;0;0;0
26788;26/01/2024;South;postpaid;annual;FIBRE;2;1;96,36;184,41;14.91;1;1;0;0
52721;15/05/2024;Center-West;prepaid;annual;fiber;16;0;161,08;2664,85;5.41;0;0;0;0
36974;29/04/2024;North;postpaid;monthly;fiber;31;1;56,81;1761,44;10.16;3;0;0;0
78222;2024-02-25;Center-West;prepaid;annual;fiber;51;1;48,44;2330,72;4.78;0;0;0;0
21933;21/09/2024;South;postpaid;monthly;fiber;43;0;91,16;3693,33;4.62;3;2;0;1
62894;2024-09-05;South;prepaid;monthly;cable;19;0;176,14;3233,52;11.62;2;0;1;0
81021;2024-12-25;Southeast;prepaid;annual;fiber;43;0;134,97;5591,78;16.73;0;1;0;0
72347;2024-12-17;South;postpaid;annual;cable;16;0;122,44;2125,53;16.06;0;0;0;0
23049;03/10/2024;North;postpaid;annual;FIBRE;40;0;88,55;3717,07;13.07;1;0;0;0
71759;2024-11-02;Center-West;postpaid;annual;fiber;39;1;74,27;2762,55;3.57;0;1;0;0
60862;2024-06-30;South;prepaid;monthly;dsl;17;0;173,49;3213,75;14.21;2;0;0;0
42652;2024-03-09;Northeast;postpaid;annual;cable;15;1;94,04;1527,97;13.72;1;1;1;0
99608;2024-10-07;Northeast;postpaid;annual;fiber;37;0;136,66;5416,69;15.79;1;1;0;0
41944;2024-05-24;South;postpaid;monthly;fiber;42;1;151,57;6661,0;6.18;1;0;0;1
61354;2024-09-21;Center-West;postpaid;monthly;dsl;70;0;128,63;9489,45;7.6;2;0;0;0
40481;2024-09-17;North;prepaid;monthly;fiber;36;1;64,89;2323,84;30.28;3;0;0;0
17771;2024-09-16;Southeast;postpaid;annual;dsl;32;1;73,2;2245,6;1.19;0;0;0;0
58463;2024-04-28;Center-West;postpaid;annual;cable;34;1;33,45;1142,74;4.62;1;1;0;0
41799;11/12/2024;Center-West;postpaid;annual;fiber;63;1;175,41;11629,05;12.19;0;0;0;0
82520;2024-11-27;Southeast;postpaid;monthly;cable;22;0;155,2;3332,98;5.97;2;0;0;0
47170;2024-08-13;Center-West;postpaid;monthly;fiber;28;0;90,6;2449,38;9.3;1;0;0;0
80287;2024-12-23;Center-West;postpaid;monthly;cable;27;1;163,86;4114,48;10.07;1;0;1;0
89274;2024-07-07;Center-West;prepaid;monthly;cable;45;1;53,05;2513,46;14.02;1;0;0;0
66895;2024-12-21;South;postpaid;monthly;dsl;50;0;36,31;1874,89;11.02;1;0;0;0
72736;2024-09-28;Northeast;postpaid;monthly;cable;35;1;50,29;1775,39;2.32;2;0;1;0
11369;2024-05-29;North;postpaid;monthly;cable;19;0;162,51;2968,81;6.43;0;0;1;0
36124;2024-11-19;Northeast;prepaid;monthly;fiber;49;0;54,07;2678,22;8.79;1;0;0;0
61667;2024-12-10;Northeast;postpaid;annual; fiber ;20;0;40,22;732,64;17.06;0;0;0;0
12211;16/08/2024;Northeast;postpaid;monthly;fiber;64;0;57,83;3443,35;7.65;1;1;0;0
79650;17/04/2024;North;postpaid;monthly;fiber;45;1;92,26;3982,42;10.55;3;0;0;1
70535;2024-01-08;Northeast;prepaid;monthly;dsl;32;1;104,46;3074,31;11.98;0;0;0;0
84970;2024-03-08;North;prepaid;annual;fiber;17;0;65,39;1007,03;11.67;0;0;0;1
70864;2024-01-27;Southeast;prepaid;annual;dsl;54;0;150,86;7699,98;10.69;1;0;0;1
56906;2024-11-06;Southeast;prepaid;annual;fiber;44;0;173,98;8239,59;5.46;1;0;0;1
38055;2024-10-30;Center-West;postpaid;annual;fiber;63;0;73,63;4180,66;7.65;0;2;0;0
71371;2024-07-01;Center-West;prepaid;annual;fiber;51;1;169,66;9173,19;16.42;1;0;0;0
28634;2024-07-03;North;postpaid;annual;cable;57;0;152,69;8825,04;18.26;0;2;0;0
60787;2024-10-02;Southeast;prepaid;monthly;fiber;7;0;162,9;1037,46;19.56;0;1;0;0
53645;26/12/2024;Northeast;prepaid;monthly;fiber;2;0;38,95;76,63;6.93;0;0;0;0
43274;03/08/2024;Southeast;postpaid;monthly;fiber;47;1;155,11;7484,75;8.29;0;0;0;0
51166;20/03/2024;South;postpaid;monthly;cable;1;1;117,89;;13.0;1;0;0;0
97446;04/07/2024;South;prepaid;monthly;fiber;64;0;35,74;2107,85;26.18;1;1;0;0
41349;2024-09-15;Southeast;prepaid;monthly;dsl;63;0;143,05;8305,33;35.45;0;0;0;0
15537;12/09/2024;Center-West;postpaid;monthly; fiber ;42;1;66,26;2924,46;6.92;3;0;0;0
90716;01/06/2024;North;postpaid;monthly;fiber;52;1;149,56;7133,64;6.31;2;0;0;0
84614;2024-02-23;South;prepaid;monthly;dsl;30;1;123,9;3810,31;4.08;0;0;0;0
26584;2024-01-08;North;postpaid;monthly;dsl;69;1;103,85;6878,89;14.43;2;1;0;0
17534;02/09/2024;Southeast;prepaid;monthly;dsl;3;1;33,51;102,5;3.65;1;1;1;0
14907;13/05/2024;North;postpaid;monthly;fiber;21;0;163,45;3106,0;13.56;1;0;0;0
56455;2024-12-19;North;prepaid;annual;cable;50;1;52,13;2619,74;13.77;0;1;0;0
23537;2024-03-11;South;postpaid;monthly;dsl;56;1;154,45;9204,5;23.93;0;0;0;0
63966;30/06/2024;Center-West;postpaid;monthly;cable;18;0;133,22;2531,62;;1;0;1;0
90300;17/07/2024;South;prepaid;monthly;fiber;57;0;40,44;2319,99;2.29;1;0;0;0
55384;08/01/2024;Southeast;postpaid;monthly;fiber;33;0;111,33;3462,3;4.3;0;0;0;0
27086;2024-11-12;North;prepaid;monthly;FIBRE;61;1;174,26;11186,91;8.86;0;1;0;0
17058;2024-04-21;Center-West;prepaid;monthly;dsl;19;1;168,42;3227,58;6.1;0;0;0;1
75093;2024-12-28;South;prepaid;monthly;dsl;50;1;51,94;2487,82;7.73;1;0;0;0
31358;2024-03-23;Southeast;prepaid;annual;fiber;15;0;55,98;911,65;16.28;0;0;0;0
76530;2024-07-19;Center-West;postpaid;annual;FIBRE;10;0;53,05;533,92;7.97;2;1;0;1
26075;2024-10-22;North;prepaid;monthly; fiber ;51;0;143,43;7906,27;8.24;1;0;0;0
34691;2024-12-05;Southeast;postpaid;monthly;fiber;49;0;54,11;2614,46;11.97;1;0;0;0
85308;2024-02-23;Northeast;prepaid;annual;cable;21;0;39,69;825,75;6.94;0;0;0;0
43965;2024-11-14;South;postpaid;monthly;FIBRE;43;1;88,55;3699,74;13.68;1;0;0;0
20251;2024-08-23;Center-West;postpaid;annual;fiber;67;1;175,03;11443,7;16.68;2;0;0;0
49236;2024-03-12;South;postpaid;monthly;fiber;24;1;76,24;1771,72;6.3;2;1;0;1
41265;2024-05-28;North;prepaid;monthly;fiber;36;0;138,64;5248,61;22.9;0;3;0;0
39377;10/01/2024;North;prepaid;monthly;cable;15;1;51,59;;3.82;2;1;0;0
72167;2024-12-18;South;postpaid;annual;fiber;37;0;123,17;4304,88;4.46;2;0;0;0
34687;09/11/2024;North;postpaid;annual;cable;63;1;117,17;7937,64;8.29;2;0;1;0
59335;2024-03-28;Southeast;postpaid;annual;dsl;46;0;165,63;8347,56;4.67;1;0;1;0
52913;2024-07-28;Northeast;prepaid;monthly;dsl;11;1;137,48;1517,03;11.96;1;0;0;0
59151;2024-08-08;Northeast;prepaid;annual;fiber;53;1;48,12;2378,4;33.79;1;0;0;0
25269;2024-10-10;Center-West;postpaid;monthly;dsl;30;1;90,72;2503,53;8.35;0;0;0;0
34644;2024-06-16;South;postpaid;monthly;dsl;2;1;30,08;61,52;8.03;0;0;0;0
31965;2024-08-23;South;postpaid;annual;fiber;45;1;66,15;3143,85;4.46;0;1;0;1
89732;2024-07-28;North;prepaid;annual;cable;22;1;175,7;4031,29;38.02;1;0;1;1
81467;2024-03-23;Northeast;prepaid;monthly; fiber ;69;1;98,36;7323,39;22.68;1;0;0;0
23779;2024-10-09;Center-West;postpaid;monthly;fiber;71;1;160,14;11177,21;18.06;0;0;0;0
30861;2024-06-13;Southeast;postpaid;monthly;fiber;48;0;33,56;1752,36;9.42;2;0;0;1
94690;2024-03-30;South;prepaid;monthly;dsl;45;1;162,01;7556,73;;0;0;0;1
29468;08/05/2024;South;postpaid;monthly;fiber;22;1;163,41;3772,87;14.56;1;2;1;0
67486;2024-10-17;South;postpaid;annual;fiber;6;1;128,01;789,08;6.97;1;0;1;0
82491;2024-09-10;North;prepaid;monthly;fiber;5;1;47,44;217,36;37.44;4;1;0;1
64253;2024-12-13;Center-West;prepaid;annual;fiber;33;0;161,4;5726,84;2.63;1;0;0;0
81503;2024-01-21;Southeast;postpaid;monthly;fiber;23;0;164,98;;8.8;1;0;0;0
63649;2024-06-11;Center-West;prepaid;monthly;cable;69;1;60,16;3817,6;6.49;3;0;1;0
56449;2024-06-12;Northeast;postpaid;monthly;fiber;21;0;171,02;3884,11;1.48;3;2;0;1
47937;2024-07-19;Northeast;postpaid;monthly;cable;16;0;162,16;2477,71;1.36;0;0;0;0
75868;30/03/2024;Northeast;prepaid;monthly;dsl;59;0;60,73;3933,35;2.6;0;1;1;0
27408;10/08/2024;Southeast;postpaid;annual;dsl;60;0;89,07;5727,15;26.26;0;0;0;0
54615;2024-09-15;Northeast;prepaid;annual;cable;27;1;80,5;2243,83;7.7;0;0;0;0
86575;2024-01-24;South;prepaid;monthly; fiber ;6;1;104,73;677,27;9.06;0;1;0;0
73576;2024-06-18;North;postpaid;monthly;dsl;7;1;163,35;1215,46;7.85;1;0;0;1
96919;17/11/2024;Northeast;postpaid;annual;fiber;37;1;161,15;6148,9;8.08;0;0;0;0
97359;2024-09-12;Northeast;prepaid;monthly;fiber;62;1;56,35;3552,73;2.48;1;0;0;0
26344;14/06/2024;South;postpaid;annual;fiber;28;0;112,67;3305,34;12.98;0;0;0;0
19643;16/10/2024;South;postpaid;annual;dsl;2;1;110,11;206,54;14.02;1;0;0;1
42979;2024-11-04;North;postpaid;annual;cable;27;0;97,56;2718,73;7.19;0;0;0;0
68918;2024-10-07;Southeast;postpaid;monthly;fiber;1;1;137,21;125,08;16.72;1;0;1;0
84373;2024-12-30;Northeast;prepaid;annual;dsl;31;0;126,9;4227,84;26.55;0;0;0;0
97062;03/12/2024;Southeast;prepaid;monthly;fiber;34;1;71,27;2521,95;2.77;1;0;1;1
92887;2024-03-06;North;postpaid;monthly;fiber;52;1;82,23;3954,46;9.31;2;0;0;0
21129;2024-02-05;Northeast;prepaid;annual;fiber;5;0;163,26;891,97;12.9;2;2;1;1
95759;2024-03-15;Southeast;postpaid;monthly;dsl;35;1;78,87;3014,49;3.02;2;0;1;1
83697;31/01/2024;Center-West;prepaid;annual;fiber;13;0;96,61;1272,5;22.9;2;0;0;0
49032;2024-08-11;South;prepaid;monthly;fiber;34;1;175,93;5391,54;15.62;0;1;1;0
42978;25/03/2024;Southeast;prepaid;monthly; fiber ;70;1;158,59;11913,72;15.79;1;0;0;0
14760;2024-08-06;Northeast;prepaid;annual;dsl;53;0;134,84;7718,49;22.95;0;0;1;0
62858;2024-06-14;North;prepaid;annual;cable;60;1;75,6;4208,16;9.15;1;1;0;0
39661;05/04/2024;Northeast;postpaid;monthly;fiber;3;0;124,31;371,47;9.3;2;0;1;0
23042;2024-07-01;Northeast;postpaid;annual;dsl;55;1;126,3;7546,35;10.96;1;0;0;0
57333;20/09/2024;North;prepaid;monthly;dsl;62;0;91,73;6078,5;13.62;1;1;0;0
30103;23/11/2024;Center-West;prepaid;annual;FIBRE;48;0;35,42;1854,69;14.1;1;0;0;0
54863;2024-10-16;South;postpaid;annual;fiber;56;0;84,98;4960,24;5.6;0;0;0;0
17811;2024-12-26;North;prepaid;annual;cable;4;1;106,22;404,03;4.36;0;0;0;0
13693;2024-06-03;Southeast;postpaid;monthly;fiber;53;1;172,52;9530,56;14.84;0;0;0;0
81898;2024-05-03;Northeast;postpaid;monthly;fiber;60;1;139,12;8233,08;14.12;2;0;0;0
44402;2024-09-23;South;postpaid;annual;cable;17;0;46,19;817,45;19.73;0;0;1;0
61588;12/12/2024;Northeast;postpaid;monthly;cable;34;1;75,21;2544,28;17.63;1;1;0;0
76085;2024-02-14;Center-West;postpaid;monthly;dsl;31;0;108,25;3592,35;3.63;1;0;0;0
25984;02/04/2024;Center-West;postpaid;annual;cable;7;0;97,67;699,08;4.41;0;1;0;0
43906;17/01/2024;Center-West;postpaid;annual;fiber;10;0;30,77;300,25;6.1;1;0;1;0
22242;08/03/2024;Southeast;prepaid;annual;dsl;22;1;170,27;3571,65;11.87;2;0;0;0
38931;2024-05-12;Southeast;prepaid;annual;fiber;8;1;165,61;1384,58;21.91;0;0;0;0
89620;2024-09-09;Center-West;prepaid;annual;cable;36;1;168,56;6526,73;11.86;0;0;1;0
82179;19/08/2024;South;prepaid;monthly;fiber;4;0;94,28;410,37;10.0;1;0;1;0
56414;18/05/2024;Southeast;postpaid;annual;fiber;1;0;155,01;167,44;4.59;0;0;0;0
85894;2024-05-09;South;prepaid;annual; fiber ;45;1;136,28;5552,55;;0;1;0;0
50456;18/10/2024;Center-West;prepaid;annual;dsl;18;1;106,76;1963,31;15.61;1;0;1;0
38540;24/10/2024;South;prepaid;monthly;dsl;27;0;41,57;1171,41;8.22;0;0;0;0
61164;26/11/2024;Southeast;postpaid;monthly;dsl;24;1;55,18;1249,56;7.44;0;1;0;0
99073;2024-07-23;Northeast;postpaid;monthly;fiber;34;0;65,73;2148,71;18.77;2;1;0;0
71361;27/07/2024;Southeast;postpaid;annual;fiber;33;0;164,39;5666,45;13.76;1;0;0;0
37582;2024-03-21;South;prepaid;monthly;dsl;10;1;129,81;1410,88;17.58;1;1;0;0
78199;14/11/2024;Southeast;prepaid;annual;fiber;1;1;177,45;166,66;6.29;0;0;0;0
41135;2024-12-04;Northeast;postpaid;annual;dsl;32;0;114,96;3859,6;25.55;1;0;0;0
63775;2024-04-25;North;postpaid;monthly;cable;41;1;42,71;1725,1;7.21;1;0;0;0
61914;2024-04-15;Center-West;postpaid;annual;dsl;55;0;101,66;5379,8;8.99;0;0;0;0
84790;2024-01-25;South;postpaid;monthly; fiber ;15;0;46,77;672,68;14.8;1;0;0;0
39925;2024-10-02;South;prepaid;monthly;dsl;6;1;165,2;1055,32;7.26;0;0;1;0
85309;2024-07-19;Southeast;postpaid;monthly;cable;43;1;71,77;2813,33;12.61;1;0;1;0
47772;2024-05-01;South;postpaid;monthly;dsl;65;0;59,59;4065,74;12.87;4;0;1;0
10128;2024-12-18;North;postpaid;annual;cable;17;1;106,74;1727,7;9.39;2;0;0;1
15533;2024-03-15;Southeast;postpaid;monthly;fiber;7;1;151,06;1018,55;13.25;1;1;0;1
47296;13/08/2024;North;prepaid;monthly;dsl;29;1;106,55;3221,15;8.04;0;1;0;1
54806;2024-02-08;Center-West;prepaid;monthly;fiber;40;0;35,73;1426,39;13.75;0;0;0;0
13369;2024-09-22;Northeast;postpaid;annual;dsl;45;0;141,44;;15.66;0;0;1;0
63229;2024-01-09;Northeast;postpaid;monthly;cable;9;1;35,11;334,38;10.75;1;0;0;0
50949;2024-11-28;Center-West;prepaid;monthly;cable;47;1;120,66;5619,77;16.8;0;1;0;0
97405;2024-06-18;Northeast;prepaid;annual;fiber;25;0;122,54;2998,03;6.41;0;0;1;0
39422;11/10/2024;Northeast;postpaid;monthly;cable;3;0;61,28;185,82;10.95;0;0;0;0
61925;2024-03-04;Center-West;prepaid;monthly;fiber;66;1;96,99;6623,1;27.56;2;1;0;0
27815;2024-08-07;Southeast;prepaid;monthly;fiber;38;0;30,93;1280,43;10.81;4;2;1;1
85620;2024-02-10;Center-West;postpaid;annual;dsl;22;1;72,55;1457,05;9.46;0;1;0;0
68008;2024-10-23;South;postpaid;annual;fiber;58;1;122,9;7376,79;5.08;2;0;0;0
57450;2024-01-08;Northeast;postpaid;monthly;fiber;57;0;72,63;3853,69;6.74;1;0;1;0
77739;2024-05-01;Center-West;postpaid;annual;dsl;15;1;37,14;501,82;10.29;1;1;0;0
63111;15/12/2024;North;prepaid;annual;dsl;69;1;131,14;9642,25;18.93;0;0;0;0
96516;2024-07-31;Southeast;postpaid;annual;dsl;38;1;141,36;;16.28;1;0;1;1
51393;2024-05-24;South;postpaid;annual;dsl;19;1;159,45;2912,51;22.53;0;0;0;1
56865;19/11/2024;North;postpaid;annual;dsl;32;0;161,33;5121,6;5.87;1;0;1;1
77340;2024-02-17;Center-West;postpaid;monthly;fiber;14;1;104,45;1488,14;12.9;0;0;0;0
49730;02/06/2024;Center-West;prepaid;monthly;fiber;61;0;91,1;5672,13;10.84;0;0;0;0
31487;2024-10-04;North;prepaid;annual;dsl;20;0;117,88;2514,92;11.33;1;0;1;0
69918;2024-10-27;Center-West;prepaid;monthly;dsl;32;0;148,9;4616,11;15.64;0;0;0;0
38301;2024-09-02;North;prepaid;monthly;FIBRE;5;0;101,3;517,5;14.7;2;0;1;0
54646;23/09/2024;North;postpaid;annual;fiber;68;0;179,28;11184,8;14.15;1;0;0;1
33254;2024-02-17;Center-West;prepaid;annual;cable;22;1;125,63;;14.71;0;1;0;1
30917;2024-04-30;Northeast;postpaid;annual;cable;47;1;76,22;3699,58;2.66;0;0;1;0
77686;30/09/2024;North;prepaid;annual;dsl;26;0;149,06;;28.13;2;1;0;0
88835;24/08/2024;North;prepaid;monthly;dsl;40;1;52,61;1918,13;11.13;1;0;0;0
68319;2024-12-14;Northeast;prepaid;annual;cable;40;1;170,37;6201,5;16.12;2;0;0;0
79644;10/06/2024;Northeast;prepaid;annual;dsl;21;1;81,05;1560,54;37.21;1;0;0;0
56904;2024-12-19;North;postpaid;monthly;fiber;31;1;132,76;3894,48;18.95;0;0;0;0
56181;07/05/2024;Southeast;postpaid;monthly;dsl;43;1;123,8;5246,67;7.48;0;1;0;0
54747;2024-03-05;Southeast;prepaid;annual;cable;16;1;44,38;701,17;9.96;0;0;0;0
56469;11/09/2024;Southeast;postpaid;monthly;dsl;10;1;138,24;1287,48;19.02;0;0;0;1
73997;2024-11-14;North;postpaid;monthly;fiber;13;0;76,77;986,81;22.0;0;0;0;0
84492;26/02/2024;Northeast;postpaid;monthly;cable;30;0;87,18;2623,75;10.93;0;0;0;0
25915;2024-11-22;Center-West;prepaid;monthly;dsl;16;1;44,48;654,76;3.49;1;1;0;0
31206;2024-08-28;South;prepaid;monthly;fiber;21;0;151,51;2942,59;6.21;2;0;0;0
60847;2024-06-18;Northeast;postpaid;annual;cable;49;1;159,04;8172,93;;0;0;0;0
35698;2024-02-26;Northeast;postpaid;annual;dsl;48;1;50,14;2646,16;12.68;0;0;0;0
78382;2024-03-16;Southeast;prepaid;annual;cable;67;1;151,89;9537,72;13.38;0;0;0;0
18548;2024-06-27;South;postpaid;monthly;cable;55;0;164,7;8992,87;16.41;0;0;1;0
95787;2024-05-12;South;prepaid;monthly; fiber ;31;0;44,59;1295,92;18.41;1;0;0;0
75526;2024-10-04;Center-West;postpaid;monthly;dsl;66;1;179,61;10809,51;1.6;1;1;0;1
88203;2024-05-01;Center-West;prepaid;annual;fiber;66;0;30,68;1895,39;8.77;2;0;0;0
39239;2024-08-30;Center-West;postpaid;annual;cable;16;0;156,36;2431,66;18.27;0;0;0;0
71271;2024-06-21;North;prepaid;monthly;cable;13;1;113,74;1492,9;24.03;4;0;0;1
13309;2024-05-18;North;prepaid;annual;cable;63;1;173,59;10988,34;14.0;1;0;0;0
72168;2024-10-29;South;postpaid;monthly;dsl;64;1;80,71;5114,18;5.31;2;0;1;0
40128;13/06/2024;Northeast;prepaid;monthly;dsl;61;1;84,13;4987,63;11.76;1;0;0;0
91548;18/06/2024;Southeast;postpaid;annual;FIBRE;33;0;156,06;5029,37;;0;1;0;0
50394;2024-03-30;South;postpaid;monthly;fiber;62;1;136,6;7626,05;4.14;2;2;0;0
10744;2024-08-25;Southeast;prepaid;annual;fiber;55;0;120,08;6238,95;5.48;0;0;0;0
67307;31/05/2024;North;prepaid;monthly;cable;53;0;126,66;6275,49;5.59;0;0;1;0
51857;08/01/2024;South;postpaid;annual;dsl;43;1;132,4;5787,37;0.78;0;0;1;0
61200;26/11/2024;Southeast;postpaid;monthly;dsl;20;1;37,18;735,7;14.65;1;1;0;1
85634;2024-06-16;South;postpaid;monthly;fiber;54;0;47,67;;6.58;0;0;0;0
79358;03/11/2024;Center-West;prepaid;monthly;dsl;63;0;57,19;3337,49;1.12;1;0;0;0
40045;2024-01-17;North;postpaid;annual;fiber;63;0;56,52;3685,99;20.43;1;0;0;0
90933;05/02/2024;Center-West;postpaid;monthly;cable;43;1;156,44;7265,33;10.49;1;0;0;0
83415;17/05/2024;Center-West;postpaid;annual;cable;3;0;89,18;254,46;28.39;1;0;0;0
11435;2024-03-07;Center-West;prepaid;monthly;dsl;53;1;103,41;5606,3;15.93;1;0;0;0
39452;2024-01-12;South;prepaid;monthly;cable;18;0;43,41;728,45;10.68;1;0;0;0
33133;2024-01-14;Center-West;postpaid;monthly;FIBRE;15;1;160,59;2284,37;17.14;0;0;0;0
86452;03/09/2024;Center-West;postpaid;annual;fiber;6;0;31,54;177,26;6.13;1;0;0;0
28616;31/05/2024;Center-West;prepaid;monthly;dsl;12;1;42,49;514,17;13.05;1;0;0;0
88127;2024-02-27;South;postpaid;monthly;dsl;35;1;151,82;4827,41;12.91;1;0;0;0
96932;2024-10-29;South;prepaid;annual;fiber;20;1;49,59;984,88;9.99;1;0;0;1
94484;2024-05-25;North;prepaid;monthly;FIBRE;28;0;149,0;4506,59;4.56;1;0;0;0
65631;2024-07-30;Center-West;prepaid;monthly;dsl;37;1;82,56;2834,63;12.62;1;0;0;0
77327;2024-04-13;Center-West;prepaid;monthly;fiber;38;1;146,41;5664,57;12.28;1;0;0;0
69167;2024-03-27;North;prepaid;monthly;FIBRE;30;1;37,55;1023,24;7.23;0;0;1;0
97596;2024-12-20;Southeast;prepaid;annual;fiber;33;1;81,19;2706,3;4.27;1;0;0;1
24252;23/05/2024;North;prepaid;monthly;cable;64;0;102,19;6923,36;6.59;3;0;0;0
50112;01/11/2024;Northeast;postpaid;annual; fiber ;21;1;123,86;2442,29;25.13;1;0;1;0
22410;04/02/2024;North;postpaid;monthly;fiber;1;0;155,43;151,79;7.6;0;0;1;1
89596;31/03/2024;South;postpaid;annual;fiber;57;1;66,67;3736,76;12.56;2;0;0;0
56032;20/05/2024;South;prepaid;annual;fiber;6;1;128,83;829,02;12.15;2;3;0;0
49078;2024-05-21;Southeast;postpaid;monthly;dsl;55;0;52,77;2636,71;9.78;0;0;0;0
31626;16/05/2024;South;prepaid;monthly;FIBRE;24;1;149,28;3451,56;25.85;1;1;0;1
15315;2024-06-13;Northeast;postpaid;monthly; fiber ;60;0;169,98;9377,38;15.32;0;1;0;0
82381;2024-04-07;South;postpaid;annual;cable;12;1;37,09;;14.32;1;0;0;0
55212;11/09/2024;Center-West;prepaid;monthly;dsl;12;1;41,98;505,07;10.82;2;0;0;0
89844;2024-03-17;Southeast;prepaid;annual;fiber;29;1;148,13;4324,41;7.56;1;0;0;0
13508;2024-09-23;North;postpaid;monthly;fiber;30;1;162,03;4545,0;;0;0;0;0
22769;2024-03-19;North;postpaid;monthly;cable;51;0;127,23;6320,67;15.53;0;1;0;0
71079;2024-07-27;Center-West;postpaid;annual;dsl;46;1;99,18;4903,84;;1;0;0;0
41052;2024-02-22;Center-West;postpaid;annual;cable;71;1;145,36;10564,52;15.58;0;0;0;0
40914;07/08/2024;North;postpaid;annual;FIBRE;49;1;74,96;3938,67;2.34;0;0;1;0
43674;2024-02-20;Northeast;prepaid;annual;dsl;15;1;178,76;;3.47;0;1;0;0
60773;2024-04-29;Northeast;postpaid;annual;fiber;7;1;157,2;1116,71;9.21;1;0;0;0
30767;2024-12-23;North;prepaid;monthly;fiber;19;1;163,07;3345,32;3.42;0;0;0;0
53976;2024-03-03;Southeast;postpaid;annual;dsl;70;1;158,23;11078,0;5.91;2;0;0;0
34042;26/08/2024;North;prepaid;annual;dsl;55;0;169,93;9753,65;4.82;0;0;0;0
28154;2024-12-24;South;postpaid;annual;FIBRE;53;0;39,67;1942,34;9.47;2;0;1;0
97819;22/08/2024;North;postpaid;annual;fiber;20;0;166,29;3116,1;10.89;0;1;0;0
67136;2024-06-11;Northeast;prepaid;monthly;dsl;34;1;67,29;2267,15;4.45;0;0;0;0
88125;2024-05-23;South;prepaid;annual;fiber;50;1;83,88;4062,61;21.75;0;0;0;0
65821;2024-05-16;South;prepaid;annual;fiber;68;1;85,59;5509,89;13.13;0;0;1;0
98310;2024-03-02;Center-West;postpaid;monthly;fiber;42;0;64,87;;10.55;0;0;0;0
77651;2024-06-01;South;postpaid;annual;fiber;2;1;95,76;198,55;16.79;1;0;0;0
89041;2024-06-27;Southeast;prepaid;monthly;cable;61;0;105,83;6639,02;10.38;2;0;0;1
13126;2024-06-06;Northeast;postpaid;monthly;fiber;67;1;52,3;3235,65;13.65;1;0;0;0
51876;16/05/2024;Northeast;postpaid;monthly;dsl;3;0;83,93;276,21;7.71;2;0;0;0
66992;2024-12-20;Center-West;prepaid;annual;dsl;28;0;82,22;2393,96;6.21;1;0;0;0
49367;29/03/2024;Northeast;postpaid;annual;FIBRE;70;1;131,2;;4.93;1;0;1;0
58935;2024-10-28;Center-West;prepaid;monthly;dsl;68;1;117,12;7306,44;11.22;0;0;0;0
59004;2024-10-04;North;prepaid;monthly;fiber;69;1;137,42;10219,74;12.81;2;0;0;0
30915;2024-10-01;South;prepaid;monthly;cable;70;1;147,59;10047,91;30.9;3;1;1;0
52323;2024-03-26;Center-West;postpaid;monthly;dsl;2;1;130,05;246,06;2.27;0;0;0;1
77992;13/12/2024;South;prepaid;monthly;dsl;11;1;66,19;696,33;10.44;2;0;0;0
67543;2024-09-19;South;prepaid;monthly;fiber;36;1;105,32;3615,72;17.06;0;0;0;0
73031;2024-01-01;Center-West;postpaid;annual;cable;43;0;99,99;4536,76;5.95;1;0;0;0
90668;16/02/2024;Center-West;postpaid;monthly;dsl;29;0;41,11;1226,67;19.33;1;2;0;1
52730;2024-08-22;South;postpaid;monthly;fiber;20;0;164,17;3182,9;17.06;0;1;0;0
68166;2024-06-30;Northeast;prepaid;annual;fiber;19;0;43,72;802,52;20.09;1;2;0;0
39307;19/07/2024;Center-West;postpaid;monthly;FIBRE;43;0;176,47;8281,55;14.1;1;1;0;1
72779;2024-09-04;Northeast;prepaid;annual;fiber;70;0;34,76;2503,34;6.28;1;0;0;0
72021;13/07/2024;Southeast;postpaid;monthly;fiber;59;1;139,45;8596,13;10.76;2;0;0;0
78384;2024-09-08;Northeast;prepaid;monthly;cable;13;0;73,14;;18.1;0;0;0;0
34848;25/02/2024;Southeast;prepaid;monthly;cable;11;1;165,71;2001,54;6.69;2;0;0;1
37534;2024-12-23;Center-West;prepaid;monthly;fiber;19;0;153,6;3062,23;3.53;3;0;0;1
93958;19/06/2024;Southeast;postpaid;annual;cable;53;1;33,75;1695,87;4.48;1;0;0;0
94555;14/06/2024;Center-West;prepaid;annual;dsl;1;0;33,29;36,1;15.56;1;0;0;0
34269;2024-12-17;Southeast;prepaid;annual;fiber;51;0;120,48;6007,57;7.05;2;0;0;0
83973;17/05/2024;North;postpaid;monthly;cable;42;1;52,44;2012,17;13.03;1;0;1;0
52716;26/08/2024;South;postpaid;annual;dsl;47;0;32,12;1471,95;16.71;0;0;0;0
77888;2024-09-28;Center-West;prepaid;monthly;dsl;62;1;175,16;11532,96;8.12;0;0;1;0
45667;2024-07-23;South;postpaid;monthly;fiber;42;0;124,93;5176,58;5.26;0;1;0;1
34084;2024-01-24;Northeast;postpaid;annual;fiber;45;0;31,62;1428,8;5.65;2;1;0;0
30714;2024-03-26;Southeast;prepaid;monthly;cable;35;0;103,58;3612,7;28.66;0;0;0;0
86202;2024-06-28;North;postpaid;monthly;fiber;47;0;53,63;2750,07;5.93;1;0;0;0
62729;2024-09-04;Center-West;postpaid;monthly;fiber;28;1;150,78;3836,61;13.58;3;1;1;1
11930;13/11/2024;Center-West;prepaid;monthly;fiber;5;0;34,3;163,78;;2;1;0;1
72044;2024-02-25;South;prepaid;annual;fiber;2;0;85,64;180,82;17.55;1;0;0;1
49737;2024-04-06;South;prepaid;monthly;fiber;51;1;65,7;3055,85;13.09;1;1;0;0
52981;2024-07-21;North;prepaid;annual;cable;46;0;177,13;7896,86;9.48;3;0;0;0
22977;2024-07-02;North;postpaid;monthly;fiber;30;1;41,72;;10.33;2;0;0;0
81052;2024-02-04;North;postpaid;annual;cable;53;1;137,98;6726,85;11.88;0;1;0;0
65766;29/02/2024;Southeast;postpaid;annual;dsl;34;1;101,7;3225,96;3.7;0;0;0;0
93739;2024-06-21;Northeast;prepaid;annual;dsl;19;0;152,47;2796,3;14.71;0;0;0;0
38599;10/12/2024;South;prepaid;monthly;fiber;42;1;62,14;2725,07;26.3;1;0;0;0
70101;2024-01-28;South;prepaid;monthly;fiber;27;0;158,29;4160,93;0.79;0;0;1;1
20705;2024-11-05;Center-West;postpaid;annual;cable;70;1;172,56;12872,78;6.62;1;0;0;0
17162;27/10/2024;Northeast;prepaid;annual;dsl;52;1;61,97;;10.44;1;0;0;0
61504;06/10/2024;South;postpaid;monthly;fiber;54;0;66,41;3273,82;21.27;2;0;0;0
10593;2024-02-26;Center-West;postpaid;monthly;cable;49;1;174,55;9136,0;24.93;1;1;0;0
60565;2024-02-23;South;prepaid;annual;cable;49;1;95,12;4552,36;2.01;1;0;0;0
19989;2024-05-06;North;postpaid;monthly;fiber;55;1;155,29;8546,95;16.56;1;0;0;0
79093;2024-07-02;South;postpaid;monthly;dsl;31;1;156,36;;;3;0;0;1
21197;2024-09-01;Southeast;postpaid;annual;dsl;59;0;76,63;4190,25;2.82;1;0;0;0
38808;2024-03-19;North;postpaid;monthly;cable;3;1;56,82;174,82;13.71;3;0;1;0
48096;2024-10-30;North;prepaid;monthly;fiber;48;0;84,98;4279,96;23.83;0;0;0;1
77919;2024-12-01;Center-West;postpaid;annual;fiber;39;1;118,79;4596,59;8.7;2;0;0;0
70872;13/11/2024;South;prepaid;monthly;fiber;1;0;104,56;99,3;12.68;3;0;0;1
14603;05/12/2024;Center-West;postpaid;monthly;fiber;47;1;140,52;5970,02;8.29;1;0;0;0
27292;23/12/2024;Northeast;prepaid;monthly;fiber;1;1;112,32;113,94;13.76;0;0;0;0
58606;2024-09-23;Southeast;postpaid;monthly;dsl;50;0;150,83;7069,3;18.73;1;0;0;0
30568;02/02/2024;Northeast;postpaid;monthly;dsl;38;1;45,59;1643,55;20.72;0;0;1;1
30372;2024-08-28;North;prepaid;annual;FIBRE;44;1;95,86;4079,77;6.92;0;0;0;0
78315;2024-09-12;South;prepaid;monthly;dsl;44;0;32,41;1450,42;4.49;0;0;0;0
26571;2024-03-29;North;postpaid;monthly;fiber;22;0;48,12;1140,26;13.71;0;0;0;0
75354;2024-01-06;South;prepaid;annual;FIBRE;45;1;79,73;3762,95;15.61;1;0;0;0
82254;27/01/2024;Northeast;postpaid;monthly;dsl;16;0;165,23;2672,87;4.18;1;0;0;0
41685;2024-10-14;North;postpaid;monthly;cable;54;0;87,02;4324,77;9.04;3;1;1;1
59354;01/11/2024;North;prepaid;monthly;FIBRE;7;0;71,02;465,52;23.13;1;1;0;1
67353;25/01/2024;South;postpaid;monthly;cable;11;0;130,62;1370,26;8.91;0;0;1;1
29947;2024-03-27;South;postpaid;monthly;cable;50;1;135,52;;19.79;2;0;0;0
72863;2024-08-03;North;postpaid;monthly;dsl;5;0;102,2;529,3;7.35;2;0;0;0
54798;2024-04-07;North;prepaid;annual;cable;69;1;73,28;4843,57;19.78;2;0;0;0
10814;2024-07-23;South;prepaid;annual;fiber;3;1;75,27;228,53;10.57;2;1;0;0
49747;03/04/2024;North;prepaid;annual;fiber;38;1;57,83;2301,64;9.32;2;0;0;0
45583;14/07/2024;South;postpaid;monthly;cable;70;1;84,39;5997,26;10.97;1;0;0;0
66875;2024-05-07;North;postpaid;annual;fiber;48;1;55,24;2901,32;6.44;0;0;0;0
99057;2024-01-24;Southeast;postpaid;monthly;fiber;45;1;126,44;5347,36;4.25;1;1;1;0
46965;28/04/2024;North;prepaid;monthly;fiber;50;0;164,2;8481,54;8.7;1;1;0;0
70586;2024-09-14;Northeast;postpaid;annual;fiber;51;0;68,14;3161,44;15.61;0;0;0;0
43765;2024-04-03;Center-West;postpaid;annual; fiber ;12;1;66,33;727,0;3.03;0;0;0;0
51765;2024-04-11;Northeast;postpaid;monthly;fiber;22;0;164,72;3263,83;20.92;0;0;0;1
45972;16/02/2024;Northeast;prepaid;annual;cable;14;0;115,2;1553,88;9.3;0;1;0;0
96296;15/02/2024;Southeast;postpaid;monthly;fiber;16;1;139,47;2021,58;15.87;5;0;0;1
71940;2024-10-10;South;prepaid;monthly;cable;15;1;163,37;2629,6;;0;0;0;1
55628;2024-01-05;Northeast;prepaid;monthly;fiber;46;0;129,75;5973,02;14.95;0;0;0;0
76290;2024-12-10;Center-West;postpaid;monthly;fiber;67;1;141,37;;15.5;2;0;0;1
45311;29/12/2024;North;postpaid;annual;cable;40;1;88,04;3660,65;22.91;1;0;0;0
85984;2024-02-25;Center-West;prepaid;monthly;fiber;2;1;170,73;368,17;3.09;0;0;0;0
69372;2024-09-29;South;postpaid;monthly;fiber;50;0;135,58;6240,31;10.1;1;0;1;0
12838;2024-07-29;Southeast;postpaid;annual;cable;39;1;40,75;1444,17;18.75;0;1;1;0
41118;2024-11-10;Southeast;prepaid;annual;fiber;56;0;119,28;6964,28;10.33;1;0;0;0
21214;09/06/2024;North;postpaid;annual;fiber;27;0;44,2;1270,12;9.37;0;0;0;0
65414;2024-01-29;Northeast;prepaid;annual;cable;31;1;108,32;3030,08;8.82;1;0;0;0
82835;2024-06-12;South;prepaid;annual;fiber;47;0;43,27;2050,4;11.23;1;0;0;0
14642;2024-01-23;Northeast;prepaid;annual;dsl;51;1;124,09;6200,79;15.33;0;0;0;0
26943;2024-10-02;Northeast;postpaid;monthly;fiber;16;0;98,45;1704,79;9.39;0;1;0;0
19049;2024-05-03;South;prepaid;annual;fiber;42;1;112,96;4932,0;;1;0;0;1
28437;02/10/2024;South;prepaid;monthly;fiber;69;0;127,34;9631,61;12.5;1;0;0;0
94283;2024-09-19;Northeast;postpaid;monthly;dsl;5;1;67,55;327,75;9.78;2;0;0;0
96415;2024-01-23;Northeast;postpaid;monthly;fiber;24;1;77,93;1736,08;11.25;2;0;0;0
57241;2024-08-02;Southeast;postpaid;monthly;cable;38;0;102,31;4078,92;18.64;1;0;0;1
99582;2024-11-21;South;postpaid;annual;dsl;66;0;114,95;7967,29;7.06;2;0;0;1
43423;21/09/2024;North;prepaid;annual;dsl;69;0;168,55;11445,34;8.9;1;0;0;0
42777;2024-01-05;North;prepaid;monthly;fiber;42;1;82,79;3261,92;7.42;1;0;0;0
95334;2024-06-21;Southeast;postpaid;monthly;dsl;39;1;118,76;4240,75;9.0;1;0;0;0
56416;2024-06-09;Center-West;postpaid;monthly;dsl;30;1;168,38;5193,41;10.84;1;0;0;0
53542;2024-01-17;South;prepaid;annual;fiber;32;1;137,67;4139,95;18.56;2;2;0;0
67011;2024-02-04;South;prepaid;monthly;cable;53;0;79,25;3843,04;15.31;1;0;0;0
25367;2024-08-31;Southeast;prepaid;monthly;fiber;39;0;92,21;3694,76;10.69;0;1;0;0
65448;2024-08-31;Center-West;prepaid;annual;cable;40;0;161,82;6633,42;10.44;1;1;0;1
46720;2024-07-15;South;postpaid;monthly;cable;60;0;95,65;5773,97;13.92;0;0;0;0
54410;2024-05-31;Center-West;postpaid;monthly;fiber;10;1;67,81;712,83;8.61;1;0;1;0
75958;2024-03-29;North;prepaid;monthly; fiber ;68;1;108,46;7164,63;6.89;0;0;1;0
17446;21/02/2024;Center-West;postpaid;monthly;dsl;51;0;57,9;2963,11;14.01;3;0;0;1
64599;05/10/2024;Southeast;postpaid;annual;dsl;42;1;117,31;5374,27;7.04;2;0;1;0
77702;2024-05-03;Southeast;prepaid;monthly;cable;42;0;178,73;7160,25;5.99;1;0;0;0
87422;2024-09-09;Center-West;prepaid;monthly; fiber ;41;1;175,39;6652,68;32.43;0;1;0;0
19974;04/04/2024;Center-West;postpaid;annual;dsl;41;1;122,07;4888,46;2.63;0;0;0;0
91143;2024-06-11;North;prepaid;annual;cable;25;1;162,94;4076,44;2.23;1;0;0;0
29313;2024-08-26;Southeast;postpaid;monthly;cable;53;1;152,27;8562,72;10.2;0;0;0;0
72622;2024-09-21;Center-West;postpaid;annual;fiber;18;0;172,6;3098,74;14.77;1;0;1;0
98165;2024-09-01;South;postpaid;monthly;cable;47;0;160,96;7805,0;9.59;0;1;0;0
44823;24/08/2024;Center-West;postpaid;monthly;fiber;38;1;164,97;6393,57;8.62;1;1;0;0
75122;2024-07-19;Center-West;postpaid;annual;dsl;27;0;64,43;1722,98;27.39;1;1;0;0
24044;17/11/2024;Center-West;postpaid;monthly;fiber;58;1;53,7;3300,47;7.38;0;0;0;0
15411;2024-10-11;Northeast;prepaid;monthly;dsl;23;1;36,6;777,62;10.9;1;0;1;0
85515;2024-01-05;Northeast;postpaid;annual;fiber;47;0;128,9;6364,65;9.09;0;0;1;0
84579;09/01/2024;North;postpaid;annual;fiber;18;1;170,03;3137,68;11.89;1;0;0;0
60395;2024-10-13;Southeast;postpaid;annual; fiber ;15;1;179,08;2925,52;9.27;2;1;0;0
65834;2024-08-27;South;postpaid;annual;cable;41;1;157,85;6199,57;13.59;0;0;0;0
80912;28/02/2024;Northeast;prepaid;monthly;dsl;70;1;154,65;10113,59;11.0;1;0;1;1
50037;2024-08-26;Center-West;postpaid;annual;dsl;22;0;107,83;2272,74;8.42;1;0;0;0
35563;2024-03-16;North;postpaid;monthly;dsl;9;1;97,79;834,73;4.59;2;0;0;0
68303;2024-06-17;Northeast;postpaid;annual;fiber;9;1;126,05;1216,52;1.23;0;0;0;0
69806;2024-02-12;Southeast;postpaid;monthly;fiber;35;0;33,41;1202,59;14.39;1;1;0;0
50220;2024-11-01;North;postpaid;monthly;FIBRE;56;1;149,15;8365,31;6.05;0;0;0;0
68560;2024-01-01;North;postpaid;monthly;FIBRE;51;1;128,62;6883,24;11.0;0;0;0;0
21691;2024-01-28;Center-West;prepaid;annual;cable;15;1;55,51;759,64;4.58;0;0;0;0
81017;2024-12-20;South;prepaid;monthly;fiber;60;0;125,35;7338,22;16.94;0;1;0;0
66486;2024-10-04;South;postpaid;monthly;dsl;12;0;119,92;1395,04;16.53;0;0;0;1
57466;2024-04-08;South;postpaid;annual;cable;40;0;148,2;6427,16;6.37;0;0;0;0
52999;2024-04-24;Southeast;postpaid;annual;cable;61;1;155,62;9161,66;15.29;1;0;0;0
70458;2024-02-14;North;prepaid;monthly;fiber;58;1;68,01;3787,33;16.87;2;0;0;0
54502;2024-01-12;Northeast;prepaid;monthly;cable;50;0;152,17;8278,49;21.6;1;0;0;0
74169;2024-01-22;Center-West;prepaid;annual;dsl;24;0;57,31;1465,35;4.82;0;0;0;1
37331;2024-01-09;Center-West;postpaid;monthly;dsl;55;1;89,13;;8.55;1;0;0;0
62928;2024-10-20;Southeast;postpaid;monthly;dsl;28;0;103,9;2650,75;10.2;0;2;0;0
17768;2024-03-30;South;postpaid;annual;fiber;25;1;150,74;3578,47;9.01;2;0;0;0
48185;2024-06-18;South;prepaid;monthly;cable;38;1;165,16;5896,83;23.66;1;0;0;0
33396;02/08/2024;South;postpaid;monthly;dsl;44;1;32,58;1533,68;13.77;0;0;0;0
97538;2024-09-07;Center-West;postpaid;monthly;dsl;15;0;140,59;2292,28;5.86;0;0;0;0
87846;12/08/2024;Southeast;prepaid;monthly;cable;67;0;161,63;;27.35;1;0;0;1
68569;27/06/2024;Southeast;postpaid;monthly;dsl;62;1;173,15;11497,19;;0;0;0;0
56742;2024-02-11;Center-West;postpaid;annual;fiber;21;1;70,18;1467,57;8.74;1;0;0;0
66583;14/06/2024;Center-West;prepaid;monthly;fiber;18;1;55,94;933,52;3.53;0;0;0;0
36751;2024-04-15;South;prepaid;annual;cable;5;1;104,84;549,24;9.37;2;0;0;1
43391;2024-04-11;South;postpaid;annual;dsl;29;1;165,15;5156,33;20.89;0;1;0;0
93893;2024-02-07;North;postpaid;annual;cable;13;1;77,34;1078,92;10.77;1;0;0;0
71154;2024-03-16;North;postpaid;monthly;fiber;67;0;105,76;6668,09;9.0;1;0;0;1
16129;01/11/2024;Center-West;postpaid;annual;dsl;64;0;179,33;12533,59;13.79;0;0;0;0
33530;23/07/2024;North;prepaid;monthly;cable;59;0;98,4;5738,02;9.8;0;1;0;0
29120;2024-11-07;Southeast;postpaid;annual;dsl;20;0;124,24;2481,88;15.81;1;0;0;0
11235;2024-10-13;North;postpaid;monthly;fiber;49;0;179,34;8779,23;17.44;2;0;0;0
13145;15/03/2024;North;prepaid;annual;fiber;35;0;85,09;2814,31;6.31;3;0;1;0
45722;2024-12-28;North;postpaid;monthly;cable;20;0;70,94;1416,27;19.31;1;0;0;0
93276;2024-11-24;North;prepaid;annual;dsl;38;1;72,41;2795,27;;1;2;0;1
43930;2024-09-07;Center-West;prepaid;monthly;fiber;12;1;122,55;1598,67;2.32;2;0;1;1
41781;2024-01-31;Center-West;prepaid;monthly;dsl;69;1;54,41;4099,9;11.77;0;0;0;1
33548;2024-09-30;South;postpaid;annual;fiber;12;0;54,68;619,88;24.24;0;0;0;0
32273;2024-07-15;South;prepaid;monthly;fiber;22;1;69,02;1408,64;11.44;1;1;0;1
39563;25/11/2024;Northeast;prepaid;annual;fiber;16;1;111,14;1675,32;3.57;1;0;0;0
82130;2024-09-18;North;postpaid;annual;fiber;38;0;156,63;5723,19;12.26;0;1;1;0
76013;2024-01-05;North;prepaid;annual;cable;48;1;109,39;;16.17;0;0;0;0
61634;26/05/2024;Southeast;postpaid;annual;fiber;69;1;147,4;10073,12;16.37;0;2;0;0
32883;25/01/2024;South;postpaid;annual;cable;28;0;173,63;4384,5;19.06;1;0;0;0
39351;2024-02-04;Northeast;prepaid;annual;fiber;15;1;141,0;1924,23;12.02;0;0;0;0
76602;2024-01-04;Center-West;prepaid;monthly;fiber;2;1;126,42;264,45;17.53;3;1;0;0
77010;2024-10-06;Northeast;postpaid;monthly;FIBRE;43;0;31,23;1429,71;5.88;4;0;0;1
86661;28/03/2024;South;prepaid;annual;fiber;70;0;97,26;7198,88;15.62;3;0;0;0
79366;14/10/2024;Southeast;prepaid;monthly;dsl;5;1;70,21;316,28;8.36;1;0;0;1
45469;2024-09-26;Southeast;postpaid;monthly;cable;71;1;106,86;7530,38;21.54;0;0;0;0
37917;29/04/2024;South;postpaid;monthly;dsl;19;1;172,66;;11.87;0;0;0;0
74421;25/08/2024;North;postpaid;monthly;dsl;65;1;78,07;5576,03;2.2;0;0;1;0
46102;2024-01-09;Center-West;postpaid;monthly;cable;5;0;54,12;296,58;8.9;1;1;0;0
83006;14/03/2024;Center-West;postpaid;annual;dsl;64;0;153,88;10592,5;17.64;2;2;0;0
51412;2024-12-01;Southeast;postpaid;annual;dsl;24;0;178,59;4405,02;11.29;0;0;0;0
64489;2024-01-14;Northeast;postpaid;annual;dsl;20;1;147,01;3160,8;3.49;0;1;0;0
90123;30/01/2024;South;postpaid;monthly;fiber;15;0;50,76;823,87;5.52;1;0;0;0
29648;2024-08-23;Southeast;postpaid;annual;fiber;10;0;112,6;1143,66;29.72;0;0;0;0
40995;2024-04-05;North;postpaid;annual;dsl;57;1;90,78;4796,25;;0;0;0;0
99192;09/04/2024;Southeast;prepaid;monthly;dsl;5;0;125,01;584,43;12.2;0;0;0;0
46092;2024-06-07;South;postpaid;monthly;fiber;33;1;130,29;4458,92;9.77;2;0;0;0
37708;2024-12-15;North;postpaid;monthly;cable;68;0;151,06;10551,91;13.29;1;1;0;0
36913;2024-06-11;South;prepaid;annual;fiber;29;0;66,01;1882,79;14.3;4;0;0;0
76304;2024-05-20;North;prepaid;monthly;dsl;59;1;174,7;9506,05;;0;0;0;0
98265;2024-07-09;North;postpaid;monthly;cable;50;0;62,2;2935,84;8.82;1;0;1;1
68555;2024-07-24;Northeast;prepaid;monthly;fiber;57;1;48,61;3046,48;6.69;0;0;0;0
40655;2024-03-17;Southeast;prepaid;monthly;cable;68;1;154,33;9462,97;4.43;1;0;0;0
11350;28/01/2024;Southeast;prepaid;monthly;cable;7;1;99,49;742,63;2.55;0;0;0;1
30434;21/05/2024;North;prepaid;annual;dsl;22;0;103,53;2329,39;31.31;1;0;0;0
24477;2024-07-10;South;postpaid;monthly;cable;23;1;77,81;1625,53;39.33;0;0;0;0
84898;2024-12-06;Northeast;prepaid;annual;dsl;5;0;36,96;182,01;30.9;0;0;0;0
45814;2024-04-14;Southeast;prepaid;monthly; fiber ;8;1;59,04;502,04;17.65;0;1;0;0
22880;2024-11-19;North;postpaid;monthly;dsl;8;1;144,25;1181,02;12.68;1;2;0;1
52002;31/05/2024;Center-West;prepaid;annual;fiber;68;1;63,66;4697,53;8.0;2;0;0;0
30817;03/02/2024;Southeast;prepaid;annual;fiber;61;1;178,9;11920,67;8.94;0;0;0;0
34087;13/01/2024;South;postpaid;annual;fiber;42;0;147,93;6619,4;4.78;1;0;0;0
48652;2024-10-12;Center-West;postpaid;monthly;fiber;61;1;157,29;10027,4;10.26;1;0;0;0
55606;2024-07-11;North;postpaid;monthly;cable;25;0;160,99;3709,44;3.28;2;0;0;0
91360;2024-07-20;Southeast;postpaid;annual;cable;34;0;137,84;4935,31;11.86;0;0;0;0
72825;2024-10-12;South;postpaid;monthly;cable;63;1;99,93;6468,06;4.98;1;0;0;0
41443;13/01/2024;Northeast;prepaid;annual;fiber;11;1;167,55;1798,5;18.33;2;0;0;0
46563;2024-01-30;Center-West;postpaid;monthly;dsl;11;1;93,98;1093,25;8.45;0;0;0;0
27874;2024-10-14;South;postpaid;monthly;dsl;38;0;44,37;1667,06;21.08;0;0;0;0
78195;2024-05-30;North;prepaid;annual;FIBRE;18;0;119,47;2237,69;21.24;2;0;0;0
59180;2024-02-26;Northeast;postpaid;annual;dsl;48;0;45,83;2291,88;;0;0;0;0
78914;2024-09-24;Southeast;prepaid;annual;fiber;46;1;128,31;6210,86;23.14;1;0;0;0
87360;29/03/2024;South;postpaid;annual;cable;24;0;179,63;;11.49;3;1;0;0
83282;2024-07-06;Northeast;postpaid;monthly;fiber;9;0;131,28;;20.35;1;0;1;1
11543;2024-01-28;Southeast;postpaid;annual;cable;6;1;61,58;386,32;13.42;0;0;0;0
26377;12/04/2024;Northeast;prepaid;annual;cable;32;1;50,68;1588,45;21.14;0;0;0;0
54750;06/10/2024;North;postpaid;monthly;dsl;23;1;83,46;2101,44;12.44;0;0;0;0
77569;2024-01-10;Center-West;postpaid;monthly;fiber;3;0;51,86;171,05;;2;1;1;1
86265;2024-09-14;Southeast;prepaid;annual;fiber;50;0;115,45;6286,09;19.04;1;0;0;0
44766;14/01/2024;Center-West;prepaid;monthly;cable;68;1;147,46;9967,63;12.35;0;0;0;0
31376;2024-11-01;South;postpaid;annual;fiber;70;0;128,72;9812,99;6.52;0;0;0;0
78266;13/11/2024;Southeast;prepaid;monthly;fiber;9;0;122,58;1001,23;19.91;2;0;1;1
80518;2024-07-03;Northeast;postpaid;annual;cable;14;1;95,34;1373,78;12.35;2;0;0;0
48310;23/10/2024;North;postpaid;annual;dsl;31;1;55,91;1898,84;20.57;0;0;0;0
78846;2024-06-06;Center-West;prepaid;annual;dsl;65;1;125,67;7371,38;8.09;1;0;0;0
61557;2024-09-03;Southeast;postpaid;annual; fiber ;41;0;92,9;4007,76;3.31;0;0;0;0
35943;2024-07-20;Southeast;prepaid;monthly;fiber;33;1;75,82;2548,99;2.84;1;0;0;0
70036;2024-07-16;North;postpaid;annual;cable;66;0;128,89;7772,07;6.41;0;0;0;0
10621;03/01/2024;Center-West;postpaid;annual;fiber;48;1;86,78;3925,04;20.3;0;0;0;0
80809;2024-08-08;North;prepaid;annual; fiber ;70;0;55,25;3585,62;8.69;0;0;0;0
63807;10/10/2024;Northeast;postpaid;annual;FIBRE;62;0;102,53;6666,6;14.8;1;0;1;0
85982;2024-12-19;Center-West;postpaid;annual;dsl;71;1;73,38;5504,19;14.46;1;0;0;0
16473;2024-10-29;Center-West;postpaid;annual;fiber;40;0;140,02;6131,0;2.27;0;0;0;0
28868;2024-05-19;North;prepaid;monthly;cable;27;0;37,06;1055,34;15.48;0;0;0;0
86213;22/01/2024;Northeast;postpaid;annual; fiber ;5;1;157,93;834,24;15.14;2;1;0;1
99429;17/01/2024;North;postpaid;annual;fiber;52;1;99,2;5095,54;6.58;0;0;0;0
34123;2024-11-28;Northeast;prepaid;monthly;cable;19;0;32,39;572,83;13.37;0;0;0;0
18488;12/09/2024;North;postpaid;monthly;cable;1;0;50,0;49,23;23.1;0;0;0;0
67918;30/05/2024;North;prepaid;annual;dsl;58;1;171,82;9179,3;11.4;0;0;0;0
61325;2024-01-29;North;postpaid;monthly;cable;31;1;110,55;3664,9;17.92;1;0;0;1
23612;2024-03-27;Northeast;prepaid;monthly;fiber;40;1;145,28;5747,09;10.12;0;0;0;0
10015;16/03/2024;Northeast;postpaid;monthly; fiber ;56;1;162,42;9630,4;30.52;1;0;0;0
87506;2024-01-15;Center-West;prepaid;annual;fiber;24;0;78,05;2042,87;5.88;1;1;1;0
70164;2024-04-06;Northeast;prepaid;annual;fiber;58;0;112,04;6307,67;12.46;1;0;0;0
80345;2024-12-24;Southeast;postpaid;annual;dsl;42;0;127,55;5043,65;3.92;1;1;0;0
66876;29/11/2024;North;postpaid;annual;cable;41;0;156,24;6079,37;14.28;0;0;0;0
61732;2024-08-30;South;postpaid;annual;fiber;20;1;93,01;;2.76;0;0;0;0
77223;2024-04-13;Southeast;postpaid;monthly;fiber;57;1;172,76;9337,77;10.59;1;2;0;0
78576;2024-08-12;Southeast;prepaid;monthly;cable;18;1;121,07;2107,27;25.31;1;0;0;0
87931;18/03/2024;North;postpaid;monthly;dsl;44;0;161,08;7244,0;17.84;1;0;0;0
48148;2024-02-23;Center-West;prepaid;monthly;fiber;59;0;42,5;2480,37;4.46;1;0;0;0
41333;29/03/2024;North;prepaid;monthly;fiber;9;0;99,5;844,11;21.85;1;0;0;0
68425;2024-10-20;North;postpaid;monthly;fiber;29;1;56,88;1643,78;10.46;1;2;0;1
99525;26/10/2024;Southeast;postpaid;annual;fiber;49;0;166,78;8081,88;9.68;1;0;1;1
92817;2024-08-03;Northeast;prepaid;annual;fiber;20;1;65,25;1345,4;9.18;1;0;0;0
35985;2024-11-17;Southeast;prepaid;monthly;dsl;2;1;136,95;268,64;8.71;0;0;0;0
27228;09/05/2024;Center-West;postpaid;annual;fiber;30;0;39,43;1255,93;5.61;0;1;0;0
74493;2024-01-14;Center-West;prepaid;annual;dsl;36;1;60,13;2050,38;8.43;1;1;0;1
58818;2024-08-16;Center-West;prepaid;annual; fiber ;66;0;77,98;5152,3;10.24;1;0;0;0
92853;28/09/2024;South;prepaid;annual;fiber;58;1;147,28;9057,17;2.47;0;1;0;0
70108;2024-02-20;Southeast;prepaid;annual; fiber ;13;1;67,68;839,09;7.05;1;0;0;0
87157;2024-02-11;South;prepaid;annual;cable;20;1;152,53;2889,87;16.3;1;0;0;0
30282;04/06/2024;Northeast;postpaid;annual;dsl;14;0;148,29;2106,42;10.23;0;0;0;0
85145;2024-08-21;South;prepaid;monthly;fiber;65;0;178,83;11714,59;17.88;1;0;0;0
34532;2024-02-27;Center-West;postpaid;monthly;fiber;26;1;131,57;3730,24;3.59;0;0;0;0
97473;2024-08-29;Southeast;postpaid;monthly;dsl;64;0;125,62;8530,15;3.48;0;0;0;0
61742;2024-02-11;Southeast;postpaid;monthly;fiber;5;1;120,23;577,97;12.74;0;0;0;0
14896;23/04/2024;South;postpaid;monthly;dsl;40;1;46,44;1724,6;6.39;0;0;0;0
29247;2024-12-28;Northeast;postpaid;monthly;cable;6;0;106,98;609,91;6.84;2;1;0;1
57368;2024-01-20;Northeast;postpaid;monthly;fiber;40;1;157,72;6188,36;8.4;0;1;0;0
99981;2024-04-14;South;postpaid;monthly;dsl;1;1;33,13;30,41;7.14;0;0;0;0
14295;22/04/2024;Northeast;postpaid;monthly;dsl;12;0;49,0;560,61;8.99;0;0;0;0
45757;05/01/2024;Northeast;postpaid;annual;dsl;11;1;120,08;1400,73;13.97;1;1;0;0
75143;2024-08-29;North;postpaid;annual;fiber;51;1;157,05;8133,72;38.64;3;2;1;1
27234;20/03/2024;North;prepaid;annual;dsl;46;1;76,1;3177,61;7.19;0;0;0;0
21561;2024-05-15;Southeast;postpaid;monthly;fiber;40;1;160,72;5797,54;20.38;2;0;0;0
20538;2024-05-13;South;postpaid;annual;dsl;14;0;80,63;1102,78;1.9;0;0;0;0
91996;27/10/2024;North;prepaid;monthly;dsl;19;0;99,82;1722,89;9.65;0;1;0;1
74839;2024-01-05;Southeast;postpaid;monthly;fiber;27;0;172,95;4489,67;11.34;0;1;0;1
32600;05/06/2024;North;prepaid;monthly;cable;70;1;92,64;6134,62;7.03;0;0;0;0
60367;17/08/2024;Southeast;prepaid;annual;cable;51;1;119,92;6095,25;9.12;1;0;0;0
96073;11/11/2024;Northeast;postpaid;annual;dsl;3;1;170,32;516,66;10.5;1;0;0;0
64251;09/07/2024;Southeast;prepaid;annual;cable;3;0;69,66;216,66;5.62;2;0;0;0
71928;24/02/2024;Southeast;prepaid;annual;cable;25;0;43,79;1078,06;13.2;1;0;0;0
11295;2024-05-04;Northeast;prepaid;monthly;fiber;15;1;173,7;2657,53;12.43;1;1;0;1
28060;2024-04-15;South;postpaid;annual;dsl;29;1;113,97;3382,15;9.92;1;0;1;0
11222;20/11/2024;South;postpaid;monthly;dsl;71;1;174,88;11996,68;9.5;0;0;0;0
90574;01/09/2024;South;postpaid;monthly;dsl;14;0;160,01;2147,21;16.39;0;0;0;0
78449;2024-03-29;South;postpaid;annual;cable;43;0;119,19;5296,58;15.2;0;0;0;0
72178;2024-09-07;Northeast;postpaid;annual; fiber ;35;1;100,7;3331,28;7.18;1;0;0;0
92648;2024-02-03;Northeast;postpaid;monthly;fiber;47;0;102,04;4375,49;20.68;1;0;0;0
33020;10/10/2024;South;postpaid;monthly;fiber;39;1;54,9;1949,95;12.67;2;2;0;0
78318;2024-02-07;Northeast;prepaid;monthly;dsl;37;0;98,03;3507,5;9.24;0;1;0;0
74554;20/01/2024;Northeast;postpaid;monthly;fiber;20;1;153,26;3357,51;20.78;0;0;0;0
45376;2024-10-16;North;postpaid;monthly;fiber;69;1;178,32;12289,94;3.24;3;0;0;0
92905;2024-07-16;North;prepaid;annual;fiber;19;1;174,05;3184,13;6.93;0;0;0;0
67737;2024-05-04;Center-West;prepaid;monthly;dsl;11;0;174,33;1982,4;21.42;0;0;0;0
18360;15/03/2024;North;postpaid;monthly;fiber;7;0;32,85;;12.96;1;0;1;0
15354;2024-11-25;South;prepaid;monthly;fiber;5;1;107,37;576,46;14.0;2;0;0;0
92116;2024-08-31;North;postpaid;annual;fiber;26;1;60,02;1714,9;10.29;1;1;0;0
18104;2024-01-30;Center-West;prepaid;monthly;fiber;58;0;122,29;7268,27;6.27;0;0;0;0
36647;25/03/2024;Northeast;postpaid;monthly;fiber;11;0;171,88;1747,01;10.0;0;0;0;1
85914;2024-07-16;Southeast;prepaid;annual; fiber ;1;1;161,5;175,23;15.81;1;0;0;0
99963;2024-08-17;North;postpaid;annual;dsl;38;0;159,99;5606,52;10.14;0;0;0;0
80392;2024-04-16;Northeast;prepaid;monthly;fiber;40;1;84,86;3145,17;15.75;0;0;0;0
74329;2024-01-30;South;prepaid;annual;fiber;40;0;105,18;4390,05;13.34;0;1;0;0
52272;09/12/2024;Center-West;prepaid;monthly;dsl;1;0;72,29;75,53;6.76;1;0;0;0
60928;2024-11-19;Center-West;postpaid;annual;FIBRE;15;0;113,08;1603,24;;1;0;0;0
61185;2024-06-23;Center-West;postpaid;monthly;fiber;25;1;75,51;1957,36;17.07;1;0;0;0
73326;2024-04-10;Southeast;postpaid;annual;fiber;53;1;151,31;8704,25;5.48;0;0;0;0
49462;2024-04-09;North;prepaid;annual;FIBRE;47;1;99,66;4997,12;8.62;1;0;0;0
19595;2024-03-11;North;postpaid;annual;dsl;58;1;135,06;7465,82;9.53;2;0;0;0
58000;2024-01-12;Northeast;postpaid;annual;cable;39;0;160,9;6080,09;12.24;1;0;0;0
91223;30/12/2024;Center-West;prepaid;monthly;fiber;29;1;74,96;2380,6;26.35;1;1;0;0
39582;27/06/2024;South;postpaid;annual;dsl;40;1;123,31;4896,91;;2;0;0;0
70414;2024-03-24;North;postpaid;monthly;cable;28;0;156,87;4707,29;9.29;0;0;0;1
33892;2024-02-26;Northeast;postpaid;monthly;fiber;12;1;172,61;1877,13;6.78;0;1;1;0
61432;28/06/2024;Northeast;prepaid;monthly;dsl;41;1;54,46;2024,11;3.25;0;0;0;0
21891;2024-01-28;Northeast;prepaid;annual;dsl;21;1;132,21;2591,18;14.91;1;2;0;0
89304;2024-10-30;South;postpaid;annual;dsl;19;0;95,28;1727,95;25.61;1;0;1;0
28261;2024-02-24;Center-West;prepaid;annual;cable;51;0;72,83;3999,97;15.76;0;0;0;0
92311;2024-12-07;Southeast;prepaid;monthly;fiber;5;1;53,66;249,16;5.86;2;1;0;0
86808;2024-07-09;North;postpaid;annual;cable;2;1;117,81;250,75;5.89;0;0;0;0
82087;08/06/2024;Northeast;postpaid;annual;fiber;26;0;80,11;2162,66;9.15;1;0;0;0
22942;2024-03-31;Southeast;prepaid;annual;dsl;43;0;130,19;5563,97;;0;0;0;0
22706;2024-08-10;North;prepaid;monthly;fiber;60;1;72,15;4350,24;6.26;0;0;0;0
24583;2024-06-03;North;postpaid;monthly;fiber;37;1;30,09;1131,18;17.81;1;0;0;0
65946;2024-04-18;Northeast;prepaid;annual;fiber;19;1;145,08;2648,68;18.39;0;0;0;0
37978;2024-07-10;Southeast;prepaid;annual;cable;25;1;54,2;1435,5;8.46;1;0;0;0
57224;16/01/2024;South;prepaid;monthly;dsl;27;1;67,88;1710,99;18.24;1;1;0;1
10771;18/01/2024;South;postpaid;monthly;cable;24;1;65,3;1462,69;18.12;1;0;1;0
51346;2024-12-27;Northeast;postpaid;monthly;fiber;48;1;81,34;3996,14;5.58;0;1;1;0
92271;22/07/2024;South;prepaid;monthly;fiber;57;1;102,8;5649,05;10.21;0;0;1;0
28278;2024-11-13;North;prepaid;annual;fiber;51;1;151,87;6992,39;3.81;1;0;0;0
37177;2024-06-13;Northeast;postpaid;monthly;FIBRE;28;1;127,53;3672,76;6.58;1;0;0;0
53736;2024-11-20;Northeast;postpaid;monthly;fiber;21;1;51,9;1156,44;21.22;0;0;0;1
26733;2024-07-21;Southeast;postpaid;annual;cable;6;1;57,55;356,67;25.01;0;0;1;0
19113;2024-08-18;Center-West;prepaid;monthly;cable;57;1;157,06;8906,29;13.39;0;0;0;0
71284;2024-09-12;Southeast;postpaid;monthly;fiber;69;0;67,48;4833,82;18.28;1;0;0;0
83089;29/03/2024;Southeast;postpaid;annual; fiber ;4;0;62,8;248,18;7.54;1;0;0;1
20621;2024-09-16;Southeast;postpaid;monthly;dsl;10;0;30,54;314,17;7.38;0;0;0;0
41024;25/01/2024;South;prepaid;annual;dsl;16;0;146,11;2298,93;14.6;0;0;0;0
76972;10/09/2024;Center-West;postpaid;annual;dsl;57;1;140,77;8394,49;9.3;0;1;0;0
51807;2024-06-28;South;prepaid;annual;dsl;16;0;82,14;1433,82;2.48;1;0;0;0
48339;2024-01-28;Northeast;prepaid;monthly;fiber;1;0;31,1;32,63;9.01;2;0;0;0
93100;2024-03-28;North;prepaid;annual;fiber;24;1;147,84;3616,52;20.05;1;1;0;0
40036;26/11/2024;Southeast;postpaid;monthly;cable;26;1;44,9;1084,73;10.19;1;0;0;0
37779;18/06/2024;North;prepaid;annual;dsl;29;1;99,07;2637,61;18.65;1;0;0;0
53312;2024-10-22;Southeast;postpaid;monthly;cable;37;0;156,02;5215,04;3.14;1;0;0;0
93917;2024-09-28;North;postpaid;monthly;fiber;18;1;66,64;1197,9;10.72;2;1;0;0
52873;2024-11-16;North;postpaid;monthly;dsl;3;1;86,95;248,93;8.42;2;0;1;1
67764;2024-09-24;North;prepaid;annual;fiber;8;0;129,13;;4.43;1;0;0;1
84949;2024-03-03;South;postpaid;annual;cable;53;0;130,97;6606,14;10.34;1;0;0;0
19957;2024-08-11;Northeast;prepaid;monthly;fiber;47;0;99,41;5106,85;8.88;4;0;0;0
50775;2024-08-02;North;postpaid;annual;dsl;19;1;95,06;1705,6;23.13;0;0;0;0
98877;2024-12-29;South;prepaid;annual;fiber;67;1;92,93;6261,32;20.39;2;2;0;0
91414;2024-12-06;North;prepaid;monthly;fiber;39;0;102,9;4399,04;9.34;0;0;0;0
84674;25/07/2024;Southeast;postpaid;monthly;fiber;57;0;82,0;4333,13;9.79;0;0;0;0
81370;2024-12-06;Center-West;prepaid;annual;dsl;57;1;68,46;;6.96;3;1;0;0
35634;2024-12-09;Northeast;prepaid;annual;cable;22;0;77,41;1733,85;5.04;0;1;0;0
88961;15/05/2024;South;postpaid;annual;cable;42;1;101,67;4463,57;11.77;0;0;0;0
18431;2024-05-01;Northeast;prepaid;annual;dsl;43;1;87,32;4020,04;2.83;3;0;1;0
13397;2024-11-07;Northeast;prepaid;annual;dsl;33;1;117,83;4013,61;8.05;3;0;0;0
12901;2024-08-26;Northeast;prepaid;monthly;dsl;46;0;124,67;5193,06;4.91;1;0;0;0
27413;2024-06-17;Southeast;prepaid;annual;fiber;24;1;179,42;4061,57;13.75;0;0;0;0
33823;2024-11-29;Center-West;postpaid;monthly;cable;7;1;122,28;864,2;16.87;3;0;0;0
65330;2024-01-31;Center-West;prepaid;annual;dsl;4;1;140,19;518,58;9.98;1;0;0;0
62638;2024-08-10;Center-West;postpaid;annual;dsl;32;0;44,7;1325,95;8.84;2;1;0;0
56911;2024-12-21;Center-West;postpaid;annual; fiber ;65;0;144,07;9949,8;17.8;1;0;0;0
47312;04/11/2024;Center-West;prepaid;monthly;fiber;16;0;106,34;1787,4;7.03;1;1;0;0
47398;2024-04-22;Northeast;postpaid;monthly;fiber;43;1;159,98;6467,68;17.38;3;0;0;0
90486;2024-11-08;Southeast;postpaid;monthly;cable;12;0;175,64;2104,82;12.92;1;0;0;1
55865;2024-04-15;North;prepaid;annual;dsl;45;0;64,55;3183,13;10.34;1;0;0;0
13183;2024-01-04;South;prepaid;monthly;dsl;14;1;169,3;2413,52;22.55;0;1;0;1
41467;2024-11-24;South;prepaid;monthly;fiber;32;1;130,75;4371,19;17.57;0;0;0;0
54097;15/11/2024;Center-West;prepaid;annual;dsl;58;1;140,87;8422,37;4.28;1;0;0;0
51904;2024-09-28;Center-West;postpaid;monthly;fiber;27;1;100,85;2678,99;8.21;1;0;1;0
97759;2024-11-19;North;postpaid;monthly;fiber;67;1;83,22;5929,38;5.24;0;0;0;0
17986;2024-05-12;Northeast;prepaid;monthly;dsl;4;1;150,01;549,43;9.03;0;0;0;1
40288;2024-02-23;Southeast;prepaid;annual;fiber;6;0;33,3;204,04;19.3;1;0;0;0
26687;2024-10-18;South;prepaid;monthly;fiber;12;0;111,09;1309,54;16.03;1;0;1;0
58748;24/05/2024;Center-West;postpaid;annual;fiber;18;0;41,07;794,78;4.53;1;0;0;0
30476;2024-01-08;North;postpaid;monthly;fiber;31;1;68,2;2164,62;7.26;0;0;1;0
54684;10/05/2024;North;prepaid;monthly;cable;65;1;138,78;8609,51;8.44;0;0;1;0
41536;2024-07-31;North;postpaid;monthly;cable;18;1;143,21;2713,51;12.76;0;0;0;0
89316;17/08/2024;South;postpaid;monthly;cable;26;0;163,36;4158,37;13.6;0;0;0;0
75235;08/04/2024;Center-West;postpaid;annual;cable;4;1;137,32;579,7;2.96;2;0;0;1
41710;2024-05-08;Northeast;postpaid;monthly;fiber;51;0;131,21;6174,19;20.03;1;0;0;0
42192;2024-07-21;Northeast;postpaid;monthly;fiber;39;1;171,77;6519,39;8.75;1;0;0;0
71951;2024-10-30;South;prepaid;monthly;dsl;4;0;110,61;448,48;18.43;0;0;0;0
90037;30/04/2024;Northeast;prepaid;monthly;fiber;33;1;128,08;3910,0;4.38;1;0;0;0
63091;2024-05-27;Center-West;postpaid;monthly;cable;16;1;160,21;2565,47;3.58;0;1;0;0
98378;2024-09-19;Northeast;prepaid;monthly;fiber;30;0;144,55;4667,37;13.23;3;1;0;1
69634;01/03/2024;North;prepaid;annual;dsl;21;1;145,49;2788,84;7.75;0;0;0;0
92334;2024-08-19;South;postpaid;monthly;dsl;56;1;110,51;6110,74;9.23;2;0;0;0
93818;2024-02-25;North;postpaid;monthly;cable;5;0;109,18;577,97;8.91;0;0;0;0
73392;2024-09-19;South;postpaid;annual;dsl;43;1;127,31;5056,79;12.61;2;0;0;0
24395;2024-12-07;Northeast;postpaid;monthly;dsl;57;0;135,08;7008,31;12.02;1;0;0;0
84121;2024-09-15;Southeast;postpaid;annual;fiber;1;0;111,92;111,55;14.74;0;1;0;0
31776;28/07/2024;Southeast;prepaid;annual;dsl;65;0;57,82;4093,39;21.64;1;0;1;0
17503;2024-09-29;Northeast;postpaid;annual;dsl;55;0;67,26;3815,9;29.84;0;0;0;0
79446;27/07/2024;South;postpaid;annual;dsl;20;1;103,96;2228,91;18.62;1;1;0;0
71270;2024-12-25;North;postpaid;annual;dsl;35;0;60,61;;16.41;3;0;0;0
18758;2024-02-07;North;prepaid;monthly;fiber;49;0;93,52;4594,09;10.38;3;0;0;0
30581;10/06/2024;North;prepaid;annual;fiber;37;1;52,07;1761,67;1.54;1;0;1;0
50771;01/08/2024;Northeast;postpaid;monthly;cable;54;0;51,93;2581,41;7.52;0;0;0;0
17026;2024-10-03;South;prepaid;monthly;FIBRE;64;1;156,48;10446,59;13.4;1;1;1;0
62118;2024-04-26;Northeast;prepaid;annual;dsl;26;0;111,34;2988,08;3.07;0;0;1;0
72080;2024-03-21;South;postpaid;annual;dsl;8;1;147,07;1112,77;14.31;1;0;0;0
84526;10/04/2024;South;postpaid;annual;cable;31;1;31,73;1034,34;3.84;3;0;0;1
63828;2024-12-17;North;prepaid;monthly;fiber;43;1;72,84;2969,97;7.1;1;1;0;0
78241;2024-08-21;Center-West;prepaid;annual;fiber;56;1;32,65;;8.69;1;1;0;0
22326;2024-11-06;South;prepaid;monthly;cable;21;0;30,51;624,19;5.92;1;0;0;1
65757;11/09/2024;North;postpaid;annual;dsl;66;0;34,8;2389,95;7.16;1;3;0;0
86040;05/02/2024;Southeast;postpaid;annual;dsl;3;1;108,23;336,59;14.0;0;0;1;0
64732;16/09/2024;Southeast;prepaid;monthly;fiber;42;1;43,62;1950,92;15.28;0;0;0;0
68307;2024-10-19;Northeast;prepaid;annual;fiber;32;0;149,76;4582,68;15.55;2;1;1;0
94562;03/12/2024;Northeast;prepaid;monthly;cable;50;0;107,43;5265,45;15.12;0;0;0;0
52567;01/08/2024;South;prepaid;monthly;dsl;21;1;66,8;1326,01;18.26;0;2;0;1
40530;29/04/2024;Northeast;prepaid;annual;cable;67;1;155,8;10494,86;17.8;1;1;0;1
32667;2024-05-26;South;postpaid;annual;cable;1;1;106,45;96,75;19.77;2;0;0;0
25101;20/09/2024;South;prepaid;monthly;dsl;58;1;82,62;5170,01;13.62;3;0;0;0
16545;2024-02-10;North;prepaid;monthly;dsl;35;1;115,19;3902,07;18.76;2;1;0;1
39050;19/10/2024;South;postpaid;monthly;dsl;37;0;130,89;;24.56;0;1;0;0
81186;15/08/2024;Center-West;prepaid;monthly;cable;23;1;113,82;2572,03;5.23;1;0;0;0
65811;2024-06-13;North;prepaid;monthly;dsl;28;1;169,92;4593,98;15.36;0;0;1;0
73383;2024-07-09;South;prepaid;monthly;FIBRE;31;0;83,1;2658,35;4.27;1;1;1;1
18324;2024-01-01;North;prepaid;monthly;cable;23;1;91,49;2288,0;12.66;0;0;0;0
69340;2024-10-31;Northeast;prepaid;annual;dsl;1;1;158,83;159,15;6.71;0;0;0;0
58755;2024-12-10;South;postpaid;monthly;cable;29;1;125,62;3868,46;18.65;1;0;0;0
16000;2024-05-24;Center-West;prepaid;annual;fiber;29;1;174,94;4897,67;14.6;1;0;0;0
30965;2024-09-01;North;postpaid;annual;fiber;52;0;148,82;7609,4;16.07;0;0;0;0
14573;09/07/2024;Northeast;postpaid;monthly;dsl;34;0;106,94;3927,61;8.52;0;0;1;0
24603;24/02/2024;Center-West;prepaid;annual;dsl;40;1;125,21;4560,36;23.1;0;1;1;0
50997;2024-06-06;North;prepaid;monthly;FIBRE;34;1;90,91;3094,55;;0;0;0;0
90943;2024-10-18;Southeast;prepaid;monthly;fiber;31;1;49,15;1624,52;;0;0;0;0
17904;2024-01-30;Northeast;prepaid;annual;dsl;51;0;91,07;4744,49;8.39;1;0;0;0
72481;2024-07-25;Southeast;postpaid;monthly;cable;48;1;72,22;3190,35;6.13;2;0;0;0
94038;2024-06-17;North;prepaid;monthly;fiber;71;0;131,71;8528,73;7.84;1;1;0;0
89035;2024-06-28;Center-West;postpaid;annual;fiber;36;0;130,38;5051,91;9.48;1;0;0;0
69296;2024-12-15;North;postpaid;monthly; fiber ;2;1;170,61;334,81;21.48;1;0;1;1
15915;2024-05-28;Northeast;postpaid;annual;fiber;42;0;41,92;1747,7;4.0;2;1;0;0
53135;07/01/2024;North;postpaid;annual;fiber;29;0;100,14;2717,95;7.57;0;0;1;1
41568;2024-07-18;South;postpaid;monthly;dsl;7;1;89,8;624,77;15.41;0;1;0;0
72396;2024-09-25;South;postpaid;annual;dsl;61;0;109,12;6544,17;11.36;2;0;0;0
37403;2024-10-27;North;postpaid;monthly;fiber;45;0;47,93;2278,15;15.58;1;0;1;0
26113;03/06/2024;Southeast;prepaid;monthly;fiber;45;1;103,71;4287,32;25.74;1;0;0;0
57637;2024-05-13;North;prepaid;annual;cable;46;0;128,55;6076,34;10.49;0;1;0;0
87392;2024-03-05;North;prepaid;monthly;fiber;70;1;77,07;5903,34;6.02;0;0;0;0
83019;2024-04-05;Center-West;prepaid;annual;dsl;49;1;127,57;5987,96;10.3;1;0;0;0
64328;05/09/2024;Southeast;postpaid;monthly;fiber;51;0;69,85;;8.35;0;0;0;0
57576;2024-07-29;Center-West;prepaid;monthly;cable;54;0;85,4;4238,31;8.21;0;0;0;0
32431;2024-05-14;North;postpaid;annual;cable;52;1;166,09;8607,67;6.12;3;0;0;0
17886;2024-11-29;Northeast;postpaid;annual;fiber;50;0;33,76;1641,24;19.65;1;0;0;0
49654;2024-12-27;North;prepaid;monthly;dsl;6;1;70,92;444,24;3.9;1;1;0;0
84747;2024-09-01;South;postpaid;annual;dsl;29;1;170,36;5391,24;17.53;0;1;0;0
12320;2024-07-07;Center-West;prepaid;monthly;fiber;20;1;52,06;1096,17;15.47;1;1;1;1
71135;2024-09-20;South;postpaid;monthly;dsl;64;0;89,61;5379,5;3.13;2;0;0;0
23586;2024-05-30;Southeast;postpaid;annual;fiber;42;1;98,11;4382,79;12.9;0;0;0;0
88897;2024-03-15;Northeast;prepaid;annual;fiber;37;1;127,9;4288,21;4.69;1;0;0;0
48205;2024-12-17;Northeast;postpaid;monthly;cable;38;1;121,77;4796,65;10.19;1;1;0;0
55586;04/11/2024;Center-West;prepaid;annual;fiber;49;0;124,01;5525,92;10.04;1;0;0;0
65327;2024-04-14;North;postpaid;monthly;fiber;55;1;171,06;10047,91;6.89;1;0;0;0
41884;2024-01-16;Southeast;postpaid;annual;fiber;15;0;88,92;1438,19;9.8;0;0;0;0
77962;20/12/2024;Southeast;prepaid;annual;cable;71;1;103,47;7567,18;21.85;1;1;1;0
63149;2024-12-24;North;postpaid;monthly;FIBRE;55;1;174,6;9107,99;4.09;0;0;1;0
17687;2024-10-09;South;postpaid;monthly;fiber;15;0;49,22;693,96;9.26;1;0;0;1
90302;2024-07-29;Center-West;postpaid;annual;dsl;44;1;172,23;7154,77;4.16;0;0;0;0
51934;2024-07-18;Southeast;postpaid;annual;dsl;31;0;172,24;5137,13;30.08;0;0;0;0
89659;26/01/2024;Center-West;postpaid;monthly;dsl;27;0;173,02;4673,37;7.11;1;0;0;0
37647;2024-05-15;South;prepaid;monthly;cable;62;0;40,05;2261,62;6.66;2;2;0;1
84495;2024-04-21;Southeast;postpaid;monthly;fiber;21;1;116,63;2584,39;32.73;1;0;1;0
58575;2024-01-26;South;postpaid;annual;dsl;60;1;155,73;9342,25;14.17;1;1;0;0
31657;2024-01-29;Southeast;prepaid;annual;dsl;46;1;77,06;3585,92;18.23;1;0;0;0
58897;2024-12-10;North;prepaid;annual;fiber;59;1;118,58;7202,99;2.23;1;0;0;0
40379;2024-02-05;South;prepaid;monthly;cable;53;0;68,47;3382,02;17.16;1;0;0;0
98326;2024-08-20;North;prepaid;annual;dsl;45;1;49,44;2270,56;7.62;1;0;0;0
26793;2024-12-16;North;prepaid;monthly;fiber;14;1;157,84;2166,52;15.38;0;1;0;0
46136;10/07/2024;Southeast;prepaid;monthly;fiber;71;1;177,18;12500,85;16.23;0;0;0;0
75050;26/03/2024;Southeast;postpaid;monthly;fiber;46;1;40,46;1899,0;3.21;0;0;1;0
35116;2024-08-26;Southeast;prepaid;monthly;cable;26;1;48,2;1188,76;4.34;1;1;0;0
68372;2024-02-26;Southeast;prepaid;monthly;fiber;19;0;118,29;2061,39;5.16;0;0;0;0
72479;2024-11-20;Southeast;postpaid;monthly;cable;9;1;42,95;379,87;16.35;1;0;0;0
45509;2024-04-12;South;prepaid;monthly; fiber ;23;1;124,67;2668,26;4.43;1;1;0;0
64977;18/04/2024;North;prepaid;annual;cable;10;0;137,92;1262,8;3.28;1;1;0;0
73904;2024-07-26;South;postpaid;monthly;cable;64;0;92,19;6165,72;5.61;0;0;0;0
15644;2024-07-08;South;postpaid;monthly;fiber;31;0;143,44;4547,01;2.57;2;0;0;0
89852;2024-11-27;North;postpaid;monthly;fiber;45;0;47,04;1972,31;10.3;0;0;0;0
72069;2024-10-25;North;prepaid;monthly;cable;58;1;75,19;4353,83;6.96;0;1;0;0
50825;02/04/2024;South;prepaid;monthly;fiber;69;1;151,15;11293,15;5.67;0;1;0;0
59084;2024-11-18;South;postpaid;annual;FIBRE;33;0;43,25;1544,53;20.91;2;0;1;0
36792;2024-03-31;North;postpaid;monthly;cable;4;0;72,76;287,7;10.2;0;0;0;0
24693;16/09/2024;Southeast;postpaid;monthly;cable;44;0;123,17;5869,83;11.66;1;1;0;0
13116;2024-10-30;North;postpaid;annual;dsl;68;1;67,11;4881,7;9.73;2;0;1;0
10433;02/08/2024;Center-West;prepaid;monthly;cable;26;0;102,13;2454,41;13.39;1;1;0;0
13786;2024-03-31;South;prepaid;annual;dsl;8;0;155,58;1189,75;19.43;1;1;0;0
95204;2024-05-22;Southeast;postpaid;monthly;dsl;51;1;70,45;3423,34;10.57;1;0;0;0
95321;2024-11-15;Northeast;postpaid;annual;fiber;45;1;95,38;3896,21;15.09;0;0;0;0
67560;2024-03-29;Southeast;prepaid;monthly;dsl;11;1;32,74;363,59;10.63;0;2;0;1
28431;2024-02-26;Southeast;postpaid;monthly;dsl;1;1;136,26;139,29;7.59;2;0;1;1
46583;2024-08-23;Southeast;prepaid;annual;dsl;37;1;83,26;2804,44;13.03;0;0;0;0
55653;01/11/2024;Center-West;postpaid;monthly;cable;11;1;159,01;1783,87;23.32;0;0;0;1
90473;2024-09-17;Center-West;prepaid;annual;fiber;14;0;43,28;571,38;17.51;1;0;0;0
70887;2024-04-25;North;postpaid;monthly;dsl;22;1;147,33;3087,41;4.25;2;0;0;0
92356;2024-06-25;Northeast;prepaid;monthly;dsl;34;0;152,07;4682,04;13.44;0;0;0;0
98408;2024-05-20;Northeast;postpaid;annual;FIBRE;59;1;146,41;7794,46;5.66;1;0;1;0
20018;2024-12-11;Northeast;postpaid;annual;fiber;31;0;140,16;4484,38;12.08;1;1;0;1
45150;2024-08-03;North;prepaid;monthly;cable;60;1;65,67;3716,59;;1;0;0;0
53749;2024-02-27;Center-West;postpaid;monthly;FIBRE;43;1;92,51;4343,23;11.54;1;0;0;1
11710;2024-01-20;Northeast;postpaid;annual;dsl;28;0;87,89;2658,44;6.28;1;0;0;0
17004;08/07/2024;Southeast;postpaid;annual;dsl;37;1;66,16;2222,82;10.86;1;1;1;0
18152;10/06/2024;South;prepaid;annual;cable;11;1;103,75;1216,5;8.31;3;1;1;0
13167;2024-09-02;Center-West;postpaid;annual;dsl;70;1;134,63;9756,09;9.14;1;0;0;0
38135;2024-07-07;North;postpaid;monthly;fiber;22;0;101,81;2199,14;23.84;0;0;1;0
55624;2024-12-10;South;postpaid;annual; fiber ;64;0;176,17;10669,51;12.09;1;0;1;0
89444;2024-10-06;Center-West;postpaid;monthly;dsl;46;1;136,31;6355,21;9.52;0;0;1;0
99478;2024-04-05;Northeast;postpaid;monthly;fiber;21;0;96,4;2190,19;20.86;1;0;1;1
51789;2024-11-05;North;prepaid;annual;dsl;35;1;90,59;2926,52;;1;0;0;0
75680;2024-03-30;North;prepaid;annual;fiber;9;0;117,54;1146,62;6.58;1;1;0;0
13185;15/09/2024;Southeast;prepaid;monthly; fiber ;44;0;94,76;4320,45;22.98;2;0;1;1
56626;25/06/2024;South;prepaid;annual;cable;5;1;63,29;289,39;3.89;1;0;0;0
23677;18/06/2024;North;prepaid;monthly;cable;46;0;108,16;4969,38;6.27;1;0;1;0
27848;13/09/2024;Center-West;prepaid;monthly;dsl;15;1;130,91;1790,39;12.66;0;1;0;0
94094;2024-04-25;South;postpaid;annual;fiber;10;0;83,77;869,5;13.2;0;0;0;0
27180;2024-04-24;Southeast;postpaid;annual;cable;16;0;72,5;1060,56;22.16;1;1;0;0
18387;2024-01-03;North;prepaid;monthly;dsl;7;1;62,61;428,77;9.66;2;1;0;1
16658;2024-07-04;Center-West;postpaid;monthly;cable;64;0;84,42;4974,04;22.79;0;0;0;0
97259;2024-12-19;North;postpaid;monthly;fiber;67;1;66,66;4877,5;34.28;0;0;0;0
95270;16/02/2024;South;postpaid;monthly;fiber;66;0;144,46;9117,21;7.39;0;0;0;0
71113;2024-09-29;Northeast;postpaid;annual;dsl;51;1;125,81;6412,28;10.44;0;0;0;0
83281;2024-12-05;Northeast;postpaid;monthly;cable;17;0;73,04;1176,26;6.41;2;0;1;0
73191;2024-09-09;South;postpaid;annual;fiber;54;0;178,77;9773,8;;0;0;0;0
18915;2024-03-12;Center-West;postpaid;monthly;fiber;54;1;126,85;6315,01;11.24;4;0;0;0
96366;2024-04-10;North;postpaid;monthly;dsl;17;0;51,37;907,96;8.16;1;0;0;1
61567;2024-04-02;Southeast;prepaid;monthly;cable;60;0;154,4;8657,62;6.75;0;2;0;0
63356;2024-01-04;North;postpaid;annual;dsl;71;0;143,06;11078,63;7.67;1;0;0;0
12950;2024-06-03;Center-West;postpaid;annual;cable;27;1;105,0;2880,97;;2;0;0;0
43240;2024-07-16;South;postpaid;monthly;dsl;42;0;65,02;2953,67;12.16;0;1;1;0
12236;2024-02-20;North;postpaid;monthly;cable;62;1;151,63;8619,99;5.02;0;0;0;0
84534;2024-11-21;Northeast;prepaid;monthly;dsl;19;0;48,68;889,44;;1;0;0;0
29103;2024-12-14;Northeast;prepaid;monthly;fiber;71;1;92,71;6653,65;17.55;0;1;0;1
40595;2024-01-30;Center-West;postpaid;monthly;dsl;22;1;152,6;3417,92;1.55;0;0;1;0
51156;27/08/2024;Southeast;postpaid;annual;dsl;69;0;150,22;10991,82;16.81;3;0;0;0
14231;2024-09-20;North;postpaid;monthly;fiber;17;1;124,48;1911,24;7.9;1;0;0;0
44786;2024-08-29;North;postpaid;annual; fiber ;53;1;31,16;1720,22;7.96;1;0;0;0
53929;22/09/2024;Southeast;postpaid;annual;dsl;38;0;79,97;3070,7;12.61;1;0;0;0
77747;2024-03-14;Northeast;postpaid;monthly;cable;27;1;157,98;;7.91;2;0;0;0
34805;2024-01-30;Southeast;prepaid;monthly;fiber;32;1;138,2;;11.66;1;2;0;0
94404;2024-05-04;North;postpaid;annual;cable;17;0;151,59;2474,87;11.46;1;0;1;0
16295;2024-10-09;South;prepaid;monthly;fiber;48;1;39,45;1711,29;10.51;1;0;0;0
45674;11/03/2024;Southeast;postpaid;monthly; fiber ;71;1;171,12;12284,81;16.01;1;1;0;0
21189;28/08/2024;Center-West;prepaid;annual;fiber;42;1;64,36;2712,89;11.56;3;0;1;1
18069;29/01/2024;South;postpaid;monthly;fiber;20;1;79,84;1715,82;4.63;3;0;0;0
85659;02/02/2024;South;prepaid;annual;fiber;48;0;156,09;6892,13;14.71;1;0;0;0
71896;2024-06-05;Center-West;prepaid;monthly;dsl;32;1;90,93;2960,2;3.73;1;0;1;0
28650;2024-04-07;Center-West;postpaid;monthly;dsl;66;0;126,46;9175,16;;0;1;0;0
29792;2024-06-16;Southeast;postpaid;monthly;dsl;19;1;112,85;1940,47;6.02;0;0;0;0
28587;24/03/2024;South;prepaid;monthly;cable;37;0;159,91;5389,37;6.14;1;0;0;0
17917;2024-09-03;Northeast;postpaid;monthly;cable;36;1;53,42;1731,99;;1;0;0;0
50347;2024-02-05;Northeast;prepaid;monthly;fiber;63;0;44,67;2565,77;9.61;0;0;0;0
66388;2024-06-10;Center-West;prepaid;monthly;fiber;8;1;124,85;944,11;8.78;2;0;0;1
58460;2024-08-16;North;prepaid;monthly;fiber;44;1;156,7;7114,23;0.97;0;0;0;0
80388;2024-12-27;Southeast;postpaid;annual;dsl;58;1;168,47;9777,38;8.41;3;0;0;0
41084;20/09/2024;Center-West;postpaid;monthly;FIBRE;26;0;89,99;2146,06;9.73;0;0;0;0
94029;2024-06-26;Southeast;postpaid;monthly;dsl;36;1;140,23;4902,58;22.41;3;0;0;0
85403;2024-10-05;Southeast;postpaid;monthly;dsl;21;1;88,62;1825,92;7.91;0;0;0;1
34340;2024-06-12;Northeast;postpaid;monthly;dsl;30;0;77,83;2397,48;22.75;3;0;0;1
92850;2024-02-12;Northeast;postpaid;monthly;fiber;68;0;33,63;2177,56;12.13;1;0;0;0
13411;2024-04-07;Southeast;postpaid;monthly; fiber ;26;1;67,52;1581,67;20.05;0;0;0;0
71672;2024-02-08;Southeast;prepaid;monthly;fiber;15;0;55,53;760,39;7.97;0;0;0;0
65184;2024-08-12;North;prepaid;annual;cable;42;0;70,29;2686,59;18.63;0;0;0;0
50354;16/02/2024;South;prepaid;annual;dsl;34;1;73,31;2654,07;5.76;1;0;0;0
58293;2024-10-23;Northeast;postpaid;monthly;dsl;56;0;158,84;8036,68;12.16;1;1;0;1
10338;2024-01-21;North;postpaid;annual;dsl;3;1;60,51;173,62;5.55;0;0;1;0
32990;18/12/2024;North;prepaid;annual;dsl;65;1;152,89;;7.28;2;2;1;0
10556;2024-11-04;North;postpaid;annual;FIBRE;50;0;158,9;;5.37;1;0;0;0
40744;22/02/2024;South;postpaid;monthly; fiber ;60;0;99,57;6303,5;19.34;1;1;0;0
36225;24/05/2024;South;prepaid;monthly;fiber;29;1;138,68;4194,11;11.83;1;1;0;0
97659;2024-01-10;Northeast;prepaid;monthly;FIBRE;32;0;77,79;2561,99;16.43;2;0;1;0
63822;2024-11-01;North;prepaid;monthly;fiber;24;1;32,67;798,39;16.6;1;0;0;1
14487;2024-12-22;North;prepaid;annual;dsl;60;0;136,45;8930,24;5.12;2;1;0;0
62558;2024-07-13;North;postpaid;monthly;fiber;6;1;120,96;653,94;13.68;0;0;0;1
13316;01/06/2024;South;postpaid;monthly;fiber;38;0;99,2;3767,43;27.42;1;0;0;0
49468;2024-09-03;Center-West;prepaid;monthly;FIBRE;19;0;164,8;3232,9;9.72;1;0;0;1
97577;02/09/2024;North;postpaid;monthly;fiber;46;1;139,09;6563,47;12.64;0;1;0;0
70194;2024-06-04;Northeast;prepaid;monthly;fiber;69;1;93,84;7095,41;20.08;0;0;0;0
34255;2024-12-12;Center-West;prepaid;monthly;fiber;48;1;38,01;1916,23;8.89;2;1;0;1
78453;2024-12-17;Center-West;prepaid;monthly;fiber;4;1;161,41;657,99;17.54;1;0;0;0
17207;09/01/2024;Northeast;postpaid;monthly;cable;29;0;177,7;4918,81;14.78;0;0;0;0
43653;29/10/2024;Northeast;postpaid;monthly;fiber;3;0;125,18;405,27;11.21;0;0;0;0
56932;03/03/2024;North;postpaid;annual;fiber;35;0;145,23;4903,04;12.78;1;1;0;0
44140;2024-12-11;Northeast;prepaid;annual;fiber;13;0;105,9;1435,7;5.67;0;0;0;0
28655;2024-10-16;South;postpaid;monthly;fiber;50;1;65,5;3168,4;30.94;1;1;0;0
49901;2024-06-01;Northeast;prepaid;monthly;dsl;38;0;166,81;6461,12;9.56;1;0;0;0
51272;05/09/2024;Southeast;prepaid;annual;fiber;22;1;133,25;2890,3;13.02;1;0;1;0
96585;27/04/2024;Center-West;postpaid;annual;cable;61;0;112,28;6803,52;4.72;1;0;0;0
60171;12/06/2024;South;postpaid;monthly;cable;54;0;132,31;7015,37;15.06;1;0;0;0
68990;25/04/2024;Northeast;prepaid;monthly;dsl;45;0;106,78;5083,95;10.4;1;0;1;1
60453;16/12/2024;Southeast;postpaid;annual;FIBRE;26;1;38,76;1025,87;12.37;0;0;0;0
15686;07/12/2024;Southeast;postpaid;monthly;fiber;20;0;129,07;2583,47;8.32;2;1;0;1
66799;2024-08-28;Center-West;postpaid;annual;fiber;42;0;30,78;1291,21;15.04;2;0;0;0
98681;2024-05-01;Center-West;postpaid;monthly;dsl;57;0;63,05;3570,73;16.53;1;0;1;0
15606;2024-01-11;South;prepaid;monthly;fiber;60;1;53,4;3403,59;7.96;0;1;0;0
90785;2024-03-07;Southeast;postpaid;annual;dsl;56;1;81,02;4535,82;6.02;0;1;0;0
57618;07/02/2024;Center-West;prepaid;annual;fiber;2;0;166,25;332,01;;1;0;0;0
51571;2024-04-11;Center-West;prepaid;monthly;fiber;70;0;41,96;2722,2;20.58;1;1;0;1
96225;2024-11-18;Southeast;postpaid;annual;fiber;18;1;83,61;1428,34;7.51;0;0;1;0
96895;2024-08-20;Northeast;postpaid;annual;fiber;1;1;143,93;152,83;18.93;2;0;0;0
68120;2024-12-15;South;prepaid;monthly;dsl;40;1;159,46;6792,67;11.44;1;1;1;0
56546;2024-04-10;Northeast;postpaid;annual;dsl;33;0;140,42;4495,3;8.95;1;0;0;0
79100;30/03/2024;North;postpaid;monthly;fiber;8;1;174,78;1313,62;3.15;2;0;1;1
57464;24/06/2024;Southeast;postpaid;monthly;fiber;16;1;134,39;2274,98;27.19;1;1;0;1
84363;22/03/2024;South;prepaid;annual;cable;15;1;141,72;2302,3;10.92;0;0;1;0
77494;2024-11-22;North;prepaid;monthly;FIBRE;32;1;93,31;3105,59;8.58;0;0;0;0
48791;2024-01-16;Northeast;prepaid;annual;dsl;54;1;75,31;3967,7;11.29;2;0;0;0
74840;2024-08-25;Southeast;prepaid;monthly;fiber;49;0;99,28;4858,61;12.38;2;1;0;0
24549;2024-02-12;Center-West;prepaid;monthly;dsl;2;0;145,19;312,25;7.34;1;0;0;0
40668;2024-09-09;Northeast;prepaid;monthly;dsl;13;1;127,54;;9.18;1;3;0;0
11818;2024-03-29;Center-West;prepaid;annual;fiber;44;0;145,78;5833,99;5.44;0;0;0;0
32302;2024-09-25;Center-West;prepaid;annual;dsl;58;0;124,14;7786,84;7.52;0;0;0;0
74193;2024-11-28;Southeast;postpaid;monthly;dsl;3;0;139,97;425,98;10.46;0;0;0;0
94461;05/04/2024;Southeast;postpaid;monthly;fiber;24;1;53,35;1315,72;4.71;0;1;0;0
33448;2024-02-19;Northeast;prepaid;monthly;dsl;9;0;78,55;655,78;9.72;1;0;0;0
26651;30/06/2024;Southeast;postpaid;monthly;fiber;35;0;114,18;4177,28;9.19;2;1;0;0
48456;29/01/2024;Southeast;prepaid;annual;fiber;28;0;32,48;921,01;7.85;2;0;0;0
36120;27/10/2024;North;prepaid;annual;cable;13;1;166,84;2097,93;17.36;0;1;1;0
31257;2024-12-23;Center-West;postpaid;monthly;cable;69;1;65,92;4702,94;5.54;0;1;1;0
51198;2024-12-28;Northeast;prepaid;monthly;fiber;55;1;43,28;2579,45;11.36;1;1;0;0
28966;2024-02-09;North;prepaid;annual;dsl;39;0;129,64;5480,49;7.54;2;0;0;0
70534;2024-12-30;Southeast;prepaid;monthly;fiber;55;1;59,06;2946,2;11.7;0;0;0;0
98279;03/03/2024;South;postpaid;monthly;dsl;23;1;114,29;2414,29;11.45;1;1;0;0
64197;2024-02-22;Northeast;postpaid;annual;fiber;67;0;67,35;4554,22;31.84;2;0;1;0
27606;2024-07-11;Southeast;prepaid;monthly;dsl;30;0;54,89;1688,4;38.72;1;1;0;0
67223;2024-07-25;North;prepaid;monthly;fiber;28;0;140,25;4267,75;6.95;0;0;0;0
31201;2024-04-09;Southeast;prepaid;monthly;fiber;41;0;88,26;3702,74;10.17;0;0;0;0
75381;2024-09-02;South;postpaid;annual;cable;42;1;116,17;5169,84;6.83;0;0;0;0
29474;31/05/2024;South;prepaid;monthly;fiber;44;0;62,42;2860,36;;0;0;1;0
26588;2024-10-25;Northeast;postpaid;annual;fiber;60;0;112,86;6681,57;7.06;0;0;1;0
69898;01/06/2024;Center-West;postpaid;monthly;fiber;20;1;93,18;1802,47;6.84;0;0;0;0
16918;11/08/2024;Southeast;prepaid;monthly;dsl;51;0;37,68;1974,98;8.46;0;0;0;0
65471;28/07/2024;Northeast;postpaid;annual;fiber;15;1;139,0;2145,64;8.64;3;0;0;0
18185;2024-10-30;Northeast;prepaid;monthly;dsl;18;0;112,85;1972,75;2.39;1;0;0;0
83738;2024-01-08;Center-West;prepaid;monthly;fiber;36;0;169,1;5851,94;8.95;1;0;0;0
94124;2024-02-28;Center-West;prepaid;monthly;dsl;38;0;151,19;5299,67;27.94;1;0;0;0
66749;23/10/2024;Southeast;postpaid;annual;cable;46;1;115,67;4890,12;7.02;0;0;0;0
80776;2024-03-24;Northeast;postpaid;monthly;fiber;10;1;36,46;334,53;17.29;0;0;0;1
28262;09/05/2024;North;postpaid;annual;dsl;58;0;142,79;8612,69;13.86;1;1;0;0
53842;05/07/2024;Southeast;prepaid;monthly;fiber;40;1;112,36;4523,35;8.41;0;0;0;0
39605;2024-12-29;South;prepaid;monthly;fiber;43;1;155,25;7176,2;6.36;3;1;0;1
85397;2024-11-17;Center-West;postpaid;monthly;dsl;54;1;116,66;;;2;0;0;0
29398;2024-11-08;North;prepaid;monthly;cable;50;0;30,3;1666,23;6.36;0;0;1;0
60418;2024-07-31;South;prepaid;annual;cable;31;0;152,24;4674,53;4.59;1;2;0;0
44333;2024-01-07;South;postpaid;monthly;cable;35;1;149,89;5546,9;3.23;2;0;0;0
53048;2024-03-13;Center-West;postpaid;annual;fiber;17;0;44,91;722,18;5.97;0;0;0;0
90470;2024-11-02;South;postpaid;monthly;dsl;41;0;132,57;5238,2;18.12;0;0;0;0
63425;11/05/2024;Southeast;prepaid;monthly;fiber;15;0;108,92;1510,31;14.84;1;0;0;0
21080;2024-03-14;North;prepaid;monthly;cable;46;1;118,49;5290,2;7.75;1;0;0;0
17361;2024-03-10;Center-West;prepaid;annual;dsl;30;0;163,4;4777,19;19.37;1;1;0;0
14989;2024-01-01;Southeast;postpaid;monthly;fiber;17;0;67,44;1106,29;6.38;1;0;1;0
57515;10/06/2024;South;prepaid;monthly;cable;34;1;31,97;1175,42;4.05;0;0;0;0
94748;17/01/2024;North;prepaid;annual;dsl;67;0;61,28;4392,73;26.34;0;1;0;0
29429;2024-03-19;Southeast;prepaid;annual;cable;40;0;167,27;6164,06;11.92;1;1;0;0
97954;2024-11-09;Northeast;postpaid;monthly;dsl;25;1;61,71;1509,39;13.97;0;0;0;0
38474;04/08/2024;South;postpaid;annual;cable;32;0;131,18;4043,26;6.73;1;0;1;0
44843;2024-05-08;Southeast;postpaid;monthly;dsl;43;1;148,45;6932,78;7.19;0;0;1;0
27877;13/07/2024;South;prepaid;monthly;dsl;11;1;151,98;1705,87;7.87;0;0;0;0
70420;30/04/2024;Center-West;postpaid;monthly;dsl;40;0;31,57;1361,33;14.74;0;0;0;0
77697;28/09/2024;Center-West;prepaid;annual;fiber;3;1;31,41;92,61;1.19;1;0;1;0
26777;2024-10-20;North;prepaid;monthly;fiber;61;0;178,35;11137,48;5.36;2;0;0;0
80272;2024-07-09;North;prepaid;annual;cable;44;0;109,11;4453,91;6.03;1;0;0;0
58659;2024-12-28;Center-West;postpaid;annual;cable;9;1;39,56;328,76;15.83;1;0;0;0
47791;2024-01-20;Southeast;prepaid;monthly;cable;34;1;34,02;1182,8;36.96;0;0;0;0
90801;2024-11-24;Northeast;postpaid;monthly;fiber;63;1;151,62;9674,07;9.31;1;0;0;0
62031;29/07/2024;Northeast;postpaid;annual;fiber;69;0;165,74;12335,96;5.23;2;1;0;0
20786;2024-12-17;Northeast;prepaid;monthly;cable;10;1;108,67;1127,31;4.98;2;0;0;0
11581;03/07/2024;South;postpaid;monthly; fiber ;20;0;85,76;1616,67;11.08;1;0;0;0
24479;2024-02-02;Northeast;postpaid;monthly;fiber;11;0;135,35;1495,06;21.28;0;0;1;0
71211;2024-08-25;Northeast;prepaid;annual;fiber;27;0;33,36;818,26;17.11;0;1;0;0
67784;2024-05-29;Center-West;postpaid;monthly;cable;62;0;164,84;10536,96;12.82;0;1;0;1
92422;2024-12-01;Southeast;prepaid;monthly;dsl;51;1;68,41;3225,46;4.81;0;1;0;0
38830;2024-03-29;Northeast;prepaid;monthly;fiber;19;1;58,64;1095,31;;1;0;0;1
82829;2024-01-13;Center-West;postpaid;monthly;dsl;24;1;76,62;1669,15;3.82;4;0;0;0
21362;13/08/2024;South;postpaid;annual;fiber;44;1;39,56;1798,67;23.1;0;0;0;0
27572;2024-07-01;Northeast;prepaid;monthly;dsl;43;0;88,43;3942,47;6.75;0;1;0;0
15742;19/12/2024;Southeast;prepaid;annual;dsl;33;0;137,21;4207,52;8.24;0;0;0;0
10469;29/07/2024;Northeast;postpaid;annual;dsl;30;1;104,73;2937,92;19.61;0;0;0;0
91891;18/12/2024;Northeast;prepaid;monthly;fiber;67;1;130,2;8413,7;8.03;2;0;0;0
22231;2024-10-31;Southeast;postpaid;annual;fiber;36;1;62,07;2455,84;23.75;0;1;1;0
93496;30/08/2024;Southeast;postpaid;annual;fiber;56;1;89,68;5410,46;0.62;1;0;1;0
90880;2024-11-05;Northeast;postpaid;annual;cable;69;1;107,92;;6.24;0;2;0;0
86886;2024-10-09;South;prepaid;annual;fiber;24;0;115,88;2951,65;;1;0;0;0
83246;2024-08-03;North;postpaid;monthly;fiber;56;1;57,96;2923,82;16.48;1;1;0;0
53980;14/11/2024;Southeast;prepaid;annual;fiber;58;0;151,15;8094,4;6.51;2;0;0;0
46709;2024-05-21;Center-West;prepaid;monthly;cable;16;1;43,53;728,3;4.48;1;1;0;1
23266;2024-06-09;North;prepaid;annual;dsl;17;1;44,74;820,75;13.01;1;0;0;1
57864;2024-04-16;Center-West;prepaid;monthly;fiber;12;1;67,46;747,18;9.55;1;1;1;0
66621;2024-07-20;Southeast;postpaid;monthly;dsl;44;1;128,14;5958,3;1.71;1;0;0;0
67953;04/08/2024;South;postpaid;annual;fiber;55;1;41,56;2084,32;4.66;0;0;0;0
61014;2024-11-15;Northeast;postpaid;annual;dsl;54;0;31,16;1631,68;15.14;1;0;0;0
25245;2024-01-01;Northeast;postpaid;monthly;cable;28;0;100,83;2974,03;12.59;2;0;0;0
14918;23/05/2024;Northeast;postpaid;annual;dsl;50;0;82,0;4082,34;;2;0;0;0
93614;2024-04-14;Center-West;postpaid;annual;cable;3;0;53,51;168,39;4.19;1;1;0;1
96538;2024-05-17;Center-West;postpaid;annual;dsl;47;0;128,39;5773,15;14.17;1;0;0;0
95017;13/07/2024;Southeast;postpaid;annual;fiber;34;0;126,21;4436,15;18.34;0;0;1;0
38845;31/10/2024;South;postpaid;annual;dsl;59;1;48,28;3013,44;12.99;1;1;1;0
82312;2024-04-16;Center-West;prepaid;annual;dsl;69;1;64,47;4180,36;5.38;0;1;1;0
72391;14/11/2024;North;postpaid;monthly;fiber;40;0;84,75;3177,15;7.14;0;2;0;0
18611;2024-12-16;Center-West;prepaid;monthly;dsl;45;0;178,51;7301,97;28.11;1;0;1;0
79467;2024-10-04;North;prepaid;annual; fiber ;66;0;145,29;9363,17;10.61;1;0;0;0
33445;2024-01-02;Southeast;postpaid;annual;fiber;25;0;80,57;1818,45;30.37;3;0;0;0
68259;2024-06-19;North;prepaid;monthly;cable;11;0;174,82;1933,54;7.26;1;0;0;0
48017;2024-06-26;Center-West;prepaid;monthly;fiber;36;1;98,24;3379,23;9.35;0;0;1;0
50727;2024-05-30;Northeast;prepaid;monthly;cable;26;1;87,05;2484,68;4.07;0;0;0;0
95786;2024-11-22;Southeast;prepaid;annual;fiber;46;1;171,64;8482,71;4.92;1;0;1;0
82547;2024-02-13;South;postpaid;annual;dsl;56;1;140,43;7942,17;4.12;0;0;1;0
49360;2024-02-08;Center-West;postpaid;monthly;cable;36;0;112,18;4360,85;5.28;0;1;1;0
97315;27/04/2024;Center-West;postpaid;monthly;dsl;22;1;120,1;2886,75;14.13;0;0;0;0
51660;20/03/2024;Northeast;postpaid;monthly;cable;41;0;175,92;7357,21;27.55;1;0;0;1
70990;25/03/2024;Southeast;postpaid;annual;fiber;32;0;52,94;1645,92;10.63;0;0;0;0
